Name,Speed,Module,First Word Latency,CAS Latency,Price Per GB,Color,Rating,Review Count,Price_2018_01,Price_2018_02,Price_2018_03,Price_2018_04,Price_2018_05,Price_2018_06,Price_2018_07,Price_2018_08,Price_2018_09,Price_2018_10,Price_2018_11,Price_2018_12,Price_2019_01,Price_2019_02,Price_2019_03,Price_2019_04,Price_2019_05,Price_2019_06,Price_2019_07,Price_2019_08,Price_2019_09,Price_2019_10,Price_2019_11,Price_2019_12,Price_2020_01,Price_2020_02,Price_2020_03,Price_2020_04,Price_2020_05,Price_2020_06,Price_2020_07,Price_2020_08,Price_2020_09,Price_2020_10,Price_2020_11,Price_2020_12,Price_2021_01,Price_2021_02,Price_2021_03,Price_2021_04,Price_2021_05,Price_2021_06,Price_2021_07,Price_2021_08,Price_2021_09,Price_2021_10,Price_2021_11,Price_2021_12,Price_2022_01,Price_2022_02,Price_2022_03,Price_2022_04,Price_2022_05,Price_2022_06,Price_2022_07,Price_2022_08,Price_2022_09,Price_2022_10,Price_2022_11,Price_2022_12,Price_2023_01,Price_2023_02,Price_2023_03,Price_2023_04,Price_2023_05,Price_2023_06,Price_2023_07,Price_2023_08,Price_2023_09,Price_2023_10,Price_2023_11,Price_2023_12,Price_2024_01,Price_2024_02,Price_2024_03,Price_2024_04,Price_2024_05,Price_2024_06,Price_2024_07,Price_2024_08,Price_2024_09,Price_2024_10,Price_2024_11,Price_2024_12,Price_2025_01,Price_2025_02,Price_2025_03,Price_2025_04,Price_2025_05,Price_2025_06,Price_2025_07,Price_2025_08,Price_2025_09,Price_2025_10,Price_2025_11,Price_2025_12,Price_2026_01,Price_2026_02,Price_Current_2026_2_18
Crucial Pro Overclocking 32 GB,DDR5-6000,2 x 16GB,12 ns,36,$8.56,Black,4.5,45,,,,,,,,,,,,,,,,,,,,,,,,,,,,,,,,,,,,,,,,,,,,,,,$684.98,$684.98,$662.14,$639.31,$616.48,$593.64,$570.81,$547.98,$525.15,$502.32,$479.48,$456.65,$433.82,$410.99,$395.00,$379.02,$363.04,$347.05,$331.07,$315.09,$299.11,$283.12,$267.14,$251.16,$235.17,$219.19,$212.34,$205.49,$198.64,$191.79,$184.94,$178.09,$171.24,$164.39,$157.54,$150.69,$143.84,$137.00,$141.56,$146.13,$150.69,$155.26,$159.83,$232.89,$239.74,$246.59,$253.44,$115.08,$186.31,$273.99,$347.97,$326.05,$325.99
Corsair Vengeance RGB 32 GB,DDR5-6000,2 x 16GB,12 ns,36,$12.75,Black,4.5,89,,,,,,,,,,,,,,,,,,,,,,,,,,,,,,,,,,,,,,,,,,,,,,,"$1,019.98","$1,019.98",$985.98,$951.98,$917.98,$883.98,$849.98,$815.98,$781.98,$747.98,$713.98,$679.98,$645.98,$611.99,$588.19,$564.39,$540.59,$516.79,$492.99,$469.19,$445.39,$421.59,$397.79,$373.99,$350.19,$326.39,$316.19,$305.99,$295.79,$285.59,$275.39,$265.19,$254.99,$244.79,$234.59,$224.39,$214.19,$204.00,$210.79,$217.59,$224.39,$231.19,$237.99,$346.79,$356.99,$367.19,$377.39,$171.36,$277.43,$407.99,$518.15,$485.51,$439.99
Corsair Vengeance LPX 32 GB,DDR4-3200,2 x 16GB,10 ns,16,$5.34,Black / Yellow,4.5,72,$240.81,$242.24,$243.66,$245.09,$246.51,$247.94,$249.36,$250.79,$252.21,$253.64,$255.06,$256.49,$213.74,$205.19,$196.64,$188.09,$179.54,$170.99,$162.44,$153.89,$145.34,$136.79,$128.24,$119.69,$104.02,$105.44,$106.87,$108.29,$109.72,$111.14,$112.57,$113.99,$115.42,$116.84,$118.27,$119.69,$122.54,$125.39,$128.24,$131.09,$133.94,$136.79,$139.64,$142.49,$145.34,$148.19,$151.04,$153.89,$149.62,$145.34,$141.07,$136.79,$132.52,$128.24,$123.97,$119.69,$115.42,$111.14,$106.87,$102.59,$99.74,$96.89,$94.04,$91.19,$88.34,$85.50,$82.65,$79.80,$76.95,$74.10,$71.25,$68.40,$69.82,$71.25,$72.67,$74.10,$75.52,$76.95,$78.37,$79.80,$81.22,$82.65,$84.07,$85.50,$88.34,$91.19,$94.04,$96.89,$99.74,$145.34,$149.62,$153.89,$158.17,$71.82,$116.27,$170.99,$249.65,$273.58,$269.00
G.Skill Flare X5 32 GB,DDR5-6000,2 x 16GB,12 ns,36,$11.41,Black,4.5,110,,,,,,,,,,,,,,,,,,,,,,,,,,,,,,,,,,,,,,,,,,,,,,,$912.50,$912.50,$882.08,$851.67,$821.25,$790.83,$760.42,$730.00,$699.58,$669.17,$638.75,$608.33,$577.92,$547.50,$526.21,$504.92,$483.62,$462.33,$441.04,$419.75,$398.46,$377.17,$355.88,$334.58,$313.29,$292.00,$282.88,$273.75,$264.63,$255.50,$246.38,$237.25,$228.12,$219.00,$209.88,$200.75,$191.63,$182.50,$188.58,$194.67,$200.75,$206.83,$212.92,$310.25,$319.38,$328.50,$337.62,$153.30,$248.20,$365.00,$463.55,$434.35,$449.99
Corsair Vengeance LPX 16 GB,DDR4-3200,2 x 8GB,10 ns,16,$7.06,Black / Yellow,4.5,511,$159.13,$160.07,$161.01,$161.95,$162.89,$163.84,$164.78,$165.72,$166.66,$167.60,$168.54,$169.48,$141.24,$135.59,$129.94,$124.29,$118.64,$112.99,$107.34,$101.69,$96.04,$90.39,$84.74,$79.09,$68.74,$69.68,$70.62,$71.56,$72.50,$73.44,$74.39,$75.33,$76.27,$77.21,$78.15,$79.09,$80.98,$82.86,$84.74,$86.63,$88.51,$90.39,$92.28,$94.16,$96.04,$97.92,$99.81,$101.69,$98.87,$96.04,$93.22,$90.39,$87.57,$84.74,$81.92,$79.09,$76.27,$73.44,$70.62,$67.79,$65.91,$64.03,$62.14,$60.26,$58.38,$56.49,$54.61,$52.73,$50.85,$48.96,$47.08,$45.20,$46.14,$47.08,$48.02,$48.96,$49.90,$50.85,$51.79,$52.73,$53.67,$54.61,$55.55,$56.49,$58.38,$60.26,$62.14,$64.03,$65.91,$96.04,$98.87,$101.69,$104.52,$47.46,$76.83,$112.99,$164.97,$180.78,$144.99
Crucial Pro 32 GB,DDR5-5600,2 x 16GB,16.429 ns,46,$8.16,Black,5.0,6,,,,,,,,,,,,,,,,,,,,,,,,,,,,,,,,,,,,,,,,,,,,,,,$652.48,$652.48,$630.73,$608.98,$587.23,$565.48,$543.73,$521.98,$500.23,$478.48,$456.73,$434.98,$413.23,$391.49,$376.26,$361.04,$345.81,$330.59,$315.36,$300.14,$284.91,$269.69,$254.47,$239.24,$224.02,$208.79,$202.27,$195.74,$189.22,$182.69,$176.17,$169.64,$163.12,$156.59,$150.07,$143.54,$137.02,$130.50,$134.84,$139.19,$143.54,$147.89,$152.24,$221.84,$228.37,$234.89,$241.42,$109.62,$177.47,$260.99,$331.46,$310.58,$323.99
Corsair Vengeance RGB 64 GB,DDR5-6000,2 x 32GB,10 ns,30,$13.77,Black,4.5,23,,,,,,,,,,,,,,,,,,,,,,,,,,,,,,,,,,,,,,,,,,,,,,,"$2,202.47","$2,202.47","$2,129.06","$2,055.64","$1,982.23","$1,908.81","$1,835.40","$1,761.98","$1,688.56","$1,615.15","$1,541.73","$1,468.32","$1,394.90","$1,321.49","$1,270.09","$1,218.70","$1,167.31","$1,115.92","$1,064.53","$1,013.14",$961.75,$910.36,$858.97,$807.57,$756.18,$704.79,$682.77,$660.74,$638.72,$616.69,$594.67,$572.64,$550.62,$528.59,$506.57,$484.54,$462.52,$440.50,$455.18,$469.86,$484.54,$499.23,$513.91,$748.84,$770.87,$792.89,$814.92,$370.02,$599.07,$880.99,"$1,118.86","$1,048.38","$1,048.38"
G.Skill Trident Z5 Neo RGB 32 GB,DDR5-6000,2 x 16GB,10 ns,30,$15.47,Black,4.5,127,,,,,,,,,,,,,,,,,,,,,,,,,,,,,,,,,,,,,,,,,,,,,,,"$1,237.47","$1,237.47","$1,196.23","$1,154.98","$1,113.73","$1,072.48","$1,031.23",$989.98,$948.73,$907.48,$866.23,$824.98,$783.73,$742.49,$713.61,$684.74,$655.86,$626.99,$598.11,$569.24,$540.36,$511.49,$482.62,$453.74,$424.87,$395.99,$383.62,$371.24,$358.87,$346.49,$334.12,$321.74,$309.37,$296.99,$284.62,$272.24,$259.87,$247.50,$255.74,$263.99,$272.24,$280.49,$288.74,$420.74,$433.12,$445.49,$457.87,$207.90,$336.59,$494.99,$628.64,$589.04,$589.04
Silicon Power GAMING 16 GB,DDR4-3200,2 x 8GB,10 ns,16,$7.30,Black / Gray,4.5,67,$164.48,$165.45,$166.43,$167.40,$168.37,$169.35,$170.32,$171.29,$172.27,$173.24,$174.21,$175.19,$145.99,$140.15,$134.31,$128.47,$122.63,$116.79,$110.95,$105.11,$99.27,$93.43,$87.59,$81.75,$71.05,$72.02,$72.99,$73.97,$74.94,$75.91,$76.89,$77.86,$78.83,$79.81,$80.78,$81.75,$83.70,$85.65,$87.59,$89.54,$91.49,$93.43,$95.38,$97.33,$99.27,$101.22,$103.16,$105.11,$102.19,$99.27,$96.35,$93.43,$90.51,$87.59,$84.67,$81.75,$78.83,$75.91,$72.99,$70.07,$68.13,$66.18,$64.23,$62.29,$60.34,$58.40,$56.45,$54.50,$52.56,$50.61,$48.66,$46.72,$47.69,$48.66,$49.64,$50.61,$51.58,$52.56,$53.53,$54.50,$55.48,$56.45,$57.42,$58.40,$60.34,$62.29,$64.23,$66.18,$68.13,$99.27,$102.19,$105.11,$108.03,$49.05,$79.42,$116.79,$170.51,$186.86,$169.35
Corsair Vengeance RGB 32 GB,DDR5-6000,2 x 16GB,12 ns,36,$12.75,White / Silver,4.5,19,,,,,,,,,,,,,,,,,,,,,,,,,,,,,,,,,,,,,,,,,,,,,,,"$1,019.98","$1,019.98",$985.98,$951.98,$917.98,$883.98,$849.98,$815.98,$781.98,$747.98,$713.98,$679.98,$645.98,$611.99,$588.19,$564.39,$540.59,$516.79,$492.99,$469.19,$445.39,$421.59,$397.79,$373.99,$350.19,$326.39,$316.19,$305.99,$295.79,$285.59,$275.39,$265.19,$254.99,$244.79,$234.59,$224.39,$214.19,$204.00,$210.79,$217.59,$224.39,$231.19,$237.99,$346.79,$356.99,$367.19,$377.39,$171.36,$277.43,$407.99,$518.15,$485.51,$439.99
Kingston FURY Beast 32 GB,DDR5-6000,2 x 16GB,10 ns,30,$14.68,Black,5.0,29,,,,,,,,,,,,,,,,,,,,,,,,,,,,,,,,,,,,,,,,,,,,,,,"$1,174.22","$1,174.22","$1,135.08","$1,095.94","$1,056.80","$1,017.66",$978.52,$939.38,$900.24,$861.10,$821.96,$782.82,$743.68,$704.53,$677.14,$649.74,$622.34,$594.94,$567.54,$540.14,$512.74,$485.35,$457.95,$430.55,$403.15,$375.75,$364.01,$352.27,$340.53,$328.78,$317.04,$305.30,$293.56,$281.81,$270.07,$258.33,$246.59,$234.84,$242.67,$250.50,$258.33,$266.16,$273.99,$399.24,$410.98,$422.72,$434.46,$197.27,$319.39,$469.69,$596.51,$558.93,$558.93
Corsair Vengeance 32 GB,DDR5-6000,2 x 16GB,10 ns,30,$13.38,Black / Gray,4.5,78,,,,,,,,,,,,,,,,,,,,,,,,,,,,,,,,,,,,,,,,,,,,,,,"$1,069.97","$1,069.97","$1,034.31",$998.64,$962.98,$927.31,$891.65,$855.98,$820.31,$784.65,$748.98,$713.32,$677.65,$641.99,$617.02,$592.05,$567.09,$542.12,$517.15,$492.19,$467.22,$442.26,$417.29,$392.32,$367.36,$342.39,$331.69,$320.99,$310.29,$299.59,$288.89,$278.19,$267.49,$256.79,$246.09,$235.39,$224.69,$214.00,$221.13,$228.26,$235.39,$242.53,$249.66,$363.79,$374.49,$385.19,$395.89,$179.76,$291.03,$427.99,$543.55,$509.31,$509.31
Crucial Pro 32 GB,DDR5-6400,2 x 16GB,11.875 ns,38,$9.16,Black,0.0,0,,,,,,,,,,,,,,,,,,,,,,,,,,,,,,,,,,,,,,,,,,,,,,,$732.48,$732.48,$708.06,$683.64,$659.23,$634.81,$610.40,$585.98,$561.56,$537.15,$512.73,$488.32,$463.90,$439.49,$422.39,$405.30,$388.21,$371.12,$354.03,$336.94,$319.85,$302.76,$285.67,$268.57,$251.48,$234.39,$227.07,$219.74,$212.42,$205.09,$197.77,$190.44,$183.12,$175.79,$168.47,$161.14,$153.82,$146.50,$151.38,$156.26,$161.14,$166.03,$170.91,$249.04,$256.37,$263.69,$271.02,$123.06,$199.23,$292.99,$372.10,$348.66,$323.99
Corsair Vengeance RGB Pro 16 GB,DDR4-3200,2 x 8GB,10 ns,16,$7.81,Black,4.5,385,$176.03,$177.07,$178.11,$179.15,$180.19,$181.24,$182.28,$183.32,$184.36,$185.40,$186.44,$187.48,$156.24,$149.99,$143.74,$137.49,$131.24,$124.99,$118.74,$112.49,$106.24,$99.99,$93.74,$87.49,$76.04,$77.08,$78.12,$79.16,$80.20,$81.24,$82.29,$83.33,$84.37,$85.41,$86.45,$87.49,$89.58,$91.66,$93.74,$95.83,$97.91,$99.99,$102.08,$104.16,$106.24,$108.32,$110.41,$112.49,$109.37,$106.24,$103.12,$99.99,$96.87,$93.74,$90.62,$87.49,$84.37,$81.24,$78.12,$74.99,$72.91,$70.83,$68.74,$66.66,$64.58,$62.49,$60.41,$58.33,$56.25,$54.16,$52.08,$50.00,$51.04,$52.08,$53.12,$54.16,$55.20,$56.25,$57.29,$58.33,$59.37,$60.41,$61.45,$62.49,$64.58,$66.66,$68.74,$70.83,$72.91,$106.24,$109.37,$112.49,$115.62,$52.50,$84.99,$124.99,$182.49,$199.98,$181.24
Kingston FURY Beast RGB 32 GB,DDR5-6000,2 x 16GB,10 ns,30,$11.56,Black,4.5,13,,,,,,,,,,,,,,,,,,,,,,,,,,,,,,,,,,,,,,,,,,,,,,,$924.98,$924.98,$894.14,$863.31,$832.48,$801.64,$770.81,$739.98,$709.15,$678.32,$647.48,$616.65,$585.82,$554.99,$533.40,$511.82,$490.24,$468.65,$447.07,$425.49,$403.91,$382.32,$360.74,$339.16,$317.57,$295.99,$286.74,$277.49,$268.24,$258.99,$249.74,$240.49,$231.24,$221.99,$212.74,$203.49,$194.24,$185.00,$191.16,$197.33,$203.49,$209.66,$215.83,$314.49,$323.74,$332.99,$342.24,$155.40,$251.59,$369.99,$469.89,$440.29,$440.29
Patriot Viper Venom 32 GB,DDR5-6000,2 x 16GB,10 ns,30,$10.94,Black / White,4.5,24,,,,,,,,,,,,,,,,,,,,,,,,,,,,,,,,,,,,,,,,,,,,,,,$874.98,$874.98,$845.81,$816.64,$787.48,$758.31,$729.15,$699.98,$670.81,$641.65,$612.48,$583.32,$554.15,$524.99,$504.57,$484.15,$463.74,$443.32,$422.90,$402.49,$382.07,$361.66,$341.24,$320.82,$300.41,$279.99,$271.24,$262.49,$253.74,$244.99,$236.24,$227.49,$218.74,$209.99,$201.24,$192.49,$183.74,$175.00,$180.83,$186.66,$192.49,$198.33,$204.16,$297.49,$306.24,$314.99,$323.74,$147.00,$237.99,$349.99,$444.49,$416.49,$416.49
G.Skill Trident Z5 Neo RGB 64 GB,DDR5-6000,2 x 32GB,10 ns,30,$13.59,Black / Silver,4.5,51,,,,,,,,,,,,,,,,,,,,,,,,,,,,,,,,,,,,,,,,,,,,,,,"$2,174.97","$2,174.97","$2,102.48","$2,029.98","$1,957.48","$1,884.98","$1,812.48","$1,739.98","$1,667.48","$1,594.98","$1,522.48","$1,449.98","$1,377.48","$1,304.99","$1,254.24","$1,203.49","$1,152.74","$1,101.99","$1,051.24","$1,000.49",$949.74,$898.99,$848.24,$797.49,$746.74,$695.99,$674.24,$652.49,$630.74,$608.99,$587.24,$565.49,$543.74,$521.99,$500.24,$478.49,$456.74,$435.00,$449.49,$463.99,$478.49,$492.99,$507.49,$739.49,$761.24,$782.99,$804.74,$365.40,$591.59,$869.99,"$1,104.89","$1,035.29","$1,035.29"
Corsair Vengeance LPX 16 GB,DDR4-2666,2 x 8GB,12.003 ns,16,$6.06,Black,4.5,4,$136.59,$137.40,$138.21,$139.02,$139.83,$140.64,$141.44,$142.25,$143.06,$143.87,$144.68,$145.48,$121.24,$116.39,$111.54,$106.69,$101.84,$96.99,$92.14,$87.29,$82.44,$77.59,$72.74,$67.89,$59.00,$59.81,$60.62,$61.43,$62.24,$63.04,$63.85,$64.66,$65.47,$66.28,$67.08,$67.89,$69.51,$71.13,$72.74,$74.36,$75.98,$77.59,$79.21,$80.82,$82.44,$84.06,$85.67,$87.29,$84.87,$82.44,$80.02,$77.59,$75.17,$72.74,$70.32,$67.89,$65.47,$63.04,$60.62,$58.19,$56.58,$54.96,$53.34,$51.73,$50.11,$48.49,$46.88,$45.26,$43.65,$42.03,$40.41,$38.80,$39.60,$40.41,$41.22,$42.03,$42.84,$43.65,$44.45,$45.26,$46.07,$46.88,$47.69,$48.49,$50.11,$51.73,$53.34,$54.96,$56.58,$82.44,$84.87,$87.29,$89.72,$40.74,$65.95,$96.99,$141.61,$155.18,$144.99
G.Skill Ripjaws V 16 GB,DDR4-3200,2 x 8GB,10 ns,16,$7.81,Black,4.5,237,$176.03,$177.07,$178.11,$179.15,$180.19,$181.24,$182.28,$183.32,$184.36,$185.40,$186.44,$187.48,$156.24,$149.99,$143.74,$137.49,$131.24,$124.99,$118.74,$112.49,$106.24,$99.99,$93.74,$87.49,$76.04,$77.08,$78.12,$79.16,$80.20,$81.24,$82.29,$83.33,$84.37,$85.41,$86.45,$87.49,$89.58,$91.66,$93.74,$95.83,$97.91,$99.99,$102.08,$104.16,$106.24,$108.32,$110.41,$112.49,$109.37,$106.24,$103.12,$99.99,$96.87,$93.74,$90.62,$87.49,$84.37,$81.24,$78.12,$74.99,$72.91,$70.83,$68.74,$66.66,$64.58,$62.49,$60.41,$58.33,$56.25,$54.16,$52.08,$50.00,$51.04,$52.08,$53.12,$54.16,$55.20,$56.25,$57.29,$58.33,$59.37,$60.41,$61.45,$62.49,$64.58,$66.66,$68.74,$70.83,$72.91,$106.24,$109.37,$112.49,$115.62,$52.50,$84.99,$124.99,$182.49,$199.98,$129.99
Patriot Viper Elite 5 16 GB,DDR5-6000,1 x 16GB,10 ns,30,$10.62,White,5.0,1,,,,,,,,,,,,,,,,,,,,,,,,,,,,,,,,,,,,,,,,,,,,,,,$424.98,$424.98,$410.81,$396.64,$382.48,$368.31,$354.15,$339.98,$325.81,$311.65,$297.48,$283.32,$269.15,$254.99,$245.07,$235.15,$225.24,$215.32,$205.40,$195.49,$185.57,$175.66,$165.74,$155.82,$145.91,$135.99,$131.74,$127.49,$123.24,$118.99,$114.74,$110.49,$106.24,$101.99,$97.74,$93.49,$89.24,$85.00,$87.83,$90.66,$93.49,$96.33,$99.16,$144.49,$148.74,$152.99,$157.24,$71.40,$115.59,$169.99,$215.89,$202.29,$202.29
TEAMGROUP T-Force Delta RGB 16 GB,DDR5-6000,2 x 8GB,12.667 ns,38,$13.75,White,5.0,1,,,,,,,,,,,,,,,,,,,,,,,,,,,,,,,,,,,,,,,,,,,,,,,$549.98,$549.98,$531.64,$513.31,$494.98,$476.64,$458.31,$439.98,$421.65,$403.32,$384.98,$366.65,$348.32,$329.99,$317.15,$304.32,$291.49,$278.65,$265.82,$252.99,$240.16,$227.32,$214.49,$201.66,$188.82,$175.99,$170.49,$164.99,$159.49,$153.99,$148.49,$142.99,$137.49,$131.99,$126.49,$120.99,$115.49,$110.00,$113.66,$117.33,$120.99,$124.66,$128.33,$186.99,$192.49,$197.99,$203.49,$92.40,$149.59,$219.99,$279.39,$261.79,$261.79
TEAMGROUP T-Force Delta RGB 32 GB,DDR5-6000,2 x 16GB,10 ns,30,$14.28,White,4.5,93,,,,,,,,,,,,,,,,,,,,,,,,,,,,,,,,,,,,,,,,,,,,,,,"$1,142.47","$1,142.47","$1,104.39","$1,066.31","$1,028.23",$990.14,$952.06,$913.98,$875.90,$837.82,$799.73,$761.65,$723.57,$685.49,$658.83,$632.17,$605.51,$578.85,$552.20,$525.54,$498.88,$472.22,$445.57,$418.91,$392.25,$365.59,$354.17,$342.74,$331.32,$319.89,$308.47,$297.04,$285.62,$274.19,$262.77,$251.34,$239.92,$228.50,$236.11,$243.73,$251.34,$258.96,$266.58,$388.44,$399.87,$411.29,$422.72,$191.94,$310.75,$456.99,$580.38,$543.82,$543.82
TEAMGROUP T-Create Expert 32 GB,DDR5-6000,2 x 16GB,10 ns,30,$13.75,Black,4.5,116,,,,,,,,,,,,,,,,,,,,,,,,,,,,,,,,,,,,,,,,,,,,,,,"$1,099.97","$1,099.97","$1,063.31","$1,026.64",$989.98,$953.31,$916.65,$879.98,$843.31,$806.65,$769.98,$733.32,$696.65,$659.99,$634.32,$608.65,$582.99,$557.32,$531.65,$505.99,$480.32,$454.66,$428.99,$403.32,$377.66,$351.99,$340.99,$329.99,$318.99,$307.99,$296.99,$285.99,$274.99,$263.99,$252.99,$241.99,$230.99,$220.00,$227.33,$234.66,$241.99,$249.33,$256.66,$373.99,$384.99,$395.99,$406.99,$184.80,$299.19,$439.99,$558.79,$523.59,$523.59
TEAMGROUP T-Force Vulcan Z 16 GB,DDR4-3200,2 x 8GB,10 ns,16,$6.56,Black,4.5,118,$147.86,$148.74,$149.61,$150.49,$151.36,$152.24,$153.11,$153.99,$154.86,$155.74,$156.61,$157.48,$131.24,$125.99,$120.74,$115.49,$110.24,$104.99,$99.74,$94.49,$89.24,$83.99,$78.74,$73.49,$63.87,$64.74,$65.62,$66.49,$67.37,$68.24,$69.12,$69.99,$70.87,$71.74,$72.62,$73.49,$75.24,$76.99,$78.74,$80.49,$82.24,$83.99,$85.74,$87.49,$89.24,$90.99,$92.74,$94.49,$91.87,$89.24,$86.62,$83.99,$81.37,$78.74,$76.12,$73.49,$70.87,$68.24,$65.62,$62.99,$61.24,$59.49,$57.74,$55.99,$54.24,$52.49,$50.75,$49.00,$47.25,$45.50,$43.75,$42.00,$42.87,$43.75,$44.62,$45.50,$46.37,$47.25,$48.12,$49.00,$49.87,$50.75,$51.62,$52.49,$54.24,$55.99,$57.74,$59.49,$61.24,$89.24,$91.87,$94.49,$97.12,$44.10,$71.39,$104.99,$153.29,$167.98,$152.24
Crucial Classic 16 GB,DDR5-5600,2 x 8GB,16.429 ns,46,$9.50,Black,5.0,2,,,,,,,,,,,,,,,,,,,,,,,,,,,,,,,,,,,,,,,,,,,,,,,$379.98,$379.98,$367.31,$354.64,$341.98,$329.31,$316.65,$303.98,$291.31,$278.65,$265.98,$253.32,$240.65,$227.99,$219.12,$210.25,$201.39,$192.52,$183.65,$174.79,$165.92,$157.06,$148.19,$139.32,$130.46,$121.59,$117.79,$113.99,$110.19,$106.39,$102.59,$98.79,$94.99,$91.19,$87.39,$83.59,$79.79,$76.00,$78.53,$81.06,$83.59,$86.13,$88.66,$129.19,$132.99,$136.79,$140.59,$63.84,$103.35,$151.99,$193.03,$180.87,$180.87
G.Skill Flare X5 32 GB,DDR5-6000,2 x 16GB,10 ns,30,$14.69,Black,4.5,92,,,,,,,,,,,,,,,,,,,,,,,,,,,,,,,,,,,,,,,,,,,,,,,"$1,174.97","$1,174.97","$1,135.81","$1,096.64","$1,057.48","$1,018.31",$979.15,$939.98,$900.81,$861.65,$822.48,$783.32,$744.15,$704.99,$677.57,$650.15,$622.74,$595.32,$567.90,$540.49,$513.07,$485.66,$458.24,$430.82,$403.41,$375.99,$364.24,$352.49,$340.74,$328.99,$317.24,$305.49,$293.74,$281.99,$270.24,$258.49,$246.74,$235.00,$242.83,$250.66,$258.49,$266.33,$274.16,$399.49,$411.24,$422.99,$434.74,$197.40,$319.59,$469.99,$596.89,$559.29,$449.99
Corsair Vengeance 16 GB,DDR5-5200,2 x 8GB,15.385 ns,40,$13.12,Black,3.5,6,,,,,,,,,,,,,,,,,,,,,,,,,,,,,,,,,,,,,,,,,,,,,,,$524.98,$524.98,$507.48,$489.98,$472.48,$454.98,$437.48,$419.98,$402.48,$384.98,$367.48,$349.98,$332.48,$314.99,$302.74,$290.49,$278.24,$265.99,$253.74,$241.49,$229.24,$216.99,$204.74,$192.49,$180.24,$167.99,$162.74,$157.49,$152.24,$146.99,$141.74,$136.49,$131.24,$125.99,$120.74,$115.49,$110.24,$105.00,$108.49,$111.99,$115.49,$118.99,$122.49,$178.49,$183.74,$188.99,$194.24,$88.20,$142.79,$209.99,$266.69,$249.89,$249.89
Crucial Pro Overclocking 32 GB,DDR5-6000,2 x 16GB,12 ns,36,$12.50,White,4.5,11,,,,,,,,,,,,,,,,,,,,,,,,,,,,,,,,,,,,,,,,,,,,,,,$999.98,$999.98,$966.64,$933.31,$899.98,$866.64,$833.31,$799.98,$766.65,$733.32,$699.98,$666.65,$633.32,$599.99,$576.65,$553.32,$529.99,$506.65,$483.32,$459.99,$436.66,$413.32,$389.99,$366.66,$343.32,$319.99,$309.99,$299.99,$289.99,$279.99,$269.99,$259.99,$249.99,$239.99,$229.99,$219.99,$209.99,$200.00,$206.66,$213.33,$219.99,$226.66,$233.33,$339.99,$349.99,$359.99,$369.99,$168.00,$271.99,$399.99,$507.99,$475.99,$325.99
G.Skill Ripjaws V 32 GB,DDR4-3200,2 x 16GB,10 ns,16,$7.50,Black,4.5,138,$337.99,$339.99,$341.99,$343.99,$345.99,$347.99,$349.99,$351.99,$353.99,$355.99,$357.99,$359.99,$299.99,$287.99,$275.99,$263.99,$251.99,$239.99,$227.99,$215.99,$203.99,$191.99,$179.99,$167.99,$145.99,$147.99,$149.99,$151.99,$153.99,$155.99,$157.99,$159.99,$161.99,$163.99,$165.99,$167.99,$171.99,$175.99,$179.99,$183.99,$187.99,$191.99,$195.99,$199.99,$203.99,$207.99,$211.99,$215.99,$209.99,$203.99,$197.99,$191.99,$185.99,$179.99,$173.99,$167.99,$161.99,$155.99,$149.99,$143.99,$139.99,$135.99,$131.99,$127.99,$123.99,$120.00,$116.00,$112.00,$108.00,$104.00,$100.00,$96.00,$98.00,$100.00,$102.00,$104.00,$106.00,$108.00,$110.00,$112.00,$114.00,$116.00,$118.00,$120.00,$123.99,$127.99,$131.99,$135.99,$139.99,$203.99,$209.99,$215.99,$221.99,$100.80,$163.19,$239.99,$350.39,$383.98,$347.99
Corsair Vengeance LPX 16 GB,DDR4-3200,2 x 8GB,10 ns,16,$6.06,Black,4.5,22,$136.59,$137.40,$138.21,$139.02,$139.83,$140.64,$141.44,$142.25,$143.06,$143.87,$144.68,$145.48,$121.24,$116.39,$111.54,$106.69,$101.84,$96.99,$92.14,$87.29,$82.44,$77.59,$72.74,$67.89,$59.00,$59.81,$60.62,$61.43,$62.24,$63.04,$63.85,$64.66,$65.47,$66.28,$67.08,$67.89,$69.51,$71.13,$72.74,$74.36,$75.98,$77.59,$79.21,$80.82,$82.44,$84.06,$85.67,$87.29,$84.87,$82.44,$80.02,$77.59,$75.17,$72.74,$70.32,$67.89,$65.47,$63.04,$60.62,$58.19,$56.58,$54.96,$53.34,$51.73,$50.11,$48.49,$46.88,$45.26,$43.65,$42.03,$40.41,$38.80,$39.60,$40.41,$41.22,$42.03,$42.84,$43.65,$44.45,$45.26,$46.07,$46.88,$47.69,$48.49,$50.11,$51.73,$53.34,$54.96,$56.58,$82.44,$84.87,$87.29,$89.72,$40.74,$65.95,$96.99,$141.61,$155.18,$144.99
Crucial CT2K8G48C40U5 16 GB,DDR5-4800,2 x 8GB,16.667 ns,40,$26.51,Black,4.0,6,,,,,,,,,,,,,,,,,,,,,,,,,,,,,,,,,,,,,,,,,,,,,,,"$1,060.47","$1,060.47","$1,025.13",$989.78,$954.43,$919.08,$883.73,$848.38,$813.03,$777.68,$742.33,$706.98,$671.63,$636.28,$611.54,$586.80,$562.05,$537.31,$512.56,$487.82,$463.07,$438.33,$413.59,$388.84,$364.10,$339.35,$328.75,$318.14,$307.54,$296.93,$286.33,$275.72,$265.12,$254.51,$243.91,$233.30,$222.70,$212.09,$219.16,$226.23,$233.30,$240.37,$247.44,$360.56,$371.17,$381.77,$392.38,$178.16,$288.45,$424.19,$538.72,$504.79,$504.79
Kingston FURY Beast 16 GB,DDR4-3200,2 x 8GB,10 ns,16,$9.62,Black,4.5,22,$216.87,$218.15,$219.44,$220.72,$222.00,$223.29,$224.57,$225.85,$227.14,$228.42,$229.70,$230.99,$192.49,$184.79,$177.09,$169.39,$161.69,$153.99,$146.29,$138.59,$130.89,$123.19,$115.49,$107.79,$93.68,$94.96,$96.24,$97.53,$98.81,$100.09,$101.38,$102.66,$103.94,$105.23,$106.51,$107.79,$110.36,$112.93,$115.49,$118.06,$120.63,$123.19,$125.76,$128.32,$130.89,$133.46,$136.02,$138.59,$134.74,$130.89,$127.04,$123.19,$119.34,$115.49,$111.64,$107.79,$103.94,$100.09,$96.24,$92.39,$89.83,$87.26,$84.69,$82.13,$79.56,$77.00,$74.43,$71.86,$69.30,$66.73,$64.16,$61.60,$62.88,$64.16,$65.45,$66.73,$68.01,$69.30,$70.58,$71.86,$73.15,$74.43,$75.71,$77.00,$79.56,$82.13,$84.69,$87.26,$89.83,$130.89,$134.74,$138.59,$142.44,$64.68,$104.71,$153.99,$224.83,$246.38,$223.29
Crucial CT16G48C40U5 16 GB,DDR5-4800,1 x 16GB,16.667 ns,40,$8.62,Black,5.0,1,,,,,,,,,,,,,,,,,,,,,,,,,,,,,,,,,,,,,,,,,,,,,,,$344.98,$344.98,$333.48,$321.98,$310.48,$298.98,$287.48,$275.98,$264.48,$252.98,$241.48,$229.98,$218.48,$206.99,$198.94,$190.89,$182.84,$174.79,$166.74,$158.69,$150.64,$142.59,$134.54,$126.49,$118.44,$110.39,$106.94,$103.49,$100.04,$96.59,$93.14,$89.69,$86.24,$82.79,$79.34,$75.89,$72.44,$69.00,$71.29,$73.59,$75.89,$78.19,$80.49,$117.29,$120.74,$124.19,$127.64,$57.96,$93.83,$137.99,$175.25,$164.21,$164.21
Crucial Pro 64 GB,DDR5-6000,2 x 32GB,13.333 ns,40,$8.33,Black,5.0,1,,,,,,,,,,,,,,,,,,,,,,,,,,,,,,,,,,,,,,,,,,,,,,,"$1,332.47","$1,332.47","$1,288.06","$1,243.64","$1,199.23","$1,154.81","$1,110.40","$1,065.98","$1,021.56",$977.15,$932.73,$888.32,$843.90,$799.49,$768.39,$737.30,$706.21,$675.12,$644.03,$612.94,$581.85,$550.76,$519.67,$488.57,$457.48,$426.39,$413.07,$399.74,$386.42,$373.09,$359.77,$346.44,$333.12,$319.79,$306.47,$293.14,$279.82,$266.50,$275.38,$284.26,$293.14,$302.03,$310.91,$453.04,$466.37,$479.69,$493.02,$223.86,$362.43,$532.99,$676.90,$634.26,$634.26
Corsair Vengeance LPX 16 GB,DDR4-2400,2 x 8GB,13.333 ns,16,$6.06,Black / Yellow,4.5,73,$136.59,$137.40,$138.21,$139.02,$139.83,$140.64,$141.44,$142.25,$143.06,$143.87,$144.68,$145.48,$121.24,$116.39,$111.54,$106.69,$101.84,$96.99,$92.14,$87.29,$82.44,$77.59,$72.74,$67.89,$59.00,$59.81,$60.62,$61.43,$62.24,$63.04,$63.85,$64.66,$65.47,$66.28,$67.08,$67.89,$69.51,$71.13,$72.74,$74.36,$75.98,$77.59,$79.21,$80.82,$82.44,$84.06,$85.67,$87.29,$84.87,$82.44,$80.02,$77.59,$75.17,$72.74,$70.32,$67.89,$65.47,$63.04,$60.62,$58.19,$56.58,$54.96,$53.34,$51.73,$50.11,$48.49,$46.88,$45.26,$43.65,$42.03,$40.41,$38.80,$39.60,$40.41,$41.22,$42.03,$42.84,$43.65,$44.45,$45.26,$46.07,$46.88,$47.69,$48.49,$50.11,$51.73,$53.34,$54.96,$56.58,$82.44,$84.87,$87.29,$89.72,$40.74,$65.95,$96.99,$141.61,$155.18,$144.99
Corsair Vengeance RGB 16 GB,DDR5-5200,2 x 8GB,15.385 ns,40,$13.69,Black / Gray,3.0,1,,,,,,,,,,,,,,,,,,,,,,,,,,,,,,,,,,,,,,,,,,,,,,,$547.48,$547.48,$529.23,$510.98,$492.73,$474.48,$456.23,$437.98,$419.73,$401.48,$383.23,$364.98,$346.73,$328.49,$315.71,$302.94,$290.16,$277.39,$264.61,$251.84,$239.06,$226.29,$213.52,$200.74,$187.97,$175.19,$169.72,$164.24,$158.77,$153.29,$147.82,$142.34,$136.87,$131.39,$125.92,$120.44,$114.97,$109.50,$113.14,$116.79,$120.44,$124.09,$127.74,$186.14,$191.62,$197.09,$202.57,$91.98,$148.91,$218.99,$278.12,$260.60,$260.60
Corsair Vengeance 64 GB,DDR5-5200,2 x 32GB,15.385 ns,40,$11.64,Black,4.5,8,,,,,,,,,,,,,,,,,,,,,,,,,,,,,,,,,,,,,,,,,,,,,,,"$1,862.47","$1,862.47","$1,800.39","$1,738.31","$1,676.23","$1,614.14","$1,552.06","$1,489.98","$1,427.90","$1,365.82","$1,303.73","$1,241.65","$1,179.57","$1,117.49","$1,074.03","$1,030.57",$987.11,$943.65,$900.20,$856.74,$813.28,$769.82,$726.37,$682.91,$639.45,$595.99,$577.37,$558.74,$540.12,$521.49,$502.87,$484.24,$465.62,$446.99,$428.37,$409.74,$391.12,$372.50,$384.91,$397.33,$409.74,$422.16,$434.58,$633.24,$651.87,$670.49,$689.12,$312.90,$506.59,$744.99,$946.14,$886.54,$886.54
Crucial CT16G56C46U5 16 GB,DDR5-5600,1 x 16GB,16.429 ns,46,$9.06,Black,5.0,1,,,,,,,,,,,,,,,,,,,,,,,,,,,,,,,,,,,,,,,,,,,,,,,$362.48,$362.48,$350.39,$338.31,$326.23,$314.14,$302.06,$289.98,$277.90,$265.82,$253.73,$241.65,$229.57,$217.49,$209.03,$200.57,$192.11,$183.65,$175.20,$166.74,$158.28,$149.82,$141.37,$132.91,$124.45,$115.99,$112.37,$108.74,$105.12,$101.49,$97.87,$94.24,$90.62,$86.99,$83.37,$79.74,$76.12,$72.50,$74.91,$77.33,$79.74,$82.16,$84.58,$123.24,$126.87,$130.49,$134.12,$60.90,$98.59,$144.99,$184.14,$172.54,$172.54
G.Skill Flare X5 64 GB,DDR5-6000,2 x 32GB,10 ns,30,$13.75,Black,4.5,32,,,,,,,,,,,,,,,,,,,,,,,,,,,,,,,,,,,,,,,,,,,,,,,"$2,199.97","$2,199.97","$2,126.64","$2,053.31","$1,979.98","$1,906.64","$1,833.31","$1,759.98","$1,686.65","$1,613.32","$1,539.98","$1,466.65","$1,393.32","$1,319.99","$1,268.65","$1,217.32","$1,165.99","$1,114.65","$1,063.32","$1,011.99",$960.66,$909.32,$857.99,$806.66,$755.32,$703.99,$681.99,$659.99,$637.99,$615.99,$593.99,$571.99,$549.99,$527.99,$505.99,$483.99,$461.99,$440.00,$454.66,$469.33,$483.99,$498.66,$513.33,$747.99,$769.99,$791.99,$813.99,$369.60,$598.39,$879.99,"$1,117.59","$1,047.19","$1,047.19"
G.Skill Ripjaws V 16 GB,DDR4-3600,2 x 8GB,8.889 ns,16,$8.12,Black,4.5,200,$183.07,$184.15,$185.24,$186.32,$187.40,$188.49,$189.57,$190.65,$191.74,$192.82,$193.90,$194.99,$162.49,$155.99,$149.49,$142.99,$136.49,$129.99,$123.49,$116.99,$110.49,$103.99,$97.49,$90.99,$79.08,$80.16,$81.24,$82.33,$83.41,$84.49,$85.58,$86.66,$87.74,$88.83,$89.91,$90.99,$93.16,$95.33,$97.49,$99.66,$101.83,$103.99,$106.16,$108.33,$110.49,$112.66,$114.82,$116.99,$113.74,$110.49,$107.24,$103.99,$100.74,$97.49,$94.24,$90.99,$87.74,$84.49,$81.24,$77.99,$75.83,$73.66,$71.49,$69.33,$67.16,$65.00,$62.83,$60.66,$58.50,$56.33,$54.16,$52.00,$53.08,$54.16,$55.25,$56.33,$57.41,$58.50,$59.58,$60.66,$61.75,$62.83,$63.91,$65.00,$67.16,$69.33,$71.49,$73.66,$75.83,$110.49,$113.74,$116.99,$120.24,$54.60,$88.39,$129.99,$189.79,$207.98,$129.99
Corsair Vengeance RGB Pro 32 GB,DDR4-3200,2 x 16GB,10 ns,16,$5.91,Black,4.5,43,$266.16,$267.74,$269.31,$270.89,$272.46,$274.04,$275.61,$277.19,$278.76,$280.34,$281.91,$283.49,$236.24,$226.79,$217.34,$207.89,$198.44,$188.99,$179.54,$170.09,$160.64,$151.19,$141.74,$132.29,$114.97,$116.54,$118.12,$119.69,$121.27,$122.84,$124.42,$125.99,$127.57,$129.14,$130.72,$132.29,$135.44,$138.59,$141.74,$144.89,$148.04,$151.19,$154.34,$157.49,$160.64,$163.79,$166.94,$170.09,$165.37,$160.64,$155.92,$151.19,$146.47,$141.74,$137.02,$132.29,$127.57,$122.84,$118.12,$113.39,$110.24,$107.09,$103.94,$100.79,$97.64,$94.50,$91.35,$88.20,$85.05,$81.90,$78.75,$75.60,$77.17,$78.75,$80.32,$81.90,$83.47,$85.05,$86.62,$88.20,$89.77,$91.35,$92.92,$94.50,$97.64,$100.79,$103.94,$107.09,$110.24,$160.64,$165.37,$170.09,$174.82,$79.38,$128.51,$188.99,$275.93,$302.38,$274.04
G.Skill Trident Z5 Royal Neo RGB 32 GB,DDR5-6000,2 x 16GB,9.333 ns,28,$16.88,Silver,4.5,14,,,,,,,,,,,,,,,,,,,,,,,,,,,,,,,,,,,,,,,,,,,,,,,"$1,349.97","$1,349.97","$1,304.98","$1,259.98","$1,214.98","$1,169.98","$1,124.98","$1,079.98","$1,034.98",$989.98,$944.98,$899.98,$854.98,$809.99,$778.49,$746.99,$715.49,$683.99,$652.49,$620.99,$589.49,$557.99,$526.49,$494.99,$463.49,$431.99,$418.49,$404.99,$391.49,$377.99,$364.49,$350.99,$337.49,$323.99,$310.49,$296.99,$283.49,$270.00,$278.99,$287.99,$296.99,$305.99,$314.99,$458.99,$472.49,$485.99,$499.49,$226.80,$367.19,$539.99,$685.79,$642.59,$642.59
Crucial Pro Overclocking 32 GB,DDR5-6400,2 x 16GB,10 ns,32,$10.06,Black,5.0,1,,,,,,,,,,,,,,,,,,,,,,,,,,,,,,,,,,,,,,,,,,,,,,,$804.98,$804.98,$778.14,$751.31,$724.48,$697.64,$670.81,$643.98,$617.15,$590.32,$563.48,$536.65,$509.82,$482.99,$464.20,$445.42,$426.64,$407.85,$389.07,$370.29,$351.51,$332.72,$313.94,$295.16,$276.37,$257.59,$249.54,$241.49,$233.44,$225.39,$217.34,$209.29,$201.24,$193.19,$185.14,$177.09,$169.04,$161.00,$166.36,$171.73,$177.09,$182.46,$187.83,$273.69,$281.74,$289.79,$297.84,$135.24,$218.95,$321.99,$408.93,$383.17,$325.99
G.Skill Trident Z RGB 32 GB,DDR4-3600,2 x 16GB,10 ns,18,$7.81,Black,4.5,31,$352.07,$354.15,$356.24,$358.32,$360.40,$362.49,$364.57,$366.65,$368.74,$370.82,$372.90,$374.99,$312.49,$299.99,$287.49,$274.99,$262.49,$249.99,$237.49,$224.99,$212.49,$199.99,$187.49,$174.99,$152.08,$154.16,$156.24,$158.33,$160.41,$162.49,$164.58,$166.66,$168.74,$170.83,$172.91,$174.99,$179.16,$183.33,$187.49,$191.66,$195.83,$199.99,$204.16,$208.32,$212.49,$216.66,$220.82,$224.99,$218.74,$212.49,$206.24,$199.99,$193.74,$187.49,$181.24,$174.99,$168.74,$162.49,$156.24,$149.99,$145.83,$141.66,$137.49,$133.33,$129.16,$125.00,$120.83,$116.66,$112.50,$108.33,$104.16,$100.00,$102.08,$104.16,$106.25,$108.33,$110.41,$112.50,$114.58,$116.66,$118.75,$120.83,$122.91,$125.00,$129.16,$133.33,$137.49,$141.66,$145.83,$212.49,$218.74,$224.99,$231.24,$105.00,$169.99,$249.99,$364.99,$399.98,$362.49
Silicon Power Value Gaming 32 GB,DDR5-6000,2 x 16GB,10 ns,30,$12.34,Black,4.5,17,,,,,,,,,,,,,,,,,,,,,,,,,,,,,,,,,,,,,,,,,,,,,,,$986.98,$986.98,$954.08,$921.18,$888.28,$855.38,$822.48,$789.58,$756.68,$723.78,$690.88,$657.98,$625.08,$592.19,$569.16,$546.13,$523.10,$500.07,$477.04,$454.01,$430.98,$407.95,$384.92,$361.89,$338.86,$315.83,$305.96,$296.09,$286.22,$276.35,$266.48,$256.61,$246.74,$236.87,$227.00,$217.13,$207.26,$197.40,$203.97,$210.55,$217.13,$223.71,$230.29,$335.57,$345.44,$355.31,$365.18,$165.81,$268.46,$394.79,$501.38,$469.80,$469.80
TEAMGROUP T-Force Delta RGB 16 GB,DDR5-6000,2 x 8GB,12.667 ns,38,$13.75,Black,5.0,2,,,,,,,,,,,,,,,,,,,,,,,,,,,,,,,,,,,,,,,,,,,,,,,$549.98,$549.98,$531.64,$513.31,$494.98,$476.64,$458.31,$439.98,$421.65,$403.32,$384.98,$366.65,$348.32,$329.99,$317.15,$304.32,$291.49,$278.65,$265.82,$252.99,$240.16,$227.32,$214.49,$201.66,$188.82,$175.99,$170.49,$164.99,$159.49,$153.99,$148.49,$142.99,$137.49,$131.99,$126.49,$120.99,$115.49,$110.00,$113.66,$117.33,$120.99,$124.66,$128.33,$186.99,$192.49,$197.99,$203.49,$92.40,$149.59,$219.99,$279.39,$261.79,$261.79
Corsair Vengeance RGB 32 GB,DDR5-6000,2 x 16GB,10 ns,30,$13.81,Gray,4.5,75,,,,,,,,,,,,,,,,,,,,,,,,,,,,,,,,,,,,,,,,,,,,,,,"$1,104.97","$1,104.97","$1,068.14","$1,031.31",$994.48,$957.64,$920.81,$883.98,$847.15,$810.32,$773.48,$736.65,$699.82,$662.99,$637.20,$611.42,$585.64,$559.85,$534.07,$508.29,$482.51,$456.72,$430.94,$405.16,$379.37,$353.59,$342.54,$331.49,$320.44,$309.39,$298.34,$287.29,$276.24,$265.19,$254.14,$243.09,$232.04,$221.00,$228.36,$235.73,$243.09,$250.46,$257.83,$375.69,$386.74,$397.79,$408.84,$185.64,$300.55,$441.99,$561.33,$525.97,$439.99
Kingston FURY Beast 32 GB,DDR5-5600,2 x 16GB,12.857 ns,36,$19.93,Black,4.5,10,,,,,,,,,,,,,,,,,,,,,,,,,,,,,,,,,,,,,,,,,,,,,,,"$1,594.60","$1,594.60","$1,541.45","$1,488.29","$1,435.14","$1,381.99","$1,328.83","$1,275.68","$1,222.53","$1,169.37","$1,116.22","$1,063.07","$1,009.91",$956.76,$919.55,$882.35,$845.14,$807.93,$770.72,$733.52,$696.31,$659.10,$621.89,$584.69,$547.48,$510.27,$494.33,$478.38,$462.43,$446.49,$430.54,$414.60,$398.65,$382.70,$366.76,$350.81,$334.87,$318.92,$329.55,$340.18,$350.81,$361.44,$372.07,$542.16,$558.11,$574.06,$590.00,$267.89,$433.73,$637.84,$810.06,$759.03,$759.03
Kingston FURY Beast 64 GB,DDR5-6000,2 x 32GB,10 ns,30,$18.34,Black,4.5,7,,,,,,,,,,,,,,,,,,,,,,,,,,,,,,,,,,,,,,,,,,,,,,,"$2,934.78","$2,934.78","$2,836.95","$2,739.12","$2,641.30","$2,543.47","$2,445.65","$2,347.82","$2,249.99","$2,152.17","$2,054.34","$1,956.52","$1,858.69","$1,760.87","$1,692.39","$1,623.91","$1,555.43","$1,486.95","$1,418.47","$1,350.00","$1,281.52","$1,213.04","$1,144.56","$1,076.08","$1,007.61",$939.13,$909.78,$880.43,$851.08,$821.74,$792.39,$763.04,$733.69,$704.35,$675.00,$645.65,$616.30,$586.96,$606.52,$626.09,$645.65,$665.22,$684.78,$997.82,"$1,027.17","$1,056.52","$1,085.87",$493.04,$798.26,"$1,173.91","$1,490.87","$1,396.95","$1,396.95"
Crucial CT2K16G56C46U5 32 GB,DDR5-5600,2 x 16GB,16.429 ns,46,$12.50,Black,5.0,1,,,,,,,,,,,,,,,,,,,,,,,,,,,,,,,,,,,,,,,,,,,,,,,$999.98,$999.98,$966.64,$933.31,$899.98,$866.64,$833.31,$799.98,$766.65,$733.32,$699.98,$666.65,$633.32,$599.99,$576.65,$553.32,$529.99,$506.65,$483.32,$459.99,$436.66,$413.32,$389.99,$366.66,$343.32,$319.99,$309.99,$299.99,$289.99,$279.99,$269.99,$259.99,$249.99,$239.99,$229.99,$219.99,$209.99,$200.00,$206.66,$213.33,$219.99,$226.66,$233.33,$339.99,$349.99,$359.99,$369.99,$168.00,$271.99,$399.99,$507.99,$475.99,$475.99
Kingston FURY Beast 8 GB,DDR4-3200,1 x 8GB,10 ns,16,$9.00,Black,0.0,0,$101.40,$102.00,$102.60,$103.20,$103.80,$104.40,$105.00,$105.60,$106.20,$106.80,$107.40,$108.00,$90.00,$86.40,$82.80,$79.20,$75.60,$72.00,$68.40,$64.80,$61.20,$57.60,$54.00,$50.40,$43.80,$44.40,$45.00,$45.60,$46.20,$46.80,$47.40,$48.00,$48.60,$49.20,$49.80,$50.40,$51.60,$52.80,$54.00,$55.20,$56.40,$57.60,$58.80,$60.00,$61.20,$62.40,$63.60,$64.80,$63.00,$61.20,$59.40,$57.60,$55.80,$54.00,$52.20,$50.40,$48.60,$46.80,$45.00,$43.20,$42.00,$40.80,$39.60,$38.40,$37.20,$36.00,$34.80,$33.60,$32.40,$31.20,$30.00,$28.80,$29.40,$30.00,$30.60,$31.20,$31.80,$32.40,$33.00,$33.60,$34.20,$34.80,$35.40,$36.00,$37.20,$38.40,$39.60,$40.80,$42.00,$61.20,$63.00,$64.80,$66.60,$30.24,$48.96,$72.00,$105.12,$115.20,$104.40
G.Skill Ripjaws S5 32 GB,DDR5-6000,2 x 16GB,12 ns,36,$10.81,Black,4.5,28,,,,,,,,,,,,,,,,,,,,,,,,,,,,,,,,,,,,,,,,,,,,,,,$864.98,$864.98,$836.14,$807.31,$778.48,$749.64,$720.81,$691.98,$663.15,$634.32,$605.48,$576.65,$547.82,$518.99,$498.80,$478.62,$458.44,$438.25,$418.07,$397.89,$377.71,$357.52,$337.34,$317.16,$296.97,$276.79,$268.14,$259.49,$250.84,$242.19,$233.54,$224.89,$216.24,$207.59,$198.94,$190.29,$181.64,$173.00,$178.76,$184.53,$190.29,$196.06,$201.83,$294.09,$302.74,$311.39,$320.04,$145.32,$235.27,$345.99,$439.41,$411.73,$411.73
Corsair Vengeance LPX 16 GB,DDR4-3000,2 x 8GB,10.667 ns,16,$6.06,Black,4.5,24,$136.59,$137.40,$138.21,$139.02,$139.83,$140.64,$141.44,$142.25,$143.06,$143.87,$144.68,$145.48,$121.24,$116.39,$111.54,$106.69,$101.84,$96.99,$92.14,$87.29,$82.44,$77.59,$72.74,$67.89,$59.00,$59.81,$60.62,$61.43,$62.24,$63.04,$63.85,$64.66,$65.47,$66.28,$67.08,$67.89,$69.51,$71.13,$72.74,$74.36,$75.98,$77.59,$79.21,$80.82,$82.44,$84.06,$85.67,$87.29,$84.87,$82.44,$80.02,$77.59,$75.17,$72.74,$70.32,$67.89,$65.47,$63.04,$60.62,$58.19,$56.58,$54.96,$53.34,$51.73,$50.11,$48.49,$46.88,$45.26,$43.65,$42.03,$40.41,$38.80,$39.60,$40.41,$41.22,$42.03,$42.84,$43.65,$44.45,$45.26,$46.07,$46.88,$47.69,$48.49,$50.11,$51.73,$53.34,$54.96,$56.58,$82.44,$84.87,$87.29,$89.72,$40.74,$65.95,$96.99,$141.61,$155.18,$144.99
Klevv FIT V 32 GB,DDR5-6000,2 x 16GB,10.667 ns,32,$11.25,White,5.0,3,,,,,,,,,,,,,,,,,,,,,,,,,,,,,,,,,,,,,,,,,,,,,,,$899.98,$899.98,$869.98,$839.98,$809.98,$779.98,$749.98,$719.98,$689.98,$659.98,$629.98,$599.98,$569.98,$539.99,$518.99,$497.99,$476.99,$455.99,$434.99,$413.99,$392.99,$371.99,$350.99,$329.99,$308.99,$287.99,$278.99,$269.99,$260.99,$251.99,$242.99,$233.99,$224.99,$215.99,$206.99,$197.99,$188.99,$180.00,$185.99,$191.99,$197.99,$203.99,$209.99,$305.99,$314.99,$323.99,$332.99,$151.20,$244.79,$359.99,$457.19,$428.39,$428.39
Corsair Vengeance RGB 192 GB,DDR5-5200,4 x 48GB,14.615 ns,38,$11.59,Black,0.0,0,,,,,,,,,,,,,,,,,,,,,,,,,,,,,,,,,,,,,,,,,,,,,,,"$5,562.47","$5,562.47","$5,377.06","$5,191.64","$5,006.23","$4,820.81","$4,635.40","$4,449.98","$4,264.56","$4,079.15","$3,893.73","$3,708.32","$3,522.90","$3,337.48","$3,207.69","$3,077.90","$2,948.11","$2,818.32","$2,688.53","$2,558.74","$2,428.95","$2,299.16","$2,169.37","$2,039.57","$1,909.78","$1,779.99","$1,724.37","$1,668.74","$1,613.12","$1,557.49","$1,501.87","$1,446.24","$1,390.62","$1,334.99","$1,279.37","$1,223.74","$1,168.12","$1,112.49","$1,149.58","$1,186.66","$1,223.74","$1,260.83","$1,297.91","$1,891.24","$1,946.87","$2,002.49","$2,058.12",$934.50,"$1,512.99","$2,224.99","$2,825.74","$2,647.74","$2,647.74"
Corsair Vengeance 128 GB,DDR5-6400,2 x 64GB,13.125 ns,42,$11.59,Black,0.0,0,,,,,,,,,,,,,,,,,,,,,,,,,,,,,,,,,,,,,,,,,,,,,,,"$3,709.97","$3,709.97","$3,586.31","$3,462.64","$3,338.98","$3,215.31","$3,091.65","$2,967.98","$2,844.31","$2,720.65","$2,596.98","$2,473.32","$2,349.65","$2,225.99","$2,139.42","$2,052.85","$1,966.29","$1,879.72","$1,793.15","$1,706.59","$1,620.02","$1,533.46","$1,446.89","$1,360.32","$1,273.76","$1,187.19","$1,150.09","$1,112.99","$1,075.89","$1,038.79","$1,001.69",$964.59,$927.49,$890.39,$853.29,$816.19,$779.09,$742.00,$766.73,$791.46,$816.19,$840.93,$865.66,"$1,261.39","$1,298.49","$1,335.59","$1,372.69",$623.28,"$1,009.11","$1,483.99","$1,884.67","$1,765.95","$1,765.95"
Corsair Vengeance RGB 32 GB,DDR5-6000,2 x 16GB,10 ns,30,$13.81,White,4.5,5,,,,,,,,,,,,,,,,,,,,,,,,,,,,,,,,,,,,,,,,,,,,,,,"$1,104.97","$1,104.97","$1,068.14","$1,031.31",$994.48,$957.64,$920.81,$883.98,$847.15,$810.32,$773.48,$736.65,$699.82,$662.99,$637.20,$611.42,$585.64,$559.85,$534.07,$508.29,$482.51,$456.72,$430.94,$405.16,$379.37,$353.59,$342.54,$331.49,$320.44,$309.39,$298.34,$287.29,$276.24,$265.19,$254.14,$243.09,$232.04,$221.00,$228.36,$235.73,$243.09,$250.46,$257.83,$375.69,$386.74,$397.79,$408.84,$185.64,$300.55,$441.99,$561.33,$525.97,$439.99
Patriot Viper Venom 16 GB,DDR5-6000,1 x 16GB,10 ns,30,$10.94,Black / White,5.0,1,,,,,,,,,,,,,,,,,,,,,,,,,,,,,,,,,,,,,,,,,,,,,,,$437.48,$437.48,$422.89,$408.31,$393.73,$379.14,$364.56,$349.98,$335.40,$320.82,$306.23,$291.65,$277.07,$262.49,$252.28,$242.07,$231.86,$221.65,$211.45,$201.24,$191.03,$180.82,$170.62,$160.41,$150.20,$139.99,$135.62,$131.24,$126.87,$122.49,$118.12,$113.74,$109.37,$104.99,$100.62,$96.24,$91.87,$87.50,$90.41,$93.33,$96.24,$99.16,$102.08,$148.74,$153.12,$157.49,$161.87,$73.50,$118.99,$174.99,$222.24,$208.24,$208.24
Corsair Vengeance LPX 32 GB,DDR4-3000,2 x 16GB,10.667 ns,16,$5.47,Black,4.5,7,$246.44,$247.90,$249.36,$250.82,$252.28,$253.74,$255.19,$256.65,$258.11,$259.57,$261.03,$262.49,$218.74,$209.99,$201.24,$192.49,$183.74,$174.99,$166.24,$157.49,$148.74,$139.99,$131.24,$122.49,$106.45,$107.91,$109.37,$110.83,$112.29,$113.74,$115.20,$116.66,$118.12,$119.58,$121.03,$122.49,$125.41,$128.33,$131.24,$134.16,$137.08,$139.99,$142.91,$145.82,$148.74,$151.66,$154.57,$157.49,$153.12,$148.74,$144.37,$139.99,$135.62,$131.24,$126.87,$122.49,$118.12,$113.74,$109.37,$104.99,$102.08,$99.16,$96.24,$93.33,$90.41,$87.50,$84.58,$81.66,$78.75,$75.83,$72.91,$70.00,$71.45,$72.91,$74.37,$75.83,$77.29,$78.75,$80.20,$81.66,$83.12,$84.58,$86.04,$87.50,$90.41,$93.33,$96.24,$99.16,$102.08,$148.74,$153.12,$157.49,$161.87,$73.50,$118.99,$174.99,$255.49,$279.98,$269.00
Corsair Dominator Titanium 64 GB,DDR5-6600,2 x 32GB,9.697 ns,32,$14.92,White,4.5,5,,,,,,,,,,,,,,,,,,,,,,,,,,,,,,,,,,,,,,,,,,,,,,,"$2,387.47","$2,387.47","$2,307.89","$2,228.31","$2,148.73","$2,069.14","$1,989.56","$1,909.98","$1,830.40","$1,750.82","$1,671.23","$1,591.65","$1,512.07","$1,432.49","$1,376.78","$1,321.07","$1,265.36","$1,209.65","$1,153.95","$1,098.24","$1,042.53",$986.82,$931.12,$875.41,$819.70,$763.99,$740.12,$716.24,$692.37,$668.49,$644.62,$620.74,$596.87,$572.99,$549.12,$525.24,$501.37,$477.50,$493.41,$509.33,$525.24,$541.16,$557.08,$811.74,$835.62,$859.49,$883.37,$401.10,$649.39,$954.99,"$1,212.84","$1,136.44","$1,136.44"
G.Skill Trident Z5 RGB 32 GB,DDR5-6400,2 x 16GB,10 ns,32,$15.00,Black,4.5,42,,,,,,,,,,,,,,,,,,,,,,,,,,,,,,,,,,,,,,,,,,,,,,,"$1,199.97","$1,199.97","$1,159.98","$1,119.98","$1,079.98","$1,039.98",$999.98,$959.98,$919.98,$879.98,$839.98,$799.98,$759.98,$719.99,$691.99,$663.99,$635.99,$607.99,$579.99,$551.99,$523.99,$495.99,$467.99,$439.99,$411.99,$383.99,$371.99,$359.99,$347.99,$335.99,$323.99,$311.99,$299.99,$287.99,$275.99,$263.99,$251.99,$240.00,$247.99,$255.99,$263.99,$271.99,$279.99,$407.99,$419.99,$431.99,$443.99,$201.60,$326.39,$479.99,$609.59,$571.19,$571.19
G.Skill Trident Z5 RGB 32 GB,DDR5-6000,2 x 16GB,12 ns,36,$12.50,Black,4.5,52,,,,,,,,,,,,,,,,,,,,,,,,,,,,,,,,,,,,,,,,,,,,,,,$999.98,$999.98,$966.64,$933.31,$899.98,$866.64,$833.31,$799.98,$766.65,$733.32,$699.98,$666.65,$633.32,$599.99,$576.65,$553.32,$529.99,$506.65,$483.32,$459.99,$436.66,$413.32,$389.99,$366.66,$343.32,$319.99,$309.99,$299.99,$289.99,$279.99,$269.99,$259.99,$249.99,$239.99,$229.99,$219.99,$209.99,$200.00,$206.66,$213.33,$219.99,$226.66,$233.33,$339.99,$349.99,$359.99,$369.99,$168.00,$271.99,$399.99,$507.99,$475.99,$475.99
Corsair Vengeance LPX 32 GB,DDR4-3600,2 x 16GB,10 ns,18,$6.47,Black / Yellow,4.5,107,$291.51,$293.24,$294.96,$296.69,$298.41,$300.14,$301.86,$303.59,$305.31,$307.04,$308.76,$310.49,$258.74,$248.39,$238.04,$227.69,$217.34,$206.99,$196.64,$186.29,$175.94,$165.59,$155.24,$144.89,$125.92,$127.64,$129.37,$131.09,$132.82,$134.54,$136.27,$137.99,$139.72,$141.44,$143.17,$144.89,$148.34,$151.79,$155.24,$158.69,$162.14,$165.59,$169.04,$172.49,$175.94,$179.39,$182.84,$186.29,$181.12,$175.94,$170.77,$165.59,$160.42,$155.24,$150.07,$144.89,$139.72,$134.54,$129.37,$124.19,$120.74,$117.29,$113.84,$110.39,$106.94,$103.50,$100.05,$96.60,$93.15,$89.70,$86.25,$82.80,$84.52,$86.25,$87.97,$89.70,$91.42,$93.15,$94.87,$96.60,$98.32,$100.05,$101.77,$103.50,$106.94,$110.39,$113.84,$117.29,$120.74,$175.94,$181.12,$186.29,$191.47,$86.94,$140.75,$206.99,$302.21,$331.18,$269.00
Corsair Vengeance RGB 32 GB,DDR5-6400,2 x 16GB,11.25 ns,36,$12.75,Black,4.5,14,,,,,,,,,,,,,,,,,,,,,,,,,,,,,,,,,,,,,,,,,,,,,,,"$1,019.98","$1,019.98",$985.98,$951.98,$917.98,$883.98,$849.98,$815.98,$781.98,$747.98,$713.98,$679.98,$645.98,$611.99,$588.19,$564.39,$540.59,$516.79,$492.99,$469.19,$445.39,$421.59,$397.79,$373.99,$350.19,$326.39,$316.19,$305.99,$295.79,$285.59,$275.39,$265.19,$254.99,$244.79,$234.59,$224.39,$214.19,$204.00,$210.79,$217.59,$224.39,$231.19,$237.99,$346.79,$356.99,$367.19,$377.39,$171.36,$277.43,$407.99,$518.15,$485.51,$439.99
Corsair Vengeance RGB Pro 32 GB,DDR4-3200,2 x 16GB,10 ns,16,$5.91,White,4.5,8,$266.16,$267.74,$269.31,$270.89,$272.46,$274.04,$275.61,$277.19,$278.76,$280.34,$281.91,$283.49,$236.24,$226.79,$217.34,$207.89,$198.44,$188.99,$179.54,$170.09,$160.64,$151.19,$141.74,$132.29,$114.97,$116.54,$118.12,$119.69,$121.27,$122.84,$124.42,$125.99,$127.57,$129.14,$130.72,$132.29,$135.44,$138.59,$141.74,$144.89,$148.04,$151.19,$154.34,$157.49,$160.64,$163.79,$166.94,$170.09,$165.37,$160.64,$155.92,$151.19,$146.47,$141.74,$137.02,$132.29,$127.57,$122.84,$118.12,$113.39,$110.24,$107.09,$103.94,$100.79,$97.64,$94.50,$91.35,$88.20,$85.05,$81.90,$78.75,$75.60,$77.17,$78.75,$80.32,$81.90,$83.47,$85.05,$86.62,$88.20,$89.77,$91.35,$92.92,$94.50,$97.64,$100.79,$103.94,$107.09,$110.24,$160.64,$165.37,$170.09,$174.82,$79.38,$128.51,$188.99,$275.93,$302.38,$274.04
Patriot Viper Venom 16 GB,DDR5-5600,2 x 8GB,14.286 ns,40,$16.16,Black / White,5.0,1,,,,,,,,,,,,,,,,,,,,,,,,,,,,,,,,,,,,,,,,,,,,,,,$646.20,$646.20,$624.66,$603.12,$581.58,$560.04,$538.50,$516.96,$495.42,$473.88,$452.34,$430.80,$409.26,$387.72,$372.64,$357.56,$342.49,$327.41,$312.33,$297.25,$282.17,$267.10,$252.02,$236.94,$221.86,$206.78,$200.32,$193.86,$187.40,$180.94,$174.47,$168.01,$161.55,$155.09,$148.63,$142.16,$135.70,$129.24,$133.55,$137.86,$142.16,$146.47,$150.78,$219.71,$226.17,$232.63,$239.09,$108.56,$175.77,$258.48,$328.27,$307.59,$307.59
Kingston FURY Beast 32 GB,DDR4-3200,2 x 16GB,10 ns,16,$6.25,Black,4.5,16,$281.65,$283.32,$284.99,$286.65,$288.32,$289.99,$291.65,$293.32,$294.99,$296.65,$298.32,$299.99,$249.99,$239.99,$229.99,$219.99,$209.99,$199.99,$189.99,$179.99,$169.99,$159.99,$149.99,$139.99,$121.66,$123.33,$124.99,$126.66,$128.33,$129.99,$131.66,$133.33,$134.99,$136.66,$138.33,$139.99,$143.33,$146.66,$149.99,$153.33,$156.66,$159.99,$163.33,$166.66,$169.99,$173.32,$176.66,$179.99,$174.99,$169.99,$164.99,$159.99,$154.99,$149.99,$144.99,$139.99,$134.99,$129.99,$124.99,$119.99,$116.66,$113.33,$109.99,$106.66,$103.33,$100.00,$96.66,$93.33,$90.00,$86.66,$83.33,$80.00,$81.66,$83.33,$85.00,$86.66,$88.33,$90.00,$91.66,$93.33,$95.00,$96.66,$98.33,$100.00,$103.33,$106.66,$109.99,$113.33,$116.66,$169.99,$174.99,$179.99,$184.99,$84.00,$135.99,$199.99,$291.99,$319.98,$289.99
Corsair Vengeance LPX 16 GB,DDR4-2400,1 x 16GB,11.667 ns,14,$5.37,Black,5.0,2,$121.10,$121.82,$122.54,$123.25,$123.97,$124.69,$125.40,$126.12,$126.84,$127.55,$128.27,$128.98,$107.49,$103.19,$98.89,$94.59,$90.29,$85.99,$81.69,$77.39,$73.09,$68.79,$64.49,$60.19,$52.31,$53.03,$53.74,$54.46,$55.18,$55.89,$56.61,$57.33,$58.04,$58.76,$59.48,$60.19,$61.63,$63.06,$64.49,$65.93,$67.36,$68.79,$70.23,$71.66,$73.09,$74.52,$75.96,$77.39,$75.24,$73.09,$70.94,$68.79,$66.64,$64.49,$62.34,$60.19,$58.04,$55.89,$53.74,$51.59,$50.16,$48.73,$47.29,$45.86,$44.43,$42.99,$41.56,$40.13,$38.70,$37.26,$35.83,$34.40,$35.11,$35.83,$36.55,$37.26,$37.98,$38.70,$39.41,$40.13,$40.85,$41.56,$42.28,$42.99,$44.43,$45.86,$47.29,$48.73,$50.16,$73.09,$75.24,$77.39,$79.54,$36.12,$58.47,$85.99,$125.55,$137.58,$144.99
Klevv BOLT V 32 GB,DDR5-6000,2 x 16GB,10 ns,30,$12.19,Black,5.0,5,,,,,,,,,,,,,,,,,,,,,,,,,,,,,,,,,,,,,,,,,,,,,,,$974.98,$974.98,$942.48,$909.98,$877.48,$844.98,$812.48,$779.98,$747.48,$714.98,$682.48,$649.98,$617.48,$584.99,$562.24,$539.49,$516.74,$493.99,$471.24,$448.49,$425.74,$402.99,$380.24,$357.49,$334.74,$311.99,$302.24,$292.49,$282.74,$272.99,$263.24,$253.49,$243.74,$233.99,$224.24,$214.49,$204.74,$195.00,$201.49,$207.99,$214.49,$220.99,$227.49,$331.49,$341.24,$350.99,$360.74,$163.80,$265.19,$389.99,$495.29,$464.09,$464.09
TEAMGROUP T-Force Vulcan Z 16 GB,DDR4-3200,2 x 8GB,10 ns,16,$6.56,Gray,4.5,5,$147.86,$148.74,$149.61,$150.49,$151.36,$152.24,$153.11,$153.99,$154.86,$155.74,$156.61,$157.48,$131.24,$125.99,$120.74,$115.49,$110.24,$104.99,$99.74,$94.49,$89.24,$83.99,$78.74,$73.49,$63.87,$64.74,$65.62,$66.49,$67.37,$68.24,$69.12,$69.99,$70.87,$71.74,$72.62,$73.49,$75.24,$76.99,$78.74,$80.49,$82.24,$83.99,$85.74,$87.49,$89.24,$90.99,$92.74,$94.49,$91.87,$89.24,$86.62,$83.99,$81.37,$78.74,$76.12,$73.49,$70.87,$68.24,$65.62,$62.99,$61.24,$59.49,$57.74,$55.99,$54.24,$52.49,$50.75,$49.00,$47.25,$45.50,$43.75,$42.00,$42.87,$43.75,$44.62,$45.50,$46.37,$47.25,$48.12,$49.00,$49.87,$50.75,$51.62,$52.49,$54.24,$55.99,$57.74,$59.49,$61.24,$89.24,$91.87,$94.49,$97.12,$44.10,$71.39,$104.99,$153.29,$167.98,$152.24
Crucial CT8G4DFS824A 8 GB,DDR4-2400,1 x 8GB,14.167 ns,17,$6.37,Green,4.5,4,$71.80,$72.22,$72.65,$73.07,$73.50,$73.92,$74.35,$74.77,$75.20,$75.62,$76.05,$76.47,$63.72,$61.18,$58.63,$56.08,$53.53,$50.98,$48.43,$45.88,$43.33,$40.78,$38.24,$35.69,$31.01,$31.44,$31.86,$32.29,$32.71,$33.14,$33.56,$33.99,$34.41,$34.84,$35.26,$35.69,$36.54,$37.39,$38.23,$39.08,$39.93,$40.78,$41.63,$42.48,$43.33,$44.18,$45.03,$45.88,$44.61,$43.33,$42.06,$40.78,$39.51,$38.23,$36.96,$35.69,$34.41,$33.14,$31.86,$30.59,$29.74,$28.89,$28.04,$27.19,$26.34,$25.49,$24.64,$23.79,$22.94,$22.09,$21.24,$20.39,$20.82,$21.24,$21.67,$22.09,$22.52,$22.94,$23.37,$23.79,$24.22,$24.64,$25.07,$25.49,$26.34,$27.19,$28.04,$28.89,$29.74,$43.33,$44.61,$45.88,$47.16,$21.41,$34.67,$50.98,$74.43,$81.57,$73.92
Corsair Vengeance RGB Pro 16 GB,DDR4-3200,2 x 8GB,10 ns,16,$7.81,White,4.5,177,$176.03,$177.07,$178.11,$179.15,$180.19,$181.24,$182.28,$183.32,$184.36,$185.40,$186.44,$187.48,$156.24,$149.99,$143.74,$137.49,$131.24,$124.99,$118.74,$112.49,$106.24,$99.99,$93.74,$87.49,$76.04,$77.08,$78.12,$79.16,$80.20,$81.24,$82.29,$83.33,$84.37,$85.41,$86.45,$87.49,$89.58,$91.66,$93.74,$95.83,$97.91,$99.99,$102.08,$104.16,$106.24,$108.32,$110.41,$112.49,$109.37,$106.24,$103.12,$99.99,$96.87,$93.74,$90.62,$87.49,$84.37,$81.24,$78.12,$74.99,$72.91,$70.83,$68.74,$66.66,$64.58,$62.49,$60.41,$58.33,$56.25,$54.16,$52.08,$50.00,$51.04,$52.08,$53.12,$54.16,$55.20,$56.25,$57.29,$58.33,$59.37,$60.41,$61.45,$62.49,$64.58,$66.66,$68.74,$70.83,$72.91,$106.24,$109.37,$112.49,$115.62,$52.50,$84.99,$124.99,$182.49,$199.98,$181.24
Corsair Vengeance LPX 8 GB,DDR4-2400,1 x 8GB,13.333 ns,16,$7.37,Black / Yellow,4.5,47,$83.06,$83.55,$84.05,$84.54,$85.03,$85.52,$86.01,$86.50,$87.00,$87.49,$87.98,$88.47,$73.72,$70.78,$67.83,$64.88,$61.93,$58.98,$56.03,$53.08,$50.13,$47.18,$44.24,$41.29,$35.88,$36.37,$36.86,$37.35,$37.85,$38.34,$38.83,$39.32,$39.81,$40.30,$40.79,$41.29,$42.27,$43.25,$44.23,$45.22,$46.20,$47.18,$48.17,$49.15,$50.13,$51.12,$52.10,$53.08,$51.61,$50.13,$48.66,$47.18,$45.71,$44.23,$42.76,$41.29,$39.81,$38.34,$36.86,$35.39,$34.40,$33.42,$32.44,$31.46,$30.47,$29.49,$28.51,$27.52,$26.54,$25.56,$24.57,$23.59,$24.08,$24.57,$25.07,$25.56,$26.05,$26.54,$27.03,$27.52,$28.02,$28.51,$29.00,$29.49,$30.47,$31.46,$32.44,$33.42,$34.41,$50.13,$51.61,$53.08,$54.56,$24.77,$40.11,$58.98,$86.11,$94.37,$85.52
Corsair Vengeance RGB 128 GB,DDR5-6400,2 x 64GB,13.125 ns,42,$11.68,Black,0.0,0,,,,,,,,,,,,,,,,,,,,,,,,,,,,,,,,,,,,,,,,,,,,,,,"$3,737.47","$3,737.47","$3,612.89","$3,488.31","$3,363.73","$3,239.14","$3,114.56","$2,989.98","$2,865.40","$2,740.82","$2,616.23","$2,491.65","$2,367.07","$2,242.49","$2,155.28","$2,068.07","$1,980.86","$1,893.65","$1,806.45","$1,719.24","$1,632.03","$1,544.82","$1,457.62","$1,370.41","$1,283.20","$1,195.99","$1,158.62","$1,121.24","$1,083.87","$1,046.49","$1,009.12",$971.74,$934.37,$896.99,$859.62,$822.24,$784.87,$747.50,$772.41,$797.33,$822.24,$847.16,$872.08,"$1,270.74","$1,308.12","$1,345.49","$1,382.87",$627.90,"$1,016.59","$1,494.99","$1,898.64","$1,779.04","$1,779.04"
Corsair Vengeance 32 GB,DDR5-6000,2 x 16GB,12 ns,36,$12.38,Black,5.0,7,,,,,,,,,,,,,,,,,,,,,,,,,,,,,,,,,,,,,,,,,,,,,,,$989.98,$989.98,$956.98,$923.98,$890.98,$857.98,$824.98,$791.98,$758.98,$725.98,$692.98,$659.98,$626.98,$593.99,$570.89,$547.79,$524.69,$501.59,$478.49,$455.39,$432.29,$409.19,$386.09,$362.99,$339.89,$316.79,$306.89,$296.99,$287.09,$277.19,$267.29,$257.39,$247.49,$237.59,$227.69,$217.79,$207.89,$198.00,$204.59,$211.19,$217.79,$224.39,$230.99,$336.59,$346.49,$356.39,$366.29,$166.32,$269.27,$395.99,$502.91,$471.23,$471.23
Klevv FIT V 32 GB,DDR5-5600,2 x 16GB,10.714 ns,30,$10.31,White,0.0,0,,,,,,,,,,,,,,,,,,,,,,,,,,,,,,,,,,,,,,,,,,,,,,,$824.98,$824.98,$797.48,$769.98,$742.48,$714.98,$687.48,$659.98,$632.48,$604.98,$577.48,$549.98,$522.48,$494.99,$475.74,$456.49,$437.24,$417.99,$398.74,$379.49,$360.24,$340.99,$321.74,$302.49,$283.24,$263.99,$255.74,$247.49,$239.24,$230.99,$222.74,$214.49,$206.24,$197.99,$189.74,$181.49,$173.24,$165.00,$170.49,$175.99,$181.49,$186.99,$192.49,$280.49,$288.74,$296.99,$305.24,$138.60,$224.39,$329.99,$419.09,$392.69,$392.69
Corsair Vengeance LPX 32 GB,DDR4-2133,2 x 16GB,12.189 ns,13,$5.19,Black / Yellow,4.5,10,$233.77,$235.15,$236.54,$237.92,$239.30,$240.69,$242.07,$243.45,$244.84,$246.22,$247.60,$248.99,$207.49,$199.19,$190.89,$182.59,$174.29,$165.99,$157.69,$149.39,$141.09,$132.79,$124.49,$116.19,$100.98,$102.36,$103.74,$105.13,$106.51,$107.89,$109.28,$110.66,$112.04,$113.43,$114.81,$116.19,$118.96,$121.73,$124.49,$127.26,$130.03,$132.79,$135.56,$138.32,$141.09,$143.86,$146.62,$149.39,$145.24,$141.09,$136.94,$132.79,$128.64,$124.49,$120.34,$116.19,$112.04,$107.89,$103.74,$99.59,$96.83,$94.06,$91.29,$88.53,$85.76,$83.00,$80.23,$77.46,$74.70,$71.93,$69.16,$66.40,$67.78,$69.16,$70.55,$71.93,$73.31,$74.70,$76.08,$77.46,$78.85,$80.23,$81.61,$83.00,$85.76,$88.53,$91.29,$94.06,$96.83,$141.09,$145.24,$149.39,$153.54,$69.72,$112.87,$165.99,$242.35,$265.58,$269.00
Corsair Vengeance LPX 32 GB,DDR4-3600,2 x 16GB,10 ns,18,$5.03,Black / Yellow,4.5,12,$226.73,$228.07,$229.41,$230.75,$232.09,$233.44,$234.78,$236.12,$237.46,$238.80,$240.14,$241.49,$201.24,$193.19,$185.14,$177.09,$169.04,$160.99,$152.94,$144.89,$136.84,$128.79,$120.74,$112.69,$97.94,$99.28,$100.62,$101.96,$103.30,$104.64,$105.99,$107.33,$108.67,$110.01,$111.35,$112.69,$115.38,$118.06,$120.74,$123.43,$126.11,$128.79,$131.48,$134.16,$136.84,$139.52,$142.21,$144.89,$140.87,$136.84,$132.82,$128.79,$124.77,$120.74,$116.72,$112.69,$108.67,$104.64,$100.62,$96.59,$93.91,$91.23,$88.54,$85.86,$83.18,$80.50,$77.81,$75.13,$72.45,$69.76,$67.08,$64.40,$65.74,$67.08,$68.42,$69.76,$71.10,$72.45,$73.79,$75.13,$76.47,$77.81,$79.15,$80.50,$83.18,$85.86,$88.54,$91.23,$93.91,$136.84,$140.87,$144.89,$148.92,$67.62,$109.47,$160.99,$235.05,$257.58,$269.00
Kingston FURY Beast RGB 32 GB,DDR5-6000,2 x 16GB,10 ns,30,$12.50,White,5.0,9,,,,,,,,,,,,,,,,,,,,,,,,,,,,,,,,,,,,,,,,,,,,,,,$999.98,$999.98,$966.64,$933.31,$899.98,$866.64,$833.31,$799.98,$766.65,$733.32,$699.98,$666.65,$633.32,$599.99,$576.65,$553.32,$529.99,$506.65,$483.32,$459.99,$436.66,$413.32,$389.99,$366.66,$343.32,$319.99,$309.99,$299.99,$289.99,$279.99,$269.99,$259.99,$249.99,$239.99,$229.99,$219.99,$209.99,$200.00,$206.66,$213.33,$219.99,$226.66,$233.33,$339.99,$349.99,$359.99,$369.99,$168.00,$271.99,$399.99,$507.99,$475.99,$475.99
Patriot Viper Venom 32 GB,DDR5-6000,2 x 16GB,12 ns,36,$10.47,Black / White,4.5,8,,,,,,,,,,,,,,,,,,,,,,,,,,,,,,,,,,,,,,,,,,,,,,,$837.48,$837.48,$809.56,$781.64,$753.73,$725.81,$697.90,$669.98,$642.06,$614.15,$586.23,$558.32,$530.40,$502.49,$482.94,$463.40,$443.86,$424.32,$404.78,$385.24,$365.70,$346.16,$326.62,$307.07,$287.53,$267.99,$259.62,$251.24,$242.87,$234.49,$226.12,$217.74,$209.37,$200.99,$192.62,$184.24,$175.87,$167.50,$173.08,$178.66,$184.24,$189.83,$195.41,$284.74,$293.12,$301.49,$309.87,$140.70,$227.79,$334.99,$425.44,$398.64,$398.64
Kingston FURY Beast 16 GB,DDR5-5600,1 x 16GB,14.286 ns,40,$19.56,Black,5.0,1,,,,,,,,,,,,,,,,,,,,,,,,,,,,,,,,,,,,,,,,,,,,,,,$782.33,$782.33,$756.25,$730.17,$704.09,$678.01,$651.94,$625.86,$599.78,$573.71,$547.63,$521.55,$495.47,$469.39,$451.14,$432.89,$414.63,$396.38,$378.12,$359.87,$341.62,$323.36,$305.11,$286.85,$268.60,$250.34,$242.52,$234.70,$226.87,$219.05,$211.23,$203.40,$195.58,$187.76,$179.93,$172.11,$164.29,$156.47,$161.68,$166.90,$172.11,$177.33,$182.54,$265.99,$273.81,$281.64,$289.46,$131.43,$212.79,$312.93,$397.42,$372.39,$372.39
Crucial Pro 64 GB,DDR5-5600,2 x 32GB,16.429 ns,46,$7.94,Black,4.5,4,,,,,,,,,,,,,,,,,,,,,,,,,,,,,,,,,,,,,,,,,,,,,,,"$1,269.97","$1,269.97","$1,227.64","$1,185.31","$1,142.98","$1,100.64","$1,058.31","$1,015.98",$973.65,$931.32,$888.98,$846.65,$804.32,$761.99,$732.35,$702.72,$673.09,$643.45,$613.82,$584.19,$554.56,$524.92,$495.29,$465.66,$436.02,$406.39,$393.69,$380.99,$368.29,$355.59,$342.89,$330.19,$317.49,$304.79,$292.09,$279.39,$266.69,$254.00,$262.46,$270.93,$279.39,$287.86,$296.33,$431.79,$444.49,$457.19,$469.89,$213.36,$345.43,$507.99,$645.15,$604.51,$604.51
Corsair Dominator Titanium 32 GB,DDR5-6000,2 x 16GB,10 ns,30,$14.97,White,4.5,12,,,,,,,,,,,,,,,,,,,,,,,,,,,,,,,,,,,,,,,,,,,,,,,"$1,197.47","$1,197.47","$1,157.56","$1,117.64","$1,077.73","$1,037.81",$997.90,$957.98,$918.06,$878.15,$838.23,$798.32,$758.40,$718.49,$690.54,$662.60,$634.66,$606.72,$578.78,$550.84,$522.90,$494.96,$467.02,$439.07,$411.13,$383.19,$371.22,$359.24,$347.27,$335.29,$323.32,$311.34,$299.37,$287.39,$275.42,$263.44,$251.47,$239.50,$247.48,$255.46,$263.44,$271.43,$279.41,$407.14,$419.12,$431.09,$443.07,$201.18,$325.71,$478.99,$608.32,$570.00,$570.00
Kingston FURY Beast 32 GB,DDR5-6000,2 x 16GB,12 ns,36,$11.72,Black,0.0,0,,,,,,,,,,,,,,,,,,,,,,,,,,,,,,,,,,,,,,,,,,,,,,,$937.48,$937.48,$906.23,$874.98,$843.73,$812.48,$781.23,$749.98,$718.73,$687.48,$656.23,$624.98,$593.73,$562.49,$540.61,$518.74,$496.86,$474.99,$453.11,$431.24,$409.36,$387.49,$365.62,$343.74,$321.87,$299.99,$290.62,$281.24,$271.87,$262.49,$253.12,$243.74,$234.37,$224.99,$215.62,$206.24,$196.87,$187.50,$193.74,$199.99,$206.24,$212.49,$218.74,$318.74,$328.12,$337.49,$346.87,$157.50,$254.99,$374.99,$476.24,$446.24,$446.24
Silicon Power GAMING 32 GB,DDR4-3200,2 x 16GB,10 ns,16,$6.87,Black,4.0,27,$309.79,$311.62,$313.46,$315.29,$317.12,$318.96,$320.79,$322.62,$324.46,$326.29,$328.12,$329.95,$274.96,$263.96,$252.97,$241.97,$230.97,$219.97,$208.97,$197.97,$186.97,$175.98,$164.98,$153.98,$133.82,$135.65,$137.48,$139.31,$141.15,$142.98,$144.81,$146.65,$148.48,$150.31,$152.15,$153.98,$157.65,$161.31,$164.98,$168.64,$172.31,$175.98,$179.64,$183.31,$186.97,$190.64,$194.31,$197.97,$192.47,$186.97,$181.48,$175.98,$170.48,$164.98,$159.48,$153.98,$148.48,$142.98,$137.48,$131.98,$128.32,$124.65,$120.98,$117.32,$113.65,$109.98,$106.32,$102.65,$98.99,$95.32,$91.65,$87.99,$89.82,$91.65,$93.49,$95.32,$97.15,$98.99,$100.82,$102.65,$104.49,$106.32,$108.15,$109.98,$113.65,$117.32,$120.98,$124.65,$128.32,$186.97,$192.47,$197.97,$203.47,$92.39,$149.58,$219.97,$321.16,$351.95,$318.96
Corsair Vengeance 32 GB,DDR5-5600,2 x 16GB,12.857 ns,36,$12.53,Gray,5.0,3,,,,,,,,,,,,,,,,,,,,,,,,,,,,,,,,,,,,,,,,,,,,,,,"$1,002.48","$1,002.48",$969.06,$935.64,$902.23,$868.81,$835.40,$801.98,$768.56,$735.15,$701.73,$668.32,$634.90,$601.49,$578.09,$554.70,$531.31,$507.92,$484.53,$461.14,$437.75,$414.36,$390.97,$367.57,$344.18,$320.79,$310.77,$300.74,$290.72,$280.69,$270.67,$260.64,$250.62,$240.59,$230.57,$220.54,$210.52,$200.50,$207.18,$213.86,$220.54,$227.23,$233.91,$340.84,$350.87,$360.89,$370.92,$168.42,$272.67,$400.99,$509.26,$477.18,$477.18
G.Skill Trident Z RGB 16 GB,DDR4-3200,2 x 8GB,10 ns,16,$8.44,Black,4.5,359,$190.11,$191.24,$192.36,$193.49,$194.61,$195.74,$196.86,$197.99,$199.11,$200.24,$201.36,$202.49,$168.74,$161.99,$155.24,$148.49,$141.74,$134.99,$128.24,$121.49,$114.74,$107.99,$101.24,$94.49,$82.12,$83.24,$84.37,$85.49,$86.62,$87.74,$88.87,$89.99,$91.12,$92.24,$93.37,$94.49,$96.74,$98.99,$101.24,$103.49,$105.74,$107.99,$110.24,$112.49,$114.74,$116.99,$119.24,$121.49,$118.12,$114.74,$111.37,$107.99,$104.62,$101.24,$97.87,$94.49,$91.12,$87.74,$84.37,$80.99,$78.74,$76.49,$74.24,$71.99,$69.74,$67.50,$65.25,$63.00,$60.75,$58.50,$56.25,$54.00,$55.12,$56.25,$57.37,$58.50,$59.62,$60.75,$61.87,$63.00,$64.12,$65.25,$66.37,$67.50,$69.74,$71.99,$74.24,$76.49,$78.74,$114.74,$118.12,$121.49,$124.87,$56.70,$91.79,$134.99,$197.09,$215.98,$195.74
G.Skill Ripjaws S5 32 GB,DDR5-6400,2 x 16GB,10 ns,32,$13.75,Black,5.0,10,,,,,,,,,,,,,,,,,,,,,,,,,,,,,,,,,,,,,,,,,,,,,,,"$1,099.97","$1,099.97","$1,063.31","$1,026.64",$989.98,$953.31,$916.65,$879.98,$843.31,$806.65,$769.98,$733.32,$696.65,$659.99,$634.32,$608.65,$582.99,$557.32,$531.65,$505.99,$480.32,$454.66,$428.99,$403.32,$377.66,$351.99,$340.99,$329.99,$318.99,$307.99,$296.99,$285.99,$274.99,$263.99,$252.99,$241.99,$230.99,$220.00,$227.33,$234.66,$241.99,$249.33,$256.66,$373.99,$384.99,$395.99,$406.99,$184.80,$299.19,$439.99,$558.79,$523.59,$523.59
Crucial Pro 32 GB,DDR5-6400,2 x 16GB,11.875 ns,38,$9.97,White,5.0,1,,,,,,,,,,,,,,,,,,,,,,,,,,,,,,,,,,,,,,,,,,,,,,,$797.48,$797.48,$770.89,$744.31,$717.73,$691.14,$664.56,$637.98,$611.40,$584.82,$558.23,$531.65,$505.07,$478.49,$459.88,$441.27,$422.66,$404.05,$385.45,$366.84,$348.23,$329.62,$311.02,$292.41,$273.80,$255.19,$247.22,$239.24,$231.27,$223.29,$215.32,$207.34,$199.37,$191.39,$183.42,$175.44,$167.47,$159.50,$164.81,$170.13,$175.44,$180.76,$186.08,$271.14,$279.12,$287.09,$295.07,$133.98,$216.91,$318.99,$405.12,$379.60,$323.99
Corsair Vengeance 16 GB,DDR5-5200,1 x 16GB,15.385 ns,40,$12.25,Black,0.0,0,,,,,,,,,,,,,,,,,,,,,,,,,,,,,,,,,,,,,,,,,,,,,,,$489.98,$489.98,$473.64,$457.31,$440.98,$424.64,$408.31,$391.98,$375.65,$359.32,$342.98,$326.65,$310.32,$293.99,$282.55,$271.12,$259.69,$248.25,$236.82,$225.39,$213.96,$202.52,$191.09,$179.66,$168.22,$156.79,$151.89,$146.99,$142.09,$137.19,$132.29,$127.39,$122.49,$117.59,$112.69,$107.79,$102.89,$98.00,$101.26,$104.53,$107.79,$111.06,$114.33,$166.59,$171.49,$176.39,$181.29,$82.32,$133.27,$195.99,$248.91,$233.23,$233.23
Corsair Vengeance RGB 128 GB,DDR5-5600,4 x 32GB,14.286 ns,40,$13.66,Black,0.0,0,,,,,,,,,,,,,,,,,,,,,,,,,,,,,,,,,,,,,,,,,,,,,,,"$4,369.98","$4,369.98","$4,224.31","$4,078.64","$3,932.98","$3,787.31","$3,641.65","$3,495.98","$3,350.31","$3,204.65","$3,058.98","$2,913.32","$2,767.65","$2,621.99","$2,520.02","$2,418.05","$2,316.09","$2,214.12","$2,112.15","$2,010.19","$1,908.22","$1,806.26","$1,704.29","$1,602.32","$1,500.36","$1,398.39","$1,354.69","$1,310.99","$1,267.29","$1,223.59","$1,179.89","$1,136.19","$1,092.49","$1,048.79","$1,005.09",$961.39,$917.69,$874.00,$903.13,$932.26,$961.39,$990.53,"$1,019.66","$1,485.79","$1,529.49","$1,573.19","$1,616.89",$734.16,"$1,188.63","$1,747.99","$2,219.95","$2,080.11","$2,080.11"
G.Skill Trident Z5 Neo 128 GB,DDR5-6000,2 x 64GB,10.667 ns,32,$11.72,Black,0.0,0,,,,,,,,,,,,,,,,,,,,,,,,,,,,,,,,,,,,,,,,,,,,,,,"$3,749.97","$3,749.97","$3,624.98","$3,499.98","$3,374.98","$3,249.98","$3,124.98","$2,999.98","$2,874.98","$2,749.98","$2,624.98","$2,499.98","$2,374.98","$2,249.99","$2,162.49","$2,074.99","$1,987.49","$1,899.99","$1,812.49","$1,724.99","$1,637.49","$1,549.99","$1,462.49","$1,374.99","$1,287.49","$1,199.99","$1,162.49","$1,124.99","$1,087.49","$1,049.99","$1,012.49",$974.99,$937.49,$899.99,$862.49,$824.99,$787.49,$750.00,$774.99,$799.99,$824.99,$849.99,$874.99,"$1,274.99","$1,312.49","$1,349.99","$1,387.49",$630.00,"$1,019.99","$1,499.99","$1,904.99","$1,784.99","$1,784.99"
Corsair Vengeance 32 GB,DDR5-5200,2 x 16GB,15.385 ns,40,$12.06,Black,4.5,14,,,,,,,,,,,,,,,,,,,,,,,,,,,,,,,,,,,,,,,,,,,,,,,$964.98,$964.98,$932.81,$900.64,$868.48,$836.31,$804.15,$771.98,$739.81,$707.65,$675.48,$643.32,$611.15,$578.99,$556.47,$533.95,$511.44,$488.92,$466.40,$443.89,$421.37,$398.86,$376.34,$353.82,$331.31,$308.79,$299.14,$289.49,$279.84,$270.19,$260.54,$250.89,$241.24,$231.59,$221.94,$212.29,$202.64,$193.00,$199.43,$205.86,$212.29,$218.73,$225.16,$328.09,$337.74,$347.39,$357.04,$162.12,$262.47,$385.99,$490.21,$459.33,$459.33
PNY XLR8 Gaming Low Profile 32 GB,DDR4-3200,2 x 16GB,10 ns,16,$10.47,Black / Red,0.0,0,$472.02,$474.81,$477.60,$480.40,$483.19,$485.98,$488.78,$491.57,$494.36,$497.15,$499.95,$502.74,$418.95,$402.19,$385.43,$368.68,$351.92,$335.16,$318.40,$301.64,$284.89,$268.13,$251.37,$234.61,$203.89,$206.68,$209.48,$212.27,$215.06,$217.85,$220.65,$223.44,$226.23,$229.03,$231.82,$234.61,$240.20,$245.78,$251.37,$256.96,$262.54,$268.13,$273.71,$279.30,$284.89,$290.47,$296.06,$301.64,$293.27,$284.89,$276.51,$268.13,$259.75,$251.37,$242.99,$234.61,$226.23,$217.85,$209.48,$201.10,$195.51,$189.92,$184.34,$178.75,$173.17,$167.58,$161.99,$156.41,$150.82,$145.24,$139.65,$134.06,$136.86,$139.65,$142.44,$145.24,$148.03,$150.82,$153.62,$156.41,$159.20,$161.99,$164.79,$167.58,$173.17,$178.75,$184.34,$189.92,$195.51,$284.89,$293.27,$301.64,$310.02,$140.77,$227.91,$335.16,$489.33,$536.26,$485.98
G.Skill Trident Z5 RGB 64 GB,DDR5-6400,2 x 32GB,10 ns,32,$14.38,Black / Silver,4.5,30,,,,,,,,,,,,,,,,,,,,,,,,,,,,,,,,,,,,,,,,,,,,,,,"$2,299.97","$2,299.97","$2,223.31","$2,146.64","$2,069.98","$1,993.31","$1,916.65","$1,839.98","$1,763.31","$1,686.65","$1,609.98","$1,533.32","$1,456.65","$1,379.99","$1,326.32","$1,272.65","$1,218.99","$1,165.32","$1,111.65","$1,057.99","$1,004.32",$950.66,$896.99,$843.32,$789.66,$735.99,$712.99,$689.99,$666.99,$643.99,$620.99,$597.99,$574.99,$551.99,$528.99,$505.99,$482.99,$460.00,$475.33,$490.66,$505.99,$521.33,$536.66,$781.99,$804.99,$827.99,$850.99,$386.40,$625.59,$919.99,"$1,168.39","$1,094.79","$1,094.79"
Corsair Vengeance LPX 16 GB,DDR4-3200,1 x 16GB,10 ns,16,$5.37,Black / Yellow,5.0,1,$121.10,$121.82,$122.54,$123.25,$123.97,$124.69,$125.40,$126.12,$126.84,$127.55,$128.27,$128.98,$107.49,$103.19,$98.89,$94.59,$90.29,$85.99,$81.69,$77.39,$73.09,$68.79,$64.49,$60.19,$52.31,$53.03,$53.74,$54.46,$55.18,$55.89,$56.61,$57.33,$58.04,$58.76,$59.48,$60.19,$61.63,$63.06,$64.49,$65.93,$67.36,$68.79,$70.23,$71.66,$73.09,$74.52,$75.96,$77.39,$75.24,$73.09,$70.94,$68.79,$66.64,$64.49,$62.34,$60.19,$58.04,$55.89,$53.74,$51.59,$50.16,$48.73,$47.29,$45.86,$44.43,$42.99,$41.56,$40.13,$38.70,$37.26,$35.83,$34.40,$35.11,$35.83,$36.55,$37.26,$37.98,$38.70,$39.41,$40.13,$40.85,$41.56,$42.28,$42.99,$44.43,$45.86,$47.29,$48.73,$50.16,$73.09,$75.24,$77.39,$79.54,$36.12,$58.47,$85.99,$125.55,$137.58,$144.99
Corsair Vengeance LPX 16 GB,DDR4-3600,2 x 8GB,10 ns,18,$7.19,Black,4.5,134,$161.94,$162.90,$163.86,$164.82,$165.78,$166.74,$167.69,$168.65,$169.61,$170.57,$171.53,$172.48,$143.74,$137.99,$132.24,$126.49,$120.74,$114.99,$109.24,$103.49,$97.74,$91.99,$86.24,$80.49,$69.95,$70.91,$71.87,$72.83,$73.79,$74.74,$75.70,$76.66,$77.62,$78.58,$79.53,$80.49,$82.41,$84.33,$86.24,$88.16,$90.08,$91.99,$93.91,$95.82,$97.74,$99.66,$101.57,$103.49,$100.62,$97.74,$94.87,$91.99,$89.12,$86.24,$83.37,$80.49,$77.62,$74.74,$71.87,$68.99,$67.08,$65.16,$63.24,$61.33,$59.41,$57.49,$55.58,$53.66,$51.75,$49.83,$47.91,$46.00,$46.95,$47.91,$48.87,$49.83,$50.79,$51.75,$52.70,$53.66,$54.62,$55.58,$56.54,$57.49,$59.41,$61.33,$63.24,$65.16,$67.08,$97.74,$100.62,$103.49,$106.37,$48.30,$78.19,$114.99,$167.89,$183.98,$144.99
Crucial Pro 32 GB,DDR5-6000,2 x 16GB,16 ns,48,$11.88,Black,0.0,0,,,,,,,,,,,,,,,,,,,,,,,,,,,,,,,,,,,,,,,,,,,,,,,$949.98,$949.98,$918.31,$886.64,$854.98,$823.31,$791.65,$759.98,$728.31,$696.65,$664.98,$633.32,$601.65,$569.99,$547.82,$525.65,$503.49,$481.32,$459.15,$436.99,$414.82,$392.66,$370.49,$348.32,$326.16,$303.99,$294.49,$284.99,$275.49,$265.99,$256.49,$246.99,$237.49,$227.99,$218.49,$208.99,$199.49,$190.00,$196.33,$202.66,$208.99,$215.33,$221.66,$322.99,$332.49,$341.99,$351.49,$159.60,$258.39,$379.99,$482.59,$452.19,$323.99
Kingston FURY Beast RGB 64 GB,DDR5-6000,2 x 32GB,10 ns,30,$11.09,Black,4.5,5,,,,,,,,,,,,,,,,,,,,,,,,,,,,,,,,,,,,,,,,,,,,,,,"$1,774.97","$1,774.97","$1,715.81","$1,656.64","$1,597.48","$1,538.31","$1,479.15","$1,419.98","$1,360.81","$1,301.65","$1,242.48","$1,183.32","$1,124.15","$1,064.99","$1,023.57",$982.15,$940.74,$899.32,$857.90,$816.49,$775.07,$733.66,$692.24,$650.82,$609.41,$567.99,$550.24,$532.49,$514.74,$496.99,$479.24,$461.49,$443.74,$425.99,$408.24,$390.49,$372.74,$355.00,$366.83,$378.66,$390.49,$402.33,$414.16,$603.49,$621.24,$638.99,$656.74,$298.20,$482.79,$709.99,$901.69,$844.89,$844.89
Corsair Vengeance LPX 16 GB,DDR4-2133,2 x 8GB,12.189 ns,13,$5.94,Black / Yellow,4.5,37,$133.78,$134.57,$135.36,$136.15,$136.94,$137.74,$138.53,$139.32,$140.11,$140.90,$141.69,$142.48,$118.74,$113.99,$109.24,$104.49,$99.74,$94.99,$90.24,$85.49,$80.74,$75.99,$71.24,$66.49,$57.79,$58.58,$59.37,$60.16,$60.95,$61.74,$62.54,$63.33,$64.12,$64.91,$65.70,$66.49,$68.08,$69.66,$71.24,$72.83,$74.41,$75.99,$77.58,$79.16,$80.74,$82.32,$83.91,$85.49,$83.12,$80.74,$78.37,$75.99,$73.62,$71.24,$68.87,$66.49,$64.12,$61.74,$59.37,$56.99,$55.41,$53.83,$52.24,$50.66,$49.08,$47.49,$45.91,$44.33,$42.75,$41.16,$39.58,$38.00,$38.79,$39.58,$40.37,$41.16,$41.95,$42.75,$43.54,$44.33,$45.12,$45.91,$46.70,$47.49,$49.08,$50.66,$52.24,$53.83,$55.41,$80.74,$83.12,$85.49,$87.87,$39.90,$64.59,$94.99,$138.69,$151.98,$144.99
G.Skill Ripjaws V 32 GB,DDR4-3600,2 x 16GB,8.889 ns,16,$7.81,Black,4.5,107,$352.07,$354.15,$356.24,$358.32,$360.40,$362.49,$364.57,$366.65,$368.74,$370.82,$372.90,$374.99,$312.49,$299.99,$287.49,$274.99,$262.49,$249.99,$237.49,$224.99,$212.49,$199.99,$187.49,$174.99,$152.08,$154.16,$156.24,$158.33,$160.41,$162.49,$164.58,$166.66,$168.74,$170.83,$172.91,$174.99,$179.16,$183.33,$187.49,$191.66,$195.83,$199.99,$204.16,$208.32,$212.49,$216.66,$220.82,$224.99,$218.74,$212.49,$206.24,$199.99,$193.74,$187.49,$181.24,$174.99,$168.74,$162.49,$156.24,$149.99,$145.83,$141.66,$137.49,$133.33,$129.16,$125.00,$120.83,$116.66,$112.50,$108.33,$104.16,$100.00,$102.08,$104.16,$106.25,$108.33,$110.41,$112.50,$114.58,$116.66,$118.75,$120.83,$122.91,$125.00,$129.16,$133.33,$137.49,$141.66,$145.83,$212.49,$218.74,$224.99,$231.24,$105.00,$169.99,$249.99,$364.99,$399.98,$362.49
Kingston FURY Beast 16 GB,DDR5-5600,2 x 8GB,12.857 ns,36,$27.88,Black / Silver,4.0,2,,,,,,,,,,,,,,,,,,,,,,,,,,,,,,,,,,,,,,,,,,,,,,,"$1,115.28","$1,115.28","$1,078.10","$1,040.92","$1,003.75",$966.57,$929.40,$892.22,$855.04,$817.87,$780.69,$743.52,$706.34,$669.16,$643.14,$617.12,$591.10,$565.07,$539.05,$513.03,$487.00,$460.98,$434.96,$408.93,$382.91,$356.89,$345.74,$334.58,$323.43,$312.28,$301.12,$289.97,$278.82,$267.67,$256.51,$245.36,$234.21,$223.06,$230.49,$237.93,$245.36,$252.80,$260.23,$379.19,$390.35,$401.50,$412.65,$187.37,$303.35,$446.11,$566.56,$530.87,$530.87
Corsair Vengeance 64 GB,DDR5-6000,2 x 32GB,10 ns,30,$13.13,Black / Gray,4.5,11,,,,,,,,,,,,,,,,,,,,,,,,,,,,,,,,,,,,,,,,,,,,,,,"$2,099.97","$2,099.97","$2,029.98","$1,959.98","$1,889.98","$1,819.98","$1,749.98","$1,679.98","$1,609.98","$1,539.98","$1,469.98","$1,399.98","$1,329.98","$1,259.99","$1,210.99","$1,161.99","$1,112.99","$1,063.99","$1,014.99",$965.99,$916.99,$867.99,$818.99,$769.99,$720.99,$671.99,$650.99,$629.99,$608.99,$587.99,$566.99,$545.99,$524.99,$503.99,$482.99,$461.99,$440.99,$420.00,$433.99,$447.99,$461.99,$475.99,$489.99,$713.99,$734.99,$755.99,$776.99,$352.80,$571.19,$839.99,"$1,066.79",$999.59,$999.59
G.Skill Trident Z5 Neo RGB 64 GB,DDR5-6000,2 x 32GB,8.667 ns,26,$16.41,Black,0.0,0,,,,,,,,,,,,,,,,,,,,,,,,,,,,,,,,,,,,,,,,,,,,,,,"$2,624.97","$2,624.97","$2,537.48","$2,449.98","$2,362.48","$2,274.98","$2,187.48","$2,099.98","$2,012.48","$1,924.98","$1,837.48","$1,749.98","$1,662.48","$1,574.99","$1,513.74","$1,452.49","$1,391.24","$1,329.99","$1,268.74","$1,207.49","$1,146.24","$1,084.99","$1,023.74",$962.49,$901.24,$839.99,$813.74,$787.49,$761.24,$734.99,$708.74,$682.49,$656.24,$629.99,$603.74,$577.49,$551.24,$525.00,$542.49,$559.99,$577.49,$594.99,$612.49,$892.49,$918.74,$944.99,$971.24,$441.00,$713.99,"$1,049.99","$1,333.49","$1,249.49","$1,249.49"
Corsair Dominator Titanium 64 GB,DDR5-6600,2 x 32GB,9.697 ns,32,$14.92,Black,5.0,1,,,,,,,,,,,,,,,,,,,,,,,,,,,,,,,,,,,,,,,,,,,,,,,"$2,387.47","$2,387.47","$2,307.89","$2,228.31","$2,148.73","$2,069.14","$1,989.56","$1,909.98","$1,830.40","$1,750.82","$1,671.23","$1,591.65","$1,512.07","$1,432.49","$1,376.78","$1,321.07","$1,265.36","$1,209.65","$1,153.95","$1,098.24","$1,042.53",$986.82,$931.12,$875.41,$819.70,$763.99,$740.12,$716.24,$692.37,$668.49,$644.62,$620.74,$596.87,$572.99,$549.12,$525.24,$501.37,$477.50,$493.41,$509.33,$525.24,$541.16,$557.08,$811.74,$835.62,$859.49,$883.37,$401.10,$649.39,$954.99,"$1,212.84","$1,136.44","$1,136.44"
Corsair Dominator Titanium 32 GB,DDR5-6400,2 x 16GB,10 ns,32,$15.25,Black,0.0,0,,,,,,,,,,,,,,,,,,,,,,,,,,,,,,,,,,,,,,,,,,,,,,,"$1,219.97","$1,219.97","$1,179.31","$1,138.64","$1,097.98","$1,057.31","$1,016.65",$975.98,$935.31,$894.65,$853.98,$813.32,$772.65,$731.99,$703.52,$675.05,$646.59,$618.12,$589.65,$561.19,$532.72,$504.26,$475.79,$447.32,$418.86,$390.39,$378.19,$365.99,$353.79,$341.59,$329.39,$317.19,$304.99,$292.79,$280.59,$268.39,$256.19,$244.00,$252.13,$260.26,$268.39,$276.53,$284.66,$414.79,$426.99,$439.19,$451.39,$204.96,$331.83,$487.99,$619.75,$580.71,$580.71
G.Skill Trident Z RGB 64 GB,DDR4-3600,2 x 32GB,10 ns,18,$6.72,Black,4.5,10,$605.57,$609.15,$612.74,$616.32,$619.90,$623.49,$627.07,$630.65,$634.24,$637.82,$641.40,$644.99,$537.49,$515.99,$494.49,$472.99,$451.49,$429.99,$408.49,$386.99,$365.49,$343.99,$322.49,$300.99,$261.58,$265.16,$268.74,$272.33,$275.91,$279.49,$283.08,$286.66,$290.24,$293.83,$297.41,$300.99,$308.16,$315.33,$322.49,$329.66,$336.83,$343.99,$351.16,$358.32,$365.49,$372.66,$379.82,$386.99,$376.24,$365.49,$354.74,$343.99,$333.24,$322.49,$311.74,$300.99,$290.24,$279.49,$268.74,$257.99,$250.83,$243.66,$236.49,$229.33,$222.16,$215.00,$207.83,$200.66,$193.50,$186.33,$179.16,$172.00,$175.58,$179.16,$182.75,$186.33,$189.91,$193.50,$197.08,$200.66,$204.25,$207.83,$211.41,$215.00,$222.16,$229.33,$236.49,$243.66,$250.83,$365.49,$376.24,$386.99,$397.74,$180.60,$292.39,$429.99,$627.79,$687.98,$623.49
Kingston FURY Beast RGB 32 GB,DDR5-5600,2 x 16GB,12.857 ns,36,$9.50,Black,4.5,7,,,,,,,,,,,,,,,,,,,,,,,,,,,,,,,,,,,,,,,,,,,,,,,$760.00,$760.00,$734.67,$709.33,$684.00,$658.67,$633.33,$608.00,$582.67,$557.33,$532.00,$506.67,$481.33,$456.00,$438.27,$420.53,$402.80,$385.07,$367.33,$349.60,$331.87,$314.13,$296.40,$278.67,$260.93,$243.20,$235.60,$228.00,$220.40,$212.80,$205.20,$197.60,$190.00,$182.40,$174.80,$167.20,$159.60,$152.00,$157.07,$162.13,$167.20,$172.27,$177.33,$258.40,$266.00,$273.60,$281.20,$127.68,$206.72,$304.00,$386.08,$361.76,$361.76
Silicon Power XPOWER Zenith Gaming 32 GB,DDR5-6000,2 x 16GB,10 ns,30,$12.37,White,4.0,6,,,,,,,,,,,,,,,,,,,,,,,,,,,,,,,,,,,,,,,,,,,,,,,$989.48,$989.48,$956.49,$923.51,$890.53,$857.54,$824.56,$791.58,$758.60,$725.62,$692.63,$659.65,$626.67,$593.69,$570.60,$547.51,$524.42,$501.33,$478.25,$455.16,$432.07,$408.98,$385.90,$362.81,$339.72,$316.63,$306.74,$296.84,$286.95,$277.05,$267.16,$257.26,$247.37,$237.47,$227.58,$217.68,$207.79,$197.90,$204.49,$211.09,$217.68,$224.28,$230.88,$336.42,$346.32,$356.21,$366.11,$166.23,$269.14,$395.79,$502.65,$470.99,$470.99
Patriot Viper Venom 32 GB,DDR5-6400,2 x 16GB,10 ns,32,$10.47,Black / White,5.0,5,,,,,,,,,,,,,,,,,,,,,,,,,,,,,,,,,,,,,,,,,,,,,,,$837.48,$837.48,$809.56,$781.64,$753.73,$725.81,$697.90,$669.98,$642.06,$614.15,$586.23,$558.32,$530.40,$502.49,$482.94,$463.40,$443.86,$424.32,$404.78,$385.24,$365.70,$346.16,$326.62,$307.07,$287.53,$267.99,$259.62,$251.24,$242.87,$234.49,$226.12,$217.74,$209.37,$200.99,$192.62,$184.24,$175.87,$167.50,$173.08,$178.66,$184.24,$189.83,$195.41,$284.74,$293.12,$301.49,$309.87,$140.70,$227.79,$334.99,$425.44,$398.64,$398.64
TEAMGROUP T-Force Delta RGB 16 GB,DDR4-3600,2 x 8GB,10 ns,18,$7.19,White,4.5,26,$161.94,$162.90,$163.86,$164.82,$165.78,$166.74,$167.69,$168.65,$169.61,$170.57,$171.53,$172.48,$143.74,$137.99,$132.24,$126.49,$120.74,$114.99,$109.24,$103.49,$97.74,$91.99,$86.24,$80.49,$69.95,$70.91,$71.87,$72.83,$73.79,$74.74,$75.70,$76.66,$77.62,$78.58,$79.53,$80.49,$82.41,$84.33,$86.24,$88.16,$90.08,$91.99,$93.91,$95.82,$97.74,$99.66,$101.57,$103.49,$100.62,$97.74,$94.87,$91.99,$89.12,$86.24,$83.37,$80.49,$77.62,$74.74,$71.87,$68.99,$67.08,$65.16,$63.24,$61.33,$59.41,$57.49,$55.58,$53.66,$51.75,$49.83,$47.91,$46.00,$46.95,$47.91,$48.87,$49.83,$50.79,$51.75,$52.70,$53.66,$54.62,$55.58,$56.54,$57.49,$59.41,$61.33,$63.24,$65.16,$67.08,$97.74,$100.62,$103.49,$106.37,$48.30,$78.19,$114.99,$167.89,$183.98,$166.74
TEAMGROUP T-Create Expert 32 GB,DDR5-6000,2 x 16GB,10 ns,30,$13.75,White,4.5,40,,,,,,,,,,,,,,,,,,,,,,,,,,,,,,,,,,,,,,,,,,,,,,,"$1,099.97","$1,099.97","$1,063.31","$1,026.64",$989.98,$953.31,$916.65,$879.98,$843.31,$806.65,$769.98,$733.32,$696.65,$659.99,$634.32,$608.65,$582.99,$557.32,$531.65,$505.99,$480.32,$454.66,$428.99,$403.32,$377.66,$351.99,$340.99,$329.99,$318.99,$307.99,$296.99,$285.99,$274.99,$263.99,$252.99,$241.99,$230.99,$220.00,$227.33,$234.66,$241.99,$249.33,$256.66,$373.99,$384.99,$395.99,$406.99,$184.80,$299.19,$439.99,$558.79,$523.59,$523.59
Crucial CT2K8G4DFRA32A 16 GB,DDR4-3200,2 x 8GB,13.75 ns,22,$6.06,Green,5.0,2,$136.59,$137.40,$138.21,$139.02,$139.83,$140.64,$141.44,$142.25,$143.06,$143.87,$144.68,$145.48,$121.24,$116.39,$111.54,$106.69,$101.84,$96.99,$92.14,$87.29,$82.44,$77.59,$72.74,$67.89,$59.00,$59.81,$60.62,$61.43,$62.24,$63.04,$63.85,$64.66,$65.47,$66.28,$67.08,$67.89,$69.51,$71.13,$72.74,$74.36,$75.98,$77.59,$79.21,$80.82,$82.44,$84.06,$85.67,$87.29,$84.87,$82.44,$80.02,$77.59,$75.17,$72.74,$70.32,$67.89,$65.47,$63.04,$60.62,$58.19,$56.58,$54.96,$53.34,$51.73,$50.11,$48.49,$46.88,$45.26,$43.65,$42.03,$40.41,$38.80,$39.60,$40.41,$41.22,$42.03,$42.84,$43.65,$44.45,$45.26,$46.07,$46.88,$47.69,$48.49,$50.11,$51.73,$53.34,$54.96,$56.58,$82.44,$84.87,$87.29,$89.72,$40.74,$65.95,$96.99,$141.61,$155.18,$140.64
Corsair Vengeance RGB 64 GB,DDR5-6000,2 x 32GB,10 ns,30,$13.77,White / Silver,4.5,7,,,,,,,,,,,,,,,,,,,,,,,,,,,,,,,,,,,,,,,,,,,,,,,"$2,202.47","$2,202.47","$2,129.06","$2,055.64","$1,982.23","$1,908.81","$1,835.40","$1,761.98","$1,688.56","$1,615.15","$1,541.73","$1,468.32","$1,394.90","$1,321.49","$1,270.09","$1,218.70","$1,167.31","$1,115.92","$1,064.53","$1,013.14",$961.75,$910.36,$858.97,$807.57,$756.18,$704.79,$682.77,$660.74,$638.72,$616.69,$594.67,$572.64,$550.62,$528.59,$506.57,$484.54,$462.52,$440.50,$455.18,$469.86,$484.54,$499.23,$513.91,$748.84,$770.87,$792.89,$814.92,$370.02,$599.07,$880.99,"$1,118.86","$1,048.38","$1,048.38"
G.Skill Flare X5 32 GB,DDR5-6000,2 x 16GB,10.667 ns,32,$13.78,Black,4.5,43,,,,,,,,,,,,,,,,,,,,,,,,,,,,,,,,,,,,,,,,,,,,,,,"$1,102.50","$1,102.50","$1,065.75","$1,029.00",$992.25,$955.50,$918.75,$882.00,$845.25,$808.50,$771.75,$735.00,$698.25,$661.50,$635.77,$610.05,$584.32,$558.60,$532.88,$507.15,$481.43,$455.70,$429.98,$404.25,$378.53,$352.80,$341.78,$330.75,$319.73,$308.70,$297.68,$286.65,$275.62,$264.60,$253.58,$242.55,$231.53,$220.50,$227.85,$235.20,$242.55,$249.90,$257.25,$374.85,$385.88,$396.90,$407.92,$185.22,$299.88,$441.00,$560.07,$524.79,$449.99
ADATA XPG Lancer Blade 32 GB,DDR5-6000,2 x 16GB,10 ns,30,$21.23,Black,5.0,11,,,,,,,,,,,,,,,,,,,,,,,,,,,,,,,,,,,,,,,,,,,,,,,"$1,698.42","$1,698.42","$1,641.81","$1,585.20","$1,528.58","$1,471.97","$1,415.35","$1,358.74","$1,302.13","$1,245.51","$1,188.90","$1,132.28","$1,075.67","$1,019.06",$979.43,$939.80,$900.17,$860.54,$820.91,$781.28,$741.65,$702.02,$662.39,$622.76,$583.13,$543.50,$526.51,$509.53,$492.54,$475.56,$458.57,$441.59,$424.61,$407.62,$390.64,$373.65,$356.67,$339.69,$351.01,$362.33,$373.65,$384.98,$396.30,$577.46,$594.45,$611.43,$628.42,$285.34,$461.97,$679.37,$862.80,$808.45,$808.45
Patriot Viper Venom 16 GB,DDR5-6000,2 x 8GB,12 ns,36,$12.50,Black / Silver,0.0,0,,,,,,,,,,,,,,,,,,,,,,,,,,,,,,,,,,,,,,,,,,,,,,,$499.98,$499.98,$483.31,$466.64,$449.98,$433.31,$416.65,$399.98,$383.31,$366.65,$349.98,$333.32,$316.65,$299.99,$288.32,$276.65,$264.99,$253.32,$241.65,$229.99,$218.32,$206.66,$194.99,$183.32,$171.66,$159.99,$154.99,$149.99,$144.99,$139.99,$134.99,$129.99,$124.99,$119.99,$114.99,$109.99,$104.99,$100.00,$103.33,$106.66,$109.99,$113.33,$116.66,$169.99,$174.99,$179.99,$184.99,$84.00,$135.99,$199.99,$253.99,$237.99,$237.99
G.Skill Trident Z5 Neo 64 GB,DDR5-6000,2 x 32GB,10 ns,30,$11.66,Black / Silver,4.5,20,,,,,,,,,,,,,,,,,,,,,,,,,,,,,,,,,,,,,,,,,,,,,,,"$1,864.97","$1,864.97","$1,802.81","$1,740.64","$1,678.48","$1,616.31","$1,554.15","$1,491.98","$1,429.81","$1,367.65","$1,305.48","$1,243.32","$1,181.15","$1,118.99","$1,075.47","$1,031.95",$988.44,$944.92,$901.40,$857.89,$814.37,$770.86,$727.34,$683.82,$640.31,$596.79,$578.14,$559.49,$540.84,$522.19,$503.54,$484.89,$466.24,$447.59,$428.94,$410.29,$391.64,$373.00,$385.43,$397.86,$410.29,$422.73,$435.16,$634.09,$652.74,$671.39,$690.04,$313.32,$507.27,$745.99,$947.41,$887.73,$887.73
Crucial Pro 32 GB,DDR4-3200,2 x 16GB,13.75 ns,22,$6.22,Black,4.5,13,$280.24,$281.90,$283.56,$285.22,$286.88,$288.54,$290.19,$291.85,$293.51,$295.17,$296.83,$298.49,$248.74,$238.79,$228.84,$218.89,$208.94,$198.99,$189.04,$179.09,$169.14,$159.19,$149.24,$139.29,$121.05,$122.71,$124.37,$126.03,$127.69,$129.34,$131.00,$132.66,$134.32,$135.98,$137.63,$139.29,$142.61,$145.93,$149.24,$152.56,$155.88,$159.19,$162.51,$165.82,$169.14,$172.46,$175.77,$179.09,$174.12,$169.14,$164.17,$159.19,$154.22,$149.24,$144.27,$139.29,$134.32,$129.34,$124.37,$119.39,$116.08,$112.76,$109.44,$106.13,$102.81,$99.50,$96.18,$92.86,$89.55,$86.23,$82.91,$79.60,$81.25,$82.91,$84.57,$86.23,$87.89,$89.55,$91.20,$92.86,$94.52,$96.18,$97.84,$99.50,$102.81,$106.13,$109.44,$112.76,$116.08,$169.14,$174.12,$179.09,$184.07,$83.58,$135.31,$198.99,$290.53,$318.38,$323.99
G.Skill Trident Z RGB 32 GB,DDR4-4000,2 x 16GB,9 ns,18,$6.53,Black,5.0,5,$294.34,$296.08,$297.82,$299.57,$301.31,$303.05,$304.79,$306.53,$308.27,$310.02,$311.76,$313.50,$261.25,$250.80,$240.35,$229.90,$219.45,$209.00,$198.55,$188.10,$177.65,$167.20,$156.75,$146.30,$127.14,$128.88,$130.62,$132.37,$134.11,$135.85,$137.59,$139.33,$141.08,$142.82,$144.56,$146.30,$149.78,$153.27,$156.75,$160.23,$163.72,$167.20,$170.68,$174.17,$177.65,$181.13,$184.62,$188.10,$182.88,$177.65,$172.43,$167.20,$161.97,$156.75,$151.53,$146.30,$141.08,$135.85,$130.62,$125.40,$121.92,$118.43,$114.95,$111.47,$107.98,$104.50,$101.02,$97.53,$94.05,$90.57,$87.08,$83.60,$85.34,$87.08,$88.83,$90.57,$92.31,$94.05,$95.79,$97.53,$99.28,$101.02,$102.76,$104.50,$107.98,$111.47,$114.95,$118.43,$121.92,$177.65,$182.88,$188.10,$193.32,$87.78,$142.12,$209.00,$305.14,$334.40,$303.05
Crucial CP2K64G56C46U5 128 GB,DDR5-5600,2 x 64GB,16.429 ns,46,$7.53,Black,5.0,1,,,,,,,,,,,,,,,,,,,,,,,,,,,,,,,,,,,,,,,,,,,,,,,"$2,409.97","$2,409.97","$2,329.64","$2,249.31","$2,168.98","$2,088.64","$2,008.31","$1,927.98","$1,847.65","$1,767.32","$1,686.98","$1,606.65","$1,526.32","$1,445.99","$1,389.75","$1,333.52","$1,277.29","$1,221.05","$1,164.82","$1,108.59","$1,052.36",$996.12,$939.89,$883.66,$827.42,$771.19,$747.09,$722.99,$698.89,$674.79,$650.69,$626.59,$602.49,$578.39,$554.29,$530.19,$506.09,$482.00,$498.06,$514.13,$530.19,$546.26,$562.33,$819.39,$843.49,$867.59,$891.69,$404.88,$655.51,$963.99,"$1,224.27","$1,147.15","$1,147.15"
G.Skill Trident Z RGB 128 GB,DDR4-3600,4 x 32GB,10 ns,18,$5.23,Black,4.5,5,$943.57,$949.15,$954.74,$960.32,$965.90,$971.49,$977.07,$982.65,$988.24,$993.82,$999.40,"$1,004.99",$837.49,$803.99,$770.49,$736.99,$703.49,$669.99,$636.49,$602.99,$569.49,$535.99,$502.49,$468.99,$407.58,$413.16,$418.74,$424.33,$429.91,$435.49,$441.08,$446.66,$452.24,$457.83,$463.41,$468.99,$480.16,$491.33,$502.49,$513.66,$524.83,$535.99,$547.16,$558.32,$569.49,$580.66,$591.82,$602.99,$586.24,$569.49,$552.74,$535.99,$519.24,$502.49,$485.74,$468.99,$452.24,$435.49,$418.74,$401.99,$390.83,$379.66,$368.49,$357.33,$346.16,$335.00,$323.83,$312.66,$301.50,$290.33,$279.16,$268.00,$273.58,$279.16,$284.75,$290.33,$295.91,$301.50,$307.08,$312.66,$318.25,$323.83,$329.41,$335.00,$346.16,$357.33,$368.49,$379.66,$390.83,$569.49,$586.24,$602.99,$619.74,$281.40,$455.59,$669.99,$978.19,"$1,071.98",$971.49
ADATA XPG SPECTRIX D50 16 GB,DDR4-3200,2 x 8GB,10 ns,16,$7.21,White,5.0,1,$162.41,$163.37,$164.33,$165.29,$166.25,$167.21,$168.17,$169.14,$170.10,$171.06,$172.02,$172.98,$144.15,$138.38,$132.62,$126.85,$121.09,$115.32,$109.55,$103.79,$98.02,$92.26,$86.49,$80.72,$70.15,$71.11,$72.07,$73.04,$74.00,$74.96,$75.92,$76.88,$77.84,$78.80,$79.76,$80.72,$82.65,$84.57,$86.49,$88.41,$90.33,$92.26,$94.18,$96.10,$98.02,$99.94,$101.87,$103.79,$100.91,$98.02,$95.14,$92.26,$89.37,$86.49,$83.61,$80.72,$77.84,$74.96,$72.07,$69.19,$67.27,$65.35,$63.43,$61.50,$59.58,$57.66,$55.74,$53.82,$51.89,$49.97,$48.05,$46.13,$47.09,$48.05,$49.01,$49.97,$50.93,$51.89,$52.86,$53.82,$54.78,$55.74,$56.70,$57.66,$59.58,$61.50,$63.43,$65.35,$67.27,$98.02,$100.91,$103.79,$106.67,$48.43,$78.42,$115.32,$168.37,$184.51,$167.21
Kingston FURY Beast 16 GB,DDR4-3200,1 x 16GB,10 ns,16,$7.47,Black,5.0,2,$168.30,$169.29,$170.29,$171.28,$172.28,$173.28,$174.27,$175.27,$176.26,$177.26,$178.25,$179.25,$149.38,$143.40,$137.43,$131.45,$125.48,$119.50,$113.52,$107.55,$101.58,$95.60,$89.63,$83.65,$72.70,$73.69,$74.69,$75.68,$76.68,$77.67,$78.67,$79.67,$80.66,$81.66,$82.65,$83.65,$85.64,$87.63,$89.62,$91.62,$93.61,$95.60,$97.59,$99.58,$101.58,$103.57,$105.56,$107.55,$104.56,$101.58,$98.59,$95.60,$92.61,$89.62,$86.64,$83.65,$80.66,$77.67,$74.69,$71.70,$69.71,$67.72,$65.72,$63.73,$61.74,$59.75,$57.76,$55.77,$53.77,$51.78,$49.79,$47.80,$48.80,$49.79,$50.79,$51.78,$52.78,$53.77,$54.77,$55.77,$56.76,$57.76,$58.75,$59.75,$61.74,$63.73,$65.73,$67.72,$69.71,$101.58,$104.56,$107.55,$110.54,$50.19,$81.26,$119.50,$174.47,$191.20,$173.28
G.Skill Trident Z5 Neo 32 GB,DDR5-6000,2 x 16GB,10 ns,30,$14.06,Black,4.5,27,,,,,,,,,,,,,,,,,,,,,,,,,,,,,,,,,,,,,,,,,,,,,,,"$1,124.97","$1,124.97","$1,087.48","$1,049.98","$1,012.48",$974.98,$937.48,$899.98,$862.48,$824.98,$787.48,$749.98,$712.48,$674.99,$648.74,$622.49,$596.24,$569.99,$543.74,$517.49,$491.24,$464.99,$438.74,$412.49,$386.24,$359.99,$348.74,$337.49,$326.24,$314.99,$303.74,$292.49,$281.24,$269.99,$258.74,$247.49,$236.24,$225.00,$232.49,$239.99,$247.49,$254.99,$262.49,$382.49,$393.74,$404.99,$416.24,$189.00,$305.99,$449.99,$571.49,$535.49,$535.49
Klevv BOLT X 16 GB,DDR4-3600,2 x 8GB,10 ns,18,$6.37,Black,5.0,5,$143.64,$144.49,$145.34,$146.19,$147.04,$147.89,$148.74,$149.59,$150.44,$151.29,$152.14,$152.98,$127.49,$122.39,$117.29,$112.19,$107.09,$101.99,$96.89,$91.79,$86.69,$81.59,$76.49,$71.39,$62.04,$62.89,$63.74,$64.59,$65.44,$66.29,$67.14,$67.99,$68.84,$69.69,$70.54,$71.39,$73.09,$74.79,$76.49,$78.19,$79.89,$81.59,$83.29,$84.99,$86.69,$88.39,$90.09,$91.79,$89.24,$86.69,$84.14,$81.59,$79.04,$76.49,$73.94,$71.39,$68.84,$66.29,$63.74,$61.19,$59.49,$57.79,$56.09,$54.39,$52.69,$50.99,$49.30,$47.60,$45.90,$44.20,$42.50,$40.80,$41.65,$42.50,$43.35,$44.20,$45.05,$45.90,$46.75,$47.60,$48.45,$49.30,$50.15,$50.99,$52.69,$54.39,$56.09,$57.79,$59.49,$86.69,$89.24,$91.79,$94.34,$42.84,$69.35,$101.99,$148.91,$163.18,$147.89
G.Skill Trident Z Neo 32 GB,DDR4-3600,2 x 16GB,8.889 ns,16,$8.28,Black / Silver,4.5,165,$373.19,$375.40,$377.61,$379.82,$382.03,$384.24,$386.44,$388.65,$390.86,$393.07,$395.28,$397.49,$331.24,$317.99,$304.74,$291.49,$278.24,$264.99,$251.74,$238.49,$225.24,$211.99,$198.74,$185.49,$161.20,$163.41,$165.62,$167.83,$170.04,$172.24,$174.45,$176.66,$178.87,$181.08,$183.28,$185.49,$189.91,$194.33,$198.74,$203.16,$207.58,$211.99,$216.41,$220.82,$225.24,$229.66,$234.07,$238.49,$231.87,$225.24,$218.62,$211.99,$205.37,$198.74,$192.12,$185.49,$178.87,$172.24,$165.62,$158.99,$154.58,$150.16,$145.74,$141.33,$136.91,$132.50,$128.08,$123.66,$119.25,$114.83,$110.41,$106.00,$108.20,$110.41,$112.62,$114.83,$117.04,$119.25,$121.45,$123.66,$125.87,$128.08,$130.29,$132.50,$136.91,$141.33,$145.74,$150.16,$154.58,$225.24,$231.87,$238.49,$245.12,$111.30,$180.19,$264.99,$386.89,$423.98,$384.24
TEAMGROUP T-Create Classic 32 GB,DDR5-5600,2 x 16GB,16.429 ns,46,$11.50,Black,4.5,4,,,,,,,,,,,,,,,,,,,,,,,,,,,,,,,,,,,,,,,,,,,,,,,$919.98,$919.98,$889.31,$858.64,$827.98,$797.31,$766.65,$735.98,$705.31,$674.65,$643.98,$613.32,$582.65,$551.99,$530.52,$509.05,$487.59,$466.12,$444.65,$423.19,$401.72,$380.26,$358.79,$337.32,$315.86,$294.39,$285.19,$275.99,$266.79,$257.59,$248.39,$239.19,$229.99,$220.79,$211.59,$202.39,$193.19,$184.00,$190.13,$196.26,$202.39,$208.53,$214.66,$312.79,$321.99,$331.19,$340.39,$154.56,$250.23,$367.99,$467.35,$437.91,$437.91
Crucial CT2K16G48C40U5 32 GB,DDR5-4800,2 x 16GB,16.667 ns,40,$10.84,Black,3.0,3,,,,,,,,,,,,,,,,,,,,,,,,,,,,,,,,,,,,,,,,,,,,,,,$867.50,$867.50,$838.58,$809.67,$780.75,$751.83,$722.92,$694.00,$665.08,$636.17,$607.25,$578.33,$549.42,$520.50,$500.26,$480.02,$459.77,$439.53,$419.29,$399.05,$378.81,$358.57,$338.33,$318.08,$297.84,$277.60,$268.93,$260.25,$251.58,$242.90,$234.23,$225.55,$216.88,$208.20,$199.53,$190.85,$182.18,$173.50,$179.28,$185.07,$190.85,$196.63,$202.42,$294.95,$303.62,$312.30,$320.97,$145.74,$235.96,$347.00,$440.69,$412.93,$412.93
Corsair Dominator Titanium 96 GB,DDR5-6600,2 x 48GB,9.697 ns,32,$12.80,Black,5.0,1,,,,,,,,,,,,,,,,,,,,,,,,,,,,,,,,,,,,,,,,,,,,,,,"$3,072.47","$3,072.47","$2,970.06","$2,867.64","$2,765.23","$2,662.81","$2,560.40","$2,457.98","$2,355.56","$2,253.15","$2,150.73","$2,048.32","$1,945.90","$1,843.49","$1,771.79","$1,700.10","$1,628.41","$1,556.72","$1,485.03","$1,413.34","$1,341.65","$1,269.96","$1,198.27","$1,126.57","$1,054.88",$983.19,$952.47,$921.74,$891.02,$860.29,$829.57,$798.84,$768.12,$737.39,$706.67,$675.94,$645.22,$614.50,$634.98,$655.46,$675.94,$696.43,$716.91,"$1,044.64","$1,075.37","$1,106.09","$1,136.82",$516.18,$835.71,"$1,228.99","$1,560.82","$1,462.50","$1,462.50"
G.Skill Trident Z Neo 64 GB,DDR4-3600,2 x 32GB,8.889 ns,16,$6.55,Black / Silver,5.0,3,$590.09,$593.58,$597.07,$600.57,$604.06,$607.55,$611.04,$614.53,$618.02,$621.52,$625.01,$628.50,$523.75,$502.80,$481.85,$460.90,$439.95,$419.00,$398.05,$377.10,$356.15,$335.20,$314.25,$293.30,$254.89,$258.38,$261.88,$265.37,$268.86,$272.35,$275.84,$279.33,$282.83,$286.32,$289.81,$293.30,$300.28,$307.27,$314.25,$321.23,$328.22,$335.20,$342.18,$349.17,$356.15,$363.13,$370.12,$377.10,$366.62,$356.15,$345.68,$335.20,$324.73,$314.25,$303.77,$293.30,$282.83,$272.35,$261.88,$251.40,$244.42,$237.43,$230.45,$223.47,$216.48,$209.50,$202.52,$195.53,$188.55,$181.57,$174.58,$167.60,$171.09,$174.58,$178.08,$181.57,$185.06,$188.55,$192.04,$195.53,$199.03,$202.52,$206.01,$209.50,$216.48,$223.47,$230.45,$237.43,$244.42,$356.15,$366.62,$377.10,$387.57,$175.98,$284.92,$419.00,$611.74,$670.40,$607.55
G.Skill Aegis 16 GB,DDR4-3200,2 x 8GB,10 ns,16,$9.86,Red / Black,4.5,34,$222.16,$223.48,$224.79,$226.11,$227.42,$228.74,$230.05,$231.37,$232.68,$234.00,$235.31,$236.62,$197.19,$189.30,$181.41,$173.53,$165.64,$157.75,$149.86,$141.98,$134.09,$126.20,$118.31,$110.43,$95.96,$97.28,$98.59,$99.91,$101.22,$102.54,$103.85,$105.17,$106.48,$107.80,$109.11,$110.42,$113.05,$115.68,$118.31,$120.94,$123.57,$126.20,$128.83,$131.46,$134.09,$136.72,$139.35,$141.97,$138.03,$134.09,$130.14,$126.20,$122.26,$118.31,$114.37,$110.43,$106.48,$102.54,$98.59,$94.65,$92.02,$89.39,$86.76,$84.13,$81.50,$78.88,$76.25,$73.62,$70.99,$68.36,$65.73,$63.10,$64.41,$65.73,$67.04,$68.36,$69.67,$70.99,$72.30,$73.62,$74.93,$76.25,$77.56,$78.88,$81.50,$84.13,$86.76,$89.39,$92.02,$134.09,$138.03,$141.97,$145.92,$66.25,$107.27,$157.75,$230.31,$252.40,$228.74
Crucial Pro Overclocking 64 GB,DDR5-6400,2 x 32GB,12.5 ns,40,$8.89,Black,4.0,3,,,,,,,,,,,,,,,,,,,,,,,,,,,,,,,,,,,,,,,,,,,,,,,"$1,422.47","$1,422.47","$1,375.06","$1,327.64","$1,280.23","$1,232.81","$1,185.40","$1,137.98","$1,090.56","$1,043.15",$995.73,$948.32,$900.90,$853.49,$820.29,$787.10,$753.91,$720.72,$687.53,$654.34,$621.15,$587.96,$554.77,$521.57,$488.38,$455.19,$440.97,$426.74,$412.52,$398.29,$384.07,$369.84,$355.62,$341.39,$327.17,$312.94,$298.72,$284.50,$293.98,$303.46,$312.94,$322.43,$331.91,$483.64,$497.87,$512.09,$526.32,$238.98,$386.91,$568.99,$722.62,$677.10,$677.10
Crucial CT2K8G4DFRA266 16 GB,DDR4-2666,2 x 8GB,14.254 ns,19,$5.50,Green,0.0,0,$123.92,$124.65,$125.39,$126.12,$126.85,$127.59,$128.32,$129.05,$129.79,$130.52,$131.25,$131.98,$109.99,$105.59,$101.19,$96.79,$92.39,$87.99,$83.59,$79.19,$74.79,$70.39,$65.99,$61.59,$53.53,$54.26,$54.99,$55.73,$56.46,$57.19,$57.93,$58.66,$59.39,$60.13,$60.86,$61.59,$63.06,$64.53,$65.99,$67.46,$68.93,$70.39,$71.86,$73.32,$74.79,$76.26,$77.72,$79.19,$76.99,$74.79,$72.59,$70.39,$68.19,$65.99,$63.79,$61.59,$59.39,$57.19,$54.99,$52.79,$51.33,$49.86,$48.39,$46.93,$45.46,$43.99,$42.53,$41.06,$39.60,$38.13,$36.66,$35.20,$35.93,$36.66,$37.40,$38.13,$38.86,$39.60,$40.33,$41.06,$41.80,$42.53,$43.26,$43.99,$45.46,$46.93,$48.39,$49.86,$51.33,$74.79,$76.99,$79.19,$81.39,$36.96,$59.83,$87.99,$128.47,$140.78,$127.59
Corsair Dominator Platinum RGB 32 GB,DDR5-6000,2 x 16GB,12 ns,36,$14.53,Black,4.0,1,,,,,,,,,,,,,,,,,,,,,,,,,,,,,,,,,,,,,,,,,,,,,,,"$1,162.47","$1,162.47","$1,123.73","$1,084.98","$1,046.23","$1,007.48",$968.73,$929.98,$891.23,$852.48,$813.73,$774.98,$736.23,$697.49,$670.36,$643.24,$616.11,$588.99,$561.86,$534.74,$507.61,$480.49,$453.37,$426.24,$399.12,$371.99,$360.37,$348.74,$337.12,$325.49,$313.87,$302.24,$290.62,$278.99,$267.37,$255.74,$244.12,$232.50,$240.24,$247.99,$255.74,$263.49,$271.24,$395.24,$406.87,$418.49,$430.12,$195.30,$316.19,$464.99,$590.54,$553.34,$553.34
G.Skill Trident Z5 Royal 32 GB,DDR5-6400,2 x 16GB,9.375 ns,30,$15.94,White,5.0,2,,,,,,,,,,,,,,,,,,,,,,,,,,,,,,,,,,,,,,,,,,,,,,,"$1,274.97","$1,274.97","$1,232.48","$1,189.98","$1,147.48","$1,104.98","$1,062.48","$1,019.98",$977.48,$934.98,$892.48,$849.98,$807.48,$764.99,$735.24,$705.49,$675.74,$645.99,$616.24,$586.49,$556.74,$526.99,$497.24,$467.49,$437.74,$407.99,$395.24,$382.49,$369.74,$356.99,$344.24,$331.49,$318.74,$305.99,$293.24,$280.49,$267.74,$255.00,$263.49,$271.99,$280.49,$288.99,$297.49,$433.49,$446.24,$458.99,$471.74,$214.20,$346.79,$509.99,$647.69,$606.89,$606.89
V-Color Manta XSky RGB 32 GB,DDR5-6000,2 x 16GB,10 ns,30,$11.56,Black,5.0,1,,,,,,,,,,,,,,,,,,,,,,,,,,,,,,,,,,,,,,,,,,,,,,,$924.98,$924.98,$894.14,$863.31,$832.48,$801.64,$770.81,$739.98,$709.15,$678.32,$647.48,$616.65,$585.82,$554.99,$533.40,$511.82,$490.24,$468.65,$447.07,$425.49,$403.91,$382.32,$360.74,$339.16,$317.57,$295.99,$286.74,$277.49,$268.24,$258.99,$249.74,$240.49,$231.24,$221.99,$212.74,$203.49,$194.24,$185.00,$191.16,$197.33,$203.49,$209.66,$215.83,$314.49,$323.74,$332.99,$342.24,$155.40,$251.59,$369.99,$469.89,$440.29,$440.29
Patriot Viper Elite 5 RGB 32 GB,DDR5-6000,2 x 16GB,10 ns,30,$13.75,White,4.5,6,,,,,,,,,,,,,,,,,,,,,,,,,,,,,,,,,,,,,,,,,,,,,,,"$1,099.97","$1,099.97","$1,063.31","$1,026.64",$989.98,$953.31,$916.65,$879.98,$843.31,$806.65,$769.98,$733.32,$696.65,$659.99,$634.32,$608.65,$582.99,$557.32,$531.65,$505.99,$480.32,$454.66,$428.99,$403.32,$377.66,$351.99,$340.99,$329.99,$318.99,$307.99,$296.99,$285.99,$274.99,$263.99,$252.99,$241.99,$230.99,$220.00,$227.33,$234.66,$241.99,$249.33,$256.66,$373.99,$384.99,$395.99,$406.99,$184.80,$299.19,$439.99,$558.79,$523.59,$523.59
Kingston FURY Beast 32 GB,DDR5-5600,2 x 16GB,14.286 ns,40,$14.06,Black,5.0,1,,,,,,,,,,,,,,,,,,,,,,,,,,,,,,,,,,,,,,,,,,,,,,,"$1,124.97","$1,124.97","$1,087.48","$1,049.98","$1,012.48",$974.98,$937.48,$899.98,$862.48,$824.98,$787.48,$749.98,$712.48,$674.99,$648.74,$622.49,$596.24,$569.99,$543.74,$517.49,$491.24,$464.99,$438.74,$412.49,$386.24,$359.99,$348.74,$337.49,$326.24,$314.99,$303.74,$292.49,$281.24,$269.99,$258.74,$247.49,$236.24,$225.00,$232.49,$239.99,$247.49,$254.99,$262.49,$382.49,$393.74,$404.99,$416.24,$189.00,$305.99,$449.99,$571.49,$535.49,$535.49
G.Skill F4-3200C16Q2-128GTZSK 128 GB,DDR4-3200,8 x 16GB,10 ns,16,$7.98,Gray / Black,0.0,0,"$1,437.82","$1,446.33","$1,454.84","$1,463.35","$1,471.86","$1,480.36","$1,488.87","$1,497.38","$1,505.89","$1,514.39","$1,522.90","$1,531.41","$1,276.18","$1,225.13","$1,174.08","$1,123.03","$1,071.99","$1,020.94",$969.89,$918.85,$867.80,$816.75,$765.71,$714.66,$621.07,$629.58,$638.09,$646.60,$655.10,$663.61,$672.12,$680.63,$689.13,$697.64,$706.15,$714.66,$731.67,$748.69,$765.71,$782.72,$799.74,$816.75,$833.77,$850.78,$867.80,$884.81,$901.83,$918.85,$893.32,$867.80,$842.28,$816.75,$791.23,$765.71,$740.18,$714.66,$689.13,$663.61,$638.09,$612.56,$595.55,$578.53,$561.52,$544.50,$527.49,$510.47,$493.45,$476.44,$459.42,$442.41,$425.39,$408.38,$416.88,$425.39,$433.90,$442.41,$450.92,$459.42,$467.93,$476.44,$484.95,$493.45,$501.96,$510.47,$527.49,$544.50,$561.52,$578.53,$595.55,$867.80,$893.32,$918.85,$944.37,$428.79,$694.24,"$1,020.94","$1,490.57","$1,633.50","$1,480.36"
Corsair Vengeance RGB Pro SL 32 GB,DDR4-3600,2 x 16GB,10 ns,18,$6.84,White / Black,4.5,45,$308.35,$310.18,$312.00,$313.83,$315.65,$317.48,$319.30,$321.13,$322.95,$324.78,$326.60,$328.42,$273.69,$262.74,$251.79,$240.84,$229.90,$218.95,$208.00,$197.06,$186.11,$175.16,$164.21,$153.27,$133.19,$135.02,$136.84,$138.67,$140.49,$142.32,$144.14,$145.97,$147.79,$149.62,$151.44,$153.26,$156.91,$160.56,$164.21,$167.86,$171.51,$175.16,$178.81,$182.46,$186.11,$189.76,$193.41,$197.05,$191.58,$186.11,$180.63,$175.16,$169.69,$164.21,$158.74,$153.27,$147.79,$142.32,$136.84,$131.37,$127.72,$124.07,$120.42,$116.77,$113.12,$109.47,$105.83,$102.18,$98.53,$94.88,$91.23,$87.58,$89.40,$91.23,$93.05,$94.88,$96.70,$98.53,$100.35,$102.18,$104.00,$105.83,$107.65,$109.47,$113.12,$116.77,$120.42,$124.07,$127.72,$186.11,$191.58,$197.05,$202.53,$91.96,$148.89,$218.95,$319.67,$350.32,$317.48
G.Skill Trident Z5 Royal Neo RGB 64 GB,DDR5-6000,2 x 32GB,10 ns,30,$14.92,Silver,5.0,3,,,,,,,,,,,,,,,,,,,,,,,,,,,,,,,,,,,,,,,,,,,,,,,"$2,387.47","$2,387.47","$2,307.89","$2,228.31","$2,148.73","$2,069.14","$1,989.56","$1,909.98","$1,830.40","$1,750.82","$1,671.23","$1,591.65","$1,512.07","$1,432.49","$1,376.78","$1,321.07","$1,265.36","$1,209.65","$1,153.95","$1,098.24","$1,042.53",$986.82,$931.12,$875.41,$819.70,$763.99,$740.12,$716.24,$692.37,$668.49,$644.62,$620.74,$596.87,$572.99,$549.12,$525.24,$501.37,$477.50,$493.41,$509.33,$525.24,$541.16,$557.08,$811.74,$835.62,$859.49,$883.37,$401.10,$649.39,$954.99,"$1,212.84","$1,136.44","$1,136.44"
G.Skill Ripjaws S5 64 GB,DDR5-6000,2 x 32GB,12 ns,36,$11.41,Black,4.5,2,,,,,,,,,,,,,,,,,,,,,,,,,,,,,,,,,,,,,,,,,,,,,,,"$1,824.97","$1,824.97","$1,764.14","$1,703.31","$1,642.48","$1,581.64","$1,520.81","$1,459.98","$1,399.15","$1,338.32","$1,277.48","$1,216.65","$1,155.82","$1,094.99","$1,052.40","$1,009.82",$967.24,$924.65,$882.07,$839.49,$796.91,$754.32,$711.74,$669.16,$626.57,$583.99,$565.74,$547.49,$529.24,$510.99,$492.74,$474.49,$456.24,$437.99,$419.74,$401.49,$383.24,$365.00,$377.16,$389.33,$401.49,$413.66,$425.83,$620.49,$638.74,$656.99,$675.24,$306.60,$496.39,$729.99,$927.09,$868.69,$868.69
TEAMGROUP T-Force Vulcan Z 32 GB,DDR4-3200,2 x 16GB,10 ns,16,$7.50,Gray,4.5,27,$337.99,$339.99,$341.99,$343.99,$345.99,$347.99,$349.99,$351.99,$353.99,$355.99,$357.99,$359.99,$299.99,$287.99,$275.99,$263.99,$251.99,$239.99,$227.99,$215.99,$203.99,$191.99,$179.99,$167.99,$145.99,$147.99,$149.99,$151.99,$153.99,$155.99,$157.99,$159.99,$161.99,$163.99,$165.99,$167.99,$171.99,$175.99,$179.99,$183.99,$187.99,$191.99,$195.99,$199.99,$203.99,$207.99,$211.99,$215.99,$209.99,$203.99,$197.99,$191.99,$185.99,$179.99,$173.99,$167.99,$161.99,$155.99,$149.99,$143.99,$139.99,$135.99,$131.99,$127.99,$123.99,$120.00,$116.00,$112.00,$108.00,$104.00,$100.00,$96.00,$98.00,$100.00,$102.00,$104.00,$106.00,$108.00,$110.00,$112.00,$114.00,$116.00,$118.00,$120.00,$123.99,$127.99,$131.99,$135.99,$139.99,$203.99,$209.99,$215.99,$221.99,$100.80,$163.19,$239.99,$350.39,$383.98,$347.99
TEAMGROUP T-Force Delta RGB 16 GB,DDR4-3600,2 x 8GB,10 ns,18,$9.55,Black,4.5,24,$215.08,$216.35,$217.63,$218.90,$220.17,$221.44,$222.72,$223.99,$225.26,$226.53,$227.81,$229.08,$190.90,$183.26,$175.63,$167.99,$160.36,$152.72,$145.08,$137.45,$129.81,$122.18,$114.54,$106.90,$92.90,$94.18,$95.45,$96.72,$98.00,$99.27,$100.54,$101.81,$103.09,$104.36,$105.63,$106.90,$109.45,$111.99,$114.54,$117.09,$119.63,$122.18,$124.72,$127.27,$129.81,$132.36,$134.90,$137.45,$133.63,$129.81,$125.99,$122.18,$118.36,$114.54,$110.72,$106.90,$103.09,$99.27,$95.45,$91.63,$89.09,$86.54,$84.00,$81.45,$78.91,$76.36,$73.81,$71.27,$68.72,$66.18,$63.63,$61.09,$62.36,$63.63,$64.91,$66.18,$67.45,$68.72,$70.00,$71.27,$72.54,$73.81,$75.09,$76.36,$78.91,$81.45,$84.00,$86.54,$89.09,$129.81,$133.63,$137.45,$141.27,$64.14,$103.85,$152.72,$222.97,$244.35,$221.44
Patriot Viper Venom RGB 32 GB,DDR5-6000,2 x 16GB,10 ns,30,$10.94,Black / Silver,4.5,5,,,,,,,,,,,,,,,,,,,,,,,,,,,,,,,,,,,,,,,,,,,,,,,$874.98,$874.98,$845.81,$816.64,$787.48,$758.31,$729.15,$699.98,$670.81,$641.65,$612.48,$583.32,$554.15,$524.99,$504.57,$484.15,$463.74,$443.32,$422.90,$402.49,$382.07,$361.66,$341.24,$320.82,$300.41,$279.99,$271.24,$262.49,$253.74,$244.99,$236.24,$227.49,$218.74,$209.99,$201.24,$192.49,$183.74,$175.00,$180.83,$186.66,$192.49,$198.33,$204.16,$297.49,$306.24,$314.99,$323.74,$147.00,$237.99,$349.99,$444.49,$416.49,$416.49
Corsair Vengeance 32 GB,DDR5-6000,2 x 16GB,12 ns,36,$12.38,White,0.0,0,,,,,,,,,,,,,,,,,,,,,,,,,,,,,,,,,,,,,,,,,,,,,,,$989.98,$989.98,$956.98,$923.98,$890.98,$857.98,$824.98,$791.98,$758.98,$725.98,$692.98,$659.98,$626.98,$593.99,$570.89,$547.79,$524.69,$501.59,$478.49,$455.39,$432.29,$409.19,$386.09,$362.99,$339.89,$316.79,$306.89,$296.99,$287.09,$277.19,$267.29,$257.39,$247.49,$237.59,$227.69,$217.79,$207.89,$198.00,$204.59,$211.19,$217.79,$224.39,$230.99,$336.59,$346.49,$356.39,$366.29,$166.32,$269.27,$395.99,$502.91,$471.23,$471.23
Corsair Vengeance 32 GB,DDR5-6400,2 x 16GB,11.25 ns,36,$12.38,Black,5.0,2,,,,,,,,,,,,,,,,,,,,,,,,,,,,,,,,,,,,,,,,,,,,,,,$989.98,$989.98,$956.98,$923.98,$890.98,$857.98,$824.98,$791.98,$758.98,$725.98,$692.98,$659.98,$626.98,$593.99,$570.89,$547.79,$524.69,$501.59,$478.49,$455.39,$432.29,$409.19,$386.09,$362.99,$339.89,$316.79,$306.89,$296.99,$287.09,$277.19,$267.29,$257.39,$247.49,$237.59,$227.69,$217.79,$207.89,$198.00,$204.59,$211.19,$217.79,$224.39,$230.99,$336.59,$346.49,$356.39,$366.29,$166.32,$269.27,$395.99,$502.91,$471.23,$471.23
PNY XLR8 Gaming EPIC-X RGB 16 GB,DDR4-3200,2 x 8GB,10 ns,16,$12.50,Black,4.5,6,$281.75,$283.42,$285.09,$286.75,$288.42,$290.09,$291.75,$293.42,$295.09,$296.76,$298.42,$300.09,$250.07,$240.07,$230.07,$220.07,$210.06,$200.06,$190.06,$180.05,$170.05,$160.05,$150.05,$140.04,$121.70,$123.37,$125.04,$126.70,$128.37,$130.04,$131.71,$133.37,$135.04,$136.71,$138.37,$140.04,$143.38,$146.71,$150.05,$153.38,$156.71,$160.05,$163.38,$166.72,$170.05,$173.39,$176.72,$180.05,$175.05,$170.05,$165.05,$160.05,$155.05,$150.05,$145.04,$140.04,$135.04,$130.04,$125.04,$120.04,$116.70,$113.37,$110.03,$106.70,$103.36,$100.03,$96.70,$93.36,$90.03,$86.69,$83.36,$80.02,$81.69,$83.36,$85.03,$86.69,$88.36,$90.03,$91.69,$93.36,$95.03,$96.70,$98.36,$100.03,$103.36,$106.70,$110.03,$113.37,$116.70,$170.05,$175.05,$180.05,$185.06,$84.03,$136.04,$200.06,$292.09,$320.10,$290.09
Corsair Vengeance 32 GB,DDR5-6000,2 x 16GB,10 ns,30,$13.38,Black / Silver,4.5,30,,,,,,,,,,,,,,,,,,,,,,,,,,,,,,,,,,,,,,,,,,,,,,,"$1,069.97","$1,069.97","$1,034.31",$998.64,$962.98,$927.31,$891.65,$855.98,$820.31,$784.65,$748.98,$713.32,$677.65,$641.99,$617.02,$592.05,$567.09,$542.12,$517.15,$492.19,$467.22,$442.26,$417.29,$392.32,$367.36,$342.39,$331.69,$320.99,$310.29,$299.59,$288.89,$278.19,$267.49,$256.79,$246.09,$235.39,$224.69,$214.00,$221.13,$228.26,$235.39,$242.53,$249.66,$363.79,$374.49,$385.19,$395.89,$179.76,$291.03,$427.99,$543.55,$509.31,$509.31
Kingston FURY Beast 32 GB,DDR5-5600,1 x 32GB,14.286 ns,40,$17.12,Black,5.0,1,,,,,,,,,,,,,,,,,,,,,,,,,,,,,,,,,,,,,,,,,,,,,,,"$1,369.93","$1,369.93","$1,324.26","$1,278.60","$1,232.93","$1,187.27","$1,141.60","$1,095.94","$1,050.28","$1,004.61",$958.95,$913.28,$867.62,$821.96,$789.99,$758.03,$726.06,$694.10,$662.13,$630.17,$598.20,$566.24,$534.27,$502.31,$470.34,$438.38,$424.68,$410.98,$397.28,$383.58,$369.88,$356.18,$342.48,$328.78,$315.08,$301.38,$287.68,$273.99,$283.12,$292.25,$301.38,$310.52,$319.65,$465.77,$479.47,$493.17,$506.87,$230.15,$372.62,$547.97,$695.92,$652.08,$652.08
G.Skill Ripjaws S5 32 GB,DDR5-6000,2 x 16GB,10 ns,30,$13.75,Black,4.5,35,,,,,,,,,,,,,,,,,,,,,,,,,,,,,,,,,,,,,,,,,,,,,,,"$1,099.97","$1,099.97","$1,063.31","$1,026.64",$989.98,$953.31,$916.65,$879.98,$843.31,$806.65,$769.98,$733.32,$696.65,$659.99,$634.32,$608.65,$582.99,$557.32,$531.65,$505.99,$480.32,$454.66,$428.99,$403.32,$377.66,$351.99,$340.99,$329.99,$318.99,$307.99,$296.99,$285.99,$274.99,$263.99,$252.99,$241.99,$230.99,$220.00,$227.33,$234.66,$241.99,$249.33,$256.66,$373.99,$384.99,$395.99,$406.99,$184.80,$299.19,$439.99,$558.79,$523.59,$523.59
Corsair Vengeance RGB 32 GB,DDR5-8000,2 x 16GB,9 ns,36,$15.25,Black / Gray,0.0,0,,,,,,,,,,,,,,,,,,,,,,,,,,,,,,,,,,,,,,,,,,,,,,,"$1,219.97","$1,219.97","$1,179.31","$1,138.64","$1,097.98","$1,057.31","$1,016.65",$975.98,$935.31,$894.65,$853.98,$813.32,$772.65,$731.99,$703.52,$675.05,$646.59,$618.12,$589.65,$561.19,$532.72,$504.26,$475.79,$447.32,$418.86,$390.39,$378.19,$365.99,$353.79,$341.59,$329.39,$317.19,$304.99,$292.79,$280.59,$268.39,$256.19,$244.00,$252.13,$260.26,$268.39,$276.53,$284.66,$414.79,$426.99,$439.19,$451.39,$204.96,$331.83,$487.99,$619.75,$580.71,$439.99
Patriot Viper Steel 32 GB,DDR4-3200,2 x 16GB,10 ns,16,$5.41,Silver / Black,4.5,10,$243.63,$245.07,$246.51,$247.95,$249.39,$250.84,$252.28,$253.72,$255.16,$256.60,$258.04,$259.49,$216.24,$207.59,$198.94,$190.29,$181.64,$172.99,$164.34,$155.69,$147.04,$138.39,$129.74,$121.09,$105.24,$106.68,$108.12,$109.56,$111.00,$112.44,$113.89,$115.33,$116.77,$118.21,$119.65,$121.09,$123.98,$126.86,$129.74,$132.63,$135.51,$138.39,$141.28,$144.16,$147.04,$149.92,$152.81,$155.69,$151.37,$147.04,$142.72,$138.39,$134.07,$129.74,$125.42,$121.09,$116.77,$112.44,$108.12,$103.79,$100.91,$98.03,$95.14,$92.26,$89.38,$86.50,$83.61,$80.73,$77.85,$74.96,$72.08,$69.20,$70.64,$72.08,$73.52,$74.96,$76.40,$77.85,$79.29,$80.73,$82.17,$83.61,$85.05,$86.50,$89.38,$92.26,$95.14,$98.03,$100.91,$147.04,$151.37,$155.69,$160.02,$72.66,$117.63,$172.99,$252.57,$276.78,$250.84
Samsung M378A2K43CB1-CTD 16 GB,DDR4-2666,1 x 16GB,14.254 ns,19,$6.23,Green / Black,0.0,0,$140.48,$141.31,$142.14,$142.97,$143.81,$144.64,$145.47,$146.30,$147.13,$147.96,$148.79,$149.62,$124.69,$119.70,$114.71,$109.73,$104.74,$99.75,$94.76,$89.78,$84.79,$79.80,$74.81,$69.83,$60.68,$61.51,$62.34,$63.17,$64.01,$64.84,$65.67,$66.50,$67.33,$68.16,$68.99,$69.82,$71.49,$73.15,$74.81,$76.47,$78.14,$79.80,$81.46,$83.12,$84.79,$86.45,$88.11,$89.77,$87.28,$84.79,$82.29,$79.80,$77.31,$74.81,$72.32,$69.83,$67.33,$64.84,$62.34,$59.85,$58.19,$56.52,$54.86,$53.20,$51.54,$49.88,$48.21,$46.55,$44.89,$43.22,$41.56,$39.90,$40.73,$41.56,$42.39,$43.23,$44.06,$44.89,$45.72,$46.55,$47.38,$48.21,$49.04,$49.88,$51.54,$53.20,$54.86,$56.52,$58.19,$84.79,$87.28,$89.77,$92.27,$41.89,$67.83,$99.75,$145.63,$159.60,$144.64
G.Skill Trident Z5 Neo RGB 32 GB,DDR5-6000,2 x 16GB,8.667 ns,26,$16.88,Black,0.0,0,,,,,,,,,,,,,,,,,,,,,,,,,,,,,,,,,,,,,,,,,,,,,,,"$1,349.97","$1,349.97","$1,304.98","$1,259.98","$1,214.98","$1,169.98","$1,124.98","$1,079.98","$1,034.98",$989.98,$944.98,$899.98,$854.98,$809.99,$778.49,$746.99,$715.49,$683.99,$652.49,$620.99,$589.49,$557.99,$526.49,$494.99,$463.49,$431.99,$418.49,$404.99,$391.49,$377.99,$364.49,$350.99,$337.49,$323.99,$310.49,$296.99,$283.49,$270.00,$278.99,$287.99,$296.99,$305.99,$314.99,$458.99,$472.49,$485.99,$499.49,$226.80,$367.19,$539.99,$685.79,$642.59,$642.59
Kingston FURY Beast RGB 16 GB,DDR5-5200,2 x 8GB,15.385 ns,40,$20.62,Black,4.5,2,,,,,,,,,,,,,,,,,,,,,,,,,,,,,,,,,,,,,,,,,,,,,,,$824.98,$824.98,$797.48,$769.98,$742.48,$714.98,$687.48,$659.98,$632.48,$604.98,$577.48,$549.98,$522.48,$494.99,$475.74,$456.49,$437.24,$417.99,$398.74,$379.49,$360.24,$340.99,$321.74,$302.49,$283.24,$263.99,$255.74,$247.49,$239.24,$230.99,$222.74,$214.49,$206.24,$197.99,$189.74,$181.49,$173.24,$165.00,$170.49,$175.99,$181.49,$186.99,$192.49,$280.49,$288.74,$296.99,$305.24,$138.60,$224.39,$329.99,$419.09,$392.69,$392.69
TEAMGROUP Vulcan Z 16 GB,DDR4-3600,2 x 8GB,10 ns,18,$12.41,Black,4.5,19,$279.74,$281.39,$283.05,$284.70,$286.36,$288.01,$289.67,$291.32,$292.98,$294.63,$296.29,$297.94,$248.29,$238.36,$228.42,$218.49,$208.56,$198.63,$188.70,$178.77,$168.84,$158.90,$148.97,$139.04,$120.83,$122.49,$124.14,$125.80,$127.45,$129.11,$130.76,$132.42,$134.08,$135.73,$137.39,$139.04,$142.35,$145.66,$148.97,$152.28,$155.59,$158.90,$162.21,$165.52,$168.84,$172.15,$175.46,$178.77,$173.80,$168.84,$163.87,$158.90,$153.94,$148.97,$144.01,$139.04,$134.08,$129.11,$124.14,$119.18,$115.87,$112.56,$109.25,$105.94,$102.63,$99.31,$96.00,$92.69,$89.38,$86.07,$82.76,$79.45,$81.11,$82.76,$84.42,$86.07,$87.73,$89.38,$91.04,$92.69,$94.35,$96.00,$97.66,$99.31,$102.63,$105.94,$109.25,$112.56,$115.87,$168.84,$173.80,$178.77,$183.73,$83.42,$135.07,$198.63,$290.00,$317.81,$288.01
G.Skill Trident Z5 Neo RGB 32 GB,DDR5-6000,2 x 16GB,12 ns,36,$12.19,Black,4.5,11,,,,,,,,,,,,,,,,,,,,,,,,,,,,,,,,,,,,,,,,,,,,,,,$974.98,$974.98,$942.48,$909.98,$877.48,$844.98,$812.48,$779.98,$747.48,$714.98,$682.48,$649.98,$617.48,$584.99,$562.24,$539.49,$516.74,$493.99,$471.24,$448.49,$425.74,$402.99,$380.24,$357.49,$334.74,$311.99,$302.24,$292.49,$282.74,$272.99,$263.24,$253.49,$243.74,$233.99,$224.24,$214.49,$204.74,$195.00,$201.49,$207.99,$214.49,$220.99,$227.49,$331.49,$341.24,$350.99,$360.74,$163.80,$265.19,$389.99,$495.29,$464.09,$464.09
Corsair Dominator Platinum 64 GB,DDR4-3200,4 x 16GB,10 ns,16,$14.05,Black / Silver,5.0,4,"$1,266.09","$1,273.58","$1,281.07","$1,288.57","$1,296.06","$1,303.55","$1,311.04","$1,318.53","$1,326.02","$1,333.52","$1,341.01","$1,348.50","$1,123.75","$1,078.80","$1,033.85",$988.90,$943.95,$899.00,$854.05,$809.10,$764.15,$719.20,$674.25,$629.30,$546.89,$554.38,$561.88,$569.37,$576.86,$584.35,$591.84,$599.33,$606.83,$614.32,$621.81,$629.30,$644.28,$659.27,$674.25,$689.23,$704.22,$719.20,$734.18,$749.17,$764.15,$779.13,$794.12,$809.10,$786.62,$764.15,$741.68,$719.20,$696.73,$674.25,$651.77,$629.30,$606.83,$584.35,$561.88,$539.40,$524.42,$509.43,$494.45,$479.47,$464.48,$449.50,$434.52,$419.53,$404.55,$389.57,$374.58,$359.60,$367.09,$374.58,$382.08,$389.57,$397.06,$404.55,$412.04,$419.53,$427.03,$434.52,$442.01,$449.50,$464.48,$479.47,$494.45,$509.43,$524.42,$764.15,$786.62,$809.10,$831.57,$377.58,$611.32,$899.00,"$1,312.54","$1,438.40","$1,303.55"
Corsair Vengeance RGB RS 16 GB,DDR4-3200,2 x 8GB,10 ns,16,$6.69,Black / Gray,4.5,7,$150.68,$151.57,$152.46,$153.35,$154.24,$155.14,$156.03,$156.92,$157.81,$158.70,$159.59,$160.48,$133.74,$128.39,$123.04,$117.69,$112.34,$106.99,$101.64,$96.29,$90.94,$85.59,$80.24,$74.89,$65.09,$65.98,$66.87,$67.76,$68.65,$69.54,$70.44,$71.33,$72.22,$73.11,$74.00,$74.89,$76.68,$78.46,$80.24,$82.03,$83.81,$85.59,$87.38,$89.16,$90.94,$92.72,$94.51,$96.29,$93.62,$90.94,$88.27,$85.59,$82.92,$80.24,$77.57,$74.89,$72.22,$69.54,$66.87,$64.19,$62.41,$60.63,$58.84,$57.06,$55.28,$53.49,$51.71,$49.93,$48.15,$46.36,$44.58,$42.80,$43.69,$44.58,$45.47,$46.36,$47.25,$48.15,$49.04,$49.93,$50.82,$51.71,$52.60,$53.49,$55.28,$57.06,$58.84,$60.63,$62.41,$90.94,$93.62,$96.29,$98.97,$44.94,$72.75,$106.99,$156.21,$171.18,$155.14
G.Skill Ripjaws V 32 GB,DDR4-3600,2 x 16GB,10 ns,18,$7.50,Black,4.5,20,$337.99,$339.99,$341.99,$343.99,$345.99,$347.99,$349.99,$351.99,$353.99,$355.99,$357.99,$359.99,$299.99,$287.99,$275.99,$263.99,$251.99,$239.99,$227.99,$215.99,$203.99,$191.99,$179.99,$167.99,$145.99,$147.99,$149.99,$151.99,$153.99,$155.99,$157.99,$159.99,$161.99,$163.99,$165.99,$167.99,$171.99,$175.99,$179.99,$183.99,$187.99,$191.99,$195.99,$199.99,$203.99,$207.99,$211.99,$215.99,$209.99,$203.99,$197.99,$191.99,$185.99,$179.99,$173.99,$167.99,$161.99,$155.99,$149.99,$143.99,$139.99,$135.99,$131.99,$127.99,$123.99,$120.00,$116.00,$112.00,$108.00,$104.00,$100.00,$96.00,$98.00,$100.00,$102.00,$104.00,$106.00,$108.00,$110.00,$112.00,$114.00,$116.00,$118.00,$120.00,$123.99,$127.99,$131.99,$135.99,$139.99,$203.99,$209.99,$215.99,$221.99,$100.80,$163.19,$239.99,$350.39,$383.98,$347.99
Crucial Pro 64 GB,DDR4-3200,2 x 32GB,13.75 ns,22,$6.20,Black / Green,4.5,6,$559.09,$562.40,$565.71,$569.02,$572.33,$575.64,$578.94,$582.25,$585.56,$588.87,$592.18,$595.49,$496.24,$476.39,$456.54,$436.69,$416.84,$396.99,$377.14,$357.29,$337.44,$317.59,$297.74,$277.89,$241.50,$244.81,$248.12,$251.43,$254.74,$258.04,$261.35,$264.66,$267.97,$271.28,$274.58,$277.89,$284.51,$291.13,$297.74,$304.36,$310.98,$317.59,$324.21,$330.82,$337.44,$344.06,$350.67,$357.29,$347.37,$337.44,$327.52,$317.59,$307.67,$297.74,$287.82,$277.89,$267.97,$258.04,$248.12,$238.19,$231.58,$224.96,$218.34,$211.73,$205.11,$198.50,$191.88,$185.26,$178.65,$172.03,$165.41,$158.80,$162.10,$165.41,$168.72,$172.03,$175.34,$178.65,$181.95,$185.26,$188.57,$191.88,$195.19,$198.50,$205.11,$211.73,$218.34,$224.96,$231.58,$337.44,$347.37,$357.29,$367.22,$166.74,$269.95,$396.99,$579.61,$635.18,$575.64
G.Skill Flare X5 256 GB,DDR5-6000,4 x 64GB,10.667 ns,32,$11.52,Black,0.0,0,,,,,,,,,,,,,,,,,,,,,,,,,,,,,,,,,,,,,,,,,,,,,,,"$7,374.97","$7,374.97","$7,129.14","$6,883.31","$6,637.48","$6,391.64","$6,145.81","$5,899.98","$5,654.15","$5,408.31","$5,162.48","$4,916.65","$4,670.82","$4,424.98","$4,252.90","$4,080.82","$3,908.74","$3,736.65","$3,564.57","$3,392.49","$3,220.41","$3,048.32","$2,876.24","$2,704.16","$2,532.07","$2,359.99","$2,286.24","$2,212.49","$2,138.74","$2,064.99","$1,991.24","$1,917.49","$1,843.74","$1,769.99","$1,696.24","$1,622.49","$1,548.74","$1,474.99","$1,524.16","$1,573.33","$1,622.49","$1,671.66","$1,720.83","$2,507.49","$2,581.24","$2,654.99","$2,728.74","$1,239.00","$2,005.99","$2,949.99","$3,746.49","$3,510.49","$3,510.49"
G.Skill Flare X5 32 GB,DDR5-6000,2 x 16GB,9.333 ns,28,$15.63,Black,5.0,2,,,,,,,,,,,,,,,,,,,,,,,,,,,,,,,,,,,,,,,,,,,,,,,"$1,249.97","$1,249.97","$1,208.31","$1,166.64","$1,124.98","$1,083.31","$1,041.65",$999.98,$958.31,$916.65,$874.98,$833.32,$791.65,$749.99,$720.82,$691.65,$662.49,$633.32,$604.15,$574.99,$545.82,$516.66,$487.49,$458.32,$429.16,$399.99,$387.49,$374.99,$362.49,$349.99,$337.49,$324.99,$312.49,$299.99,$287.49,$274.99,$262.49,$250.00,$258.33,$266.66,$274.99,$283.33,$291.66,$424.99,$437.49,$449.99,$462.49,$210.00,$339.99,$499.99,$634.99,$594.99,$449.99
TEAMGROUP T-Force Delta RGB 64 GB,DDR5-6000,2 x 32GB,12.667 ns,38,$11.41,White,4.5,6,,,,,,,,,,,,,,,,,,,,,,,,,,,,,,,,,,,,,,,,,,,,,,,"$1,824.97","$1,824.97","$1,764.14","$1,703.31","$1,642.48","$1,581.64","$1,520.81","$1,459.98","$1,399.15","$1,338.32","$1,277.48","$1,216.65","$1,155.82","$1,094.99","$1,052.40","$1,009.82",$967.24,$924.65,$882.07,$839.49,$796.91,$754.32,$711.74,$669.16,$626.57,$583.99,$565.74,$547.49,$529.24,$510.99,$492.74,$474.49,$456.24,$437.99,$419.74,$401.49,$383.24,$365.00,$377.16,$389.33,$401.49,$413.66,$425.83,$620.49,$638.74,$656.99,$675.24,$306.60,$496.39,$729.99,$927.09,$868.69,$868.69
Kingston FURY Beast 16 GB,DDR5-5200,1 x 16GB,15.385 ns,40,$19.56,Black / Silver,4.0,2,,,,,,,,,,,,,,,,,,,,,,,,,,,,,,,,,,,,,,,,,,,,,,,$782.33,$782.33,$756.25,$730.17,$704.09,$678.01,$651.94,$625.86,$599.78,$573.71,$547.63,$521.55,$495.47,$469.39,$451.14,$432.89,$414.63,$396.38,$378.12,$359.87,$341.62,$323.36,$305.11,$286.85,$268.60,$250.34,$242.52,$234.70,$226.87,$219.05,$211.23,$203.40,$195.58,$187.76,$179.93,$172.11,$164.29,$156.47,$161.68,$166.90,$172.11,$177.33,$182.54,$265.99,$273.81,$281.64,$289.46,$131.43,$212.79,$312.93,$397.42,$372.39,$372.39
TEAMGROUP T-Force Delta RGB 32 GB,DDR5-6400,2 x 16GB,10 ns,32,$11.88,White,4.5,4,,,,,,,,,,,,,,,,,,,,,,,,,,,,,,,,,,,,,,,,,,,,,,,$949.98,$949.98,$918.31,$886.64,$854.98,$823.31,$791.65,$759.98,$728.31,$696.65,$664.98,$633.32,$601.65,$569.99,$547.82,$525.65,$503.49,$481.32,$459.15,$436.99,$414.82,$392.66,$370.49,$348.32,$326.16,$303.99,$294.49,$284.99,$275.49,$265.99,$256.49,$246.99,$237.49,$227.99,$218.49,$208.99,$199.49,$190.00,$196.33,$202.66,$208.99,$215.33,$221.66,$322.99,$332.49,$341.99,$351.49,$159.60,$258.39,$379.99,$482.59,$452.19,$452.19
Corsair Vengeance 96 GB,DDR5-6000,2 x 48GB,12 ns,36,$9.38,Black,0.0,0,,,,,,,,,,,,,,,,,,,,,,,,,,,,,,,,,,,,,,,,,,,,,,,"$2,251.75","$2,251.75","$2,176.69","$2,101.63","$2,026.58","$1,951.52","$1,876.46","$1,801.40","$1,726.34","$1,651.28","$1,576.23","$1,501.17","$1,426.11","$1,351.05","$1,298.51","$1,245.97","$1,193.43","$1,140.89","$1,088.35","$1,035.81",$983.26,$930.72,$878.18,$825.64,$773.10,$720.56,$698.04,$675.53,$653.01,$630.49,$607.97,$585.46,$562.94,$540.42,$517.90,$495.39,$472.87,$450.35,$465.36,$480.37,$495.39,$510.40,$525.41,$765.60,$788.11,$810.63,$833.15,$378.29,$612.48,$900.70,"$1,143.89","$1,071.83","$1,071.83"
G.Skill Aegis 16 GB,DDR4-3000,2 x 8GB,10.667 ns,16,$7.50,Black / Red,4.5,77,$168.99,$169.99,$170.99,$171.99,$172.99,$173.99,$174.99,$175.99,$176.99,$177.99,$178.99,$179.98,$149.99,$143.99,$137.99,$131.99,$125.99,$119.99,$113.99,$107.99,$101.99,$95.99,$89.99,$83.99,$72.99,$73.99,$74.99,$75.99,$76.99,$77.99,$78.99,$79.99,$80.99,$81.99,$82.99,$83.99,$85.99,$87.99,$89.99,$91.99,$93.99,$95.99,$97.99,$99.99,$101.99,$103.99,$105.99,$107.99,$104.99,$101.99,$98.99,$95.99,$92.99,$89.99,$86.99,$83.99,$80.99,$77.99,$74.99,$71.99,$69.99,$67.99,$65.99,$63.99,$61.99,$59.99,$58.00,$56.00,$54.00,$52.00,$50.00,$48.00,$49.00,$50.00,$51.00,$52.00,$53.00,$54.00,$55.00,$56.00,$57.00,$58.00,$59.00,$59.99,$61.99,$63.99,$65.99,$67.99,$69.99,$101.99,$104.99,$107.99,$110.99,$50.40,$81.59,$119.99,$175.19,$191.98,$173.99
G.Skill Flare X5 128 GB,DDR5-6000,2 x 64GB,10.667 ns,32,$11.64,Black,0.0,0,,,,,,,,,,,,,,,,,,,,,,,,,,,,,,,,,,,,,,,,,,,,,,,"$3,724.97","$3,724.97","$3,600.81","$3,476.64","$3,352.48","$3,228.31","$3,104.15","$2,979.98","$2,855.81","$2,731.65","$2,607.48","$2,483.32","$2,359.15","$2,234.99","$2,148.07","$2,061.15","$1,974.24","$1,887.32","$1,800.40","$1,713.49","$1,626.57","$1,539.66","$1,452.74","$1,365.82","$1,278.91","$1,191.99","$1,154.74","$1,117.49","$1,080.24","$1,042.99","$1,005.74",$968.49,$931.24,$893.99,$856.74,$819.49,$782.24,$745.00,$769.83,$794.66,$819.49,$844.33,$869.16,"$1,266.49","$1,303.74","$1,340.99","$1,378.24",$625.80,"$1,013.19","$1,489.99","$1,892.29","$1,773.09","$1,773.09"
Corsair Dominator Titanium 96 GB,DDR5-7000,2 x 48GB,11.429 ns,40,$12.88,Black,0.0,0,,,,,,,,,,,,,,,,,,,,,,,,,,,,,,,,,,,,,,,,,,,,,,,"$3,089.97","$3,089.97","$2,986.98","$2,883.98","$2,780.98","$2,677.98","$2,574.98","$2,471.98","$2,368.98","$2,265.98","$2,162.98","$2,059.98","$1,956.98","$1,853.99","$1,781.89","$1,709.79","$1,637.69","$1,565.59","$1,493.49","$1,421.39","$1,349.29","$1,277.19","$1,205.09","$1,132.99","$1,060.89",$988.79,$957.89,$926.99,$896.09,$865.19,$834.29,$803.39,$772.49,$741.59,$710.69,$679.79,$648.89,$618.00,$638.59,$659.19,$679.79,$700.39,$720.99,"$1,050.59","$1,081.49","$1,112.39","$1,143.29",$519.12,$840.47,"$1,235.99","$1,569.71","$1,470.83","$1,470.83"
Thermaltake TOUGHRAM XG RGB D5 32 GB,DDR5-6000,2 x 16GB,12 ns,36,$10.31,Pink / White,5.0,1,,,,,,,,,,,,,,,,,,,,,,,,,,,,,,,,,,,,,,,,,,,,,,,$824.98,$824.98,$797.48,$769.98,$742.48,$714.98,$687.48,$659.98,$632.48,$604.98,$577.48,$549.98,$522.48,$494.99,$475.74,$456.49,$437.24,$417.99,$398.74,$379.49,$360.24,$340.99,$321.74,$302.49,$283.24,$263.99,$255.74,$247.49,$239.24,$230.99,$222.74,$214.49,$206.24,$197.99,$189.74,$181.49,$173.24,$165.00,$170.49,$175.99,$181.49,$186.99,$192.49,$280.49,$288.74,$296.99,$305.24,$138.60,$224.39,$329.99,$419.09,$392.69,$392.69
Crucial Pro Overclocking 16 GB,DDR5-6000,1 x 16GB,12 ns,36,$13.78,Black,0.0,0,,,,,,,,,,,,,,,,,,,,,,,,,,,,,,,,,,,,,,,,,,,,,,,$551.02,$551.02,$532.66,$514.29,$495.92,$477.55,$459.19,$440.82,$422.45,$404.09,$385.72,$367.35,$348.98,$330.62,$317.76,$304.90,$292.04,$279.19,$266.33,$253.47,$240.61,$227.76,$214.90,$202.04,$189.19,$176.33,$170.82,$165.31,$159.80,$154.29,$148.78,$143.27,$137.76,$132.25,$126.74,$121.23,$115.72,$110.20,$113.88,$117.55,$121.23,$124.90,$128.57,$187.35,$192.86,$198.37,$203.88,$92.57,$149.88,$220.41,$279.92,$262.29,$262.29
Silicon Power XPOWER Zenith RGB Gaming 32 GB,DDR5-6000,2 x 16GB,10 ns,30,$14.24,White,4.5,8,,,,,,,,,,,,,,,,,,,,,,,,,,,,,,,,,,,,,,,,,,,,,,,"$1,139.48","$1,139.48","$1,101.49","$1,063.51","$1,025.53",$987.54,$949.56,$911.58,$873.60,$835.62,$797.63,$759.65,$721.67,$683.69,$657.10,$630.51,$603.92,$577.33,$550.75,$524.16,$497.57,$470.98,$444.40,$417.81,$391.22,$364.63,$353.24,$341.84,$330.45,$319.05,$307.66,$296.26,$284.87,$273.47,$262.08,$250.68,$239.29,$227.90,$235.49,$243.09,$250.68,$258.28,$265.88,$387.42,$398.82,$410.21,$421.61,$191.43,$309.94,$455.79,$578.85,$542.39,$542.39
Corsair Vengeance RGB 32 GB,DDR5-7200,2 x 16GB,9.444 ns,34,$14.69,Black,5.0,1,,,,,,,,,,,,,,,,,,,,,,,,,,,,,,,,,,,,,,,,,,,,,,,"$1,174.97","$1,174.97","$1,135.81","$1,096.64","$1,057.48","$1,018.31",$979.15,$939.98,$900.81,$861.65,$822.48,$783.32,$744.15,$704.99,$677.57,$650.15,$622.74,$595.32,$567.90,$540.49,$513.07,$485.66,$458.24,$430.82,$403.41,$375.99,$364.24,$352.49,$340.74,$328.99,$317.24,$305.49,$293.74,$281.99,$270.24,$258.49,$246.74,$235.00,$242.83,$250.66,$258.49,$266.33,$274.16,$399.49,$411.24,$422.99,$434.74,$197.40,$319.59,$469.99,$596.89,$559.29,$439.99
Kingston FURY Beast RGB 64 GB,DDR5-6400,2 x 32GB,10 ns,32,$10.00,Black,5.0,2,,,,,,,,,,,,,,,,,,,,,,,,,,,,,,,,,,,,,,,,,,,,,,,"$1,599.97","$1,599.97","$1,546.64","$1,493.31","$1,439.98","$1,386.64","$1,333.31","$1,279.98","$1,226.65","$1,173.32","$1,119.98","$1,066.65","$1,013.32",$959.99,$922.65,$885.32,$847.99,$810.65,$773.32,$735.99,$698.66,$661.32,$623.99,$586.66,$549.32,$511.99,$495.99,$479.99,$463.99,$447.99,$431.99,$415.99,$399.99,$383.99,$367.99,$351.99,$335.99,$320.00,$330.66,$341.33,$351.99,$362.66,$373.33,$543.99,$559.99,$575.99,$591.99,$268.80,$435.19,$639.99,$812.79,$761.59,$761.59
Kingston FURY Beast 32 GB,DDR5-5200,2 x 16GB,15.385 ns,40,$11.88,Black / Silver,4.5,6,,,,,,,,,,,,,,,,,,,,,,,,,,,,,,,,,,,,,,,,,,,,,,,$949.98,$949.98,$918.31,$886.64,$854.98,$823.31,$791.65,$759.98,$728.31,$696.65,$664.98,$633.32,$601.65,$569.99,$547.82,$525.65,$503.49,$481.32,$459.15,$436.99,$414.82,$392.66,$370.49,$348.32,$326.16,$303.99,$294.49,$284.99,$275.49,$265.99,$256.49,$246.99,$237.49,$227.99,$218.49,$208.99,$199.49,$190.00,$196.33,$202.66,$208.99,$215.33,$221.66,$322.99,$332.49,$341.99,$351.49,$159.60,$258.39,$379.99,$482.59,$452.19,$452.19
Silicon Power XPOWER Zenith Gaming 32 GB,DDR5-6000,2 x 16GB,10 ns,30,$13.65,Black,5.0,5,,,,,,,,,,,,,,,,,,,,,,,,,,,,,,,,,,,,,,,,,,,,,,,"$1,091.98","$1,091.98","$1,055.58","$1,019.18",$982.78,$946.38,$909.98,$873.58,$837.18,$800.78,$764.38,$727.98,$691.58,$655.19,$629.71,$604.23,$578.75,$553.27,$527.79,$502.31,$476.83,$451.35,$425.87,$400.39,$374.91,$349.43,$338.51,$327.59,$316.67,$305.75,$294.83,$283.91,$272.99,$262.07,$251.15,$240.23,$229.31,$218.40,$225.67,$232.95,$240.23,$247.51,$254.79,$371.27,$382.19,$393.11,$404.03,$183.45,$297.02,$436.79,$554.72,$519.78,$519.78
G.Skill Trident Z5 RGB 64 GB,DDR5-6000,2 x 32GB,12 ns,36,$11.41,Black,5.0,1,,,,,,,,,,,,,,,,,,,,,,,,,,,,,,,,,,,,,,,,,,,,,,,"$1,824.97","$1,824.97","$1,764.14","$1,703.31","$1,642.48","$1,581.64","$1,520.81","$1,459.98","$1,399.15","$1,338.32","$1,277.48","$1,216.65","$1,155.82","$1,094.99","$1,052.40","$1,009.82",$967.24,$924.65,$882.07,$839.49,$796.91,$754.32,$711.74,$669.16,$626.57,$583.99,$565.74,$547.49,$529.24,$510.99,$492.74,$474.49,$456.24,$437.99,$419.74,$401.49,$383.24,$365.00,$377.16,$389.33,$401.49,$413.66,$425.83,$620.49,$638.74,$656.99,$675.24,$306.60,$496.39,$729.99,$927.09,$868.69,$868.69
Corsair Dominator Platinum RGB 32 GB,DDR5-7200,2 x 16GB,9.444 ns,34,$15.81,Black,5.0,1,,,,,,,,,,,,,,,,,,,,,,,,,,,,,,,,,,,,,,,,,,,,,,,"$1,264.97","$1,264.97","$1,222.81","$1,180.64","$1,138.48","$1,096.31","$1,054.15","$1,011.98",$969.81,$927.65,$885.48,$843.32,$801.15,$758.99,$729.47,$699.95,$670.44,$640.92,$611.40,$581.89,$552.37,$522.86,$493.34,$463.82,$434.31,$404.79,$392.14,$379.49,$366.84,$354.19,$341.54,$328.89,$316.24,$303.59,$290.94,$278.29,$265.64,$253.00,$261.43,$269.86,$278.29,$286.73,$295.16,$430.09,$442.74,$455.39,$468.04,$212.52,$344.07,$505.99,$642.61,$602.13,$602.13
Crucial CT4G4DFS824A 4 GB,DDR4-2400,1 x 4GB,14.167 ns,17,$8.70,Black / Green,5.0,1,$49.00,$49.29,$49.58,$49.87,$50.16,$50.45,$50.74,$51.03,$51.32,$51.61,$51.90,$52.19,$43.49,$41.75,$40.01,$38.27,$36.53,$34.79,$33.05,$31.31,$29.57,$27.83,$26.09,$24.35,$21.16,$21.45,$21.74,$22.03,$22.32,$22.61,$22.90,$23.19,$23.48,$23.77,$24.06,$24.35,$24.93,$25.51,$26.09,$26.67,$27.25,$27.83,$28.41,$28.99,$29.57,$30.15,$30.73,$31.31,$30.44,$29.57,$28.70,$27.83,$26.96,$26.09,$25.22,$24.35,$23.48,$22.61,$21.74,$20.87,$20.29,$19.71,$19.13,$18.55,$17.97,$17.39,$16.82,$16.24,$15.66,$15.08,$14.50,$13.92,$14.21,$14.50,$14.79,$15.08,$15.37,$15.66,$15.95,$16.24,$16.53,$16.82,$17.11,$17.39,$17.97,$18.55,$19.13,$19.71,$20.29,$29.57,$30.44,$31.31,$32.18,$14.61,$23.66,$34.79,$50.79,$55.66,$50.45
G.Skill Trident Z5 Neo RGB 32 GB,DDR5-6400,2 x 16GB,9.375 ns,30,$15.63,White,5.0,2,,,,,,,,,,,,,,,,,,,,,,,,,,,,,,,,,,,,,,,,,,,,,,,"$1,249.97","$1,249.97","$1,208.31","$1,166.64","$1,124.98","$1,083.31","$1,041.65",$999.98,$958.31,$916.65,$874.98,$833.32,$791.65,$749.99,$720.82,$691.65,$662.49,$633.32,$604.15,$574.99,$545.82,$516.66,$487.49,$458.32,$429.16,$399.99,$387.49,$374.99,$362.49,$349.99,$337.49,$324.99,$312.49,$299.99,$287.49,$274.99,$262.49,$250.00,$258.33,$266.66,$274.99,$283.33,$291.66,$424.99,$437.49,$449.99,$462.49,$210.00,$339.99,$499.99,$634.99,$594.99,$594.99
Corsair Vengeance 192 GB,DDR5-5200,4 x 48GB,14.615 ns,38,$11.47,Black,0.0,0,,,,,,,,,,,,,,,,,,,,,,,,,,,,,,,,,,,,,,,,,,,,,,,"$5,504.97","$5,504.97","$5,321.48","$5,137.98","$4,954.48","$4,770.98","$4,587.48","$4,403.98","$4,220.48","$4,036.98","$3,853.48","$3,669.98","$3,486.48","$3,302.98","$3,174.54","$3,046.09","$2,917.64","$2,789.19","$2,660.74","$2,532.29","$2,403.84","$2,275.39","$2,146.94","$2,018.49","$1,890.04","$1,761.59","$1,706.54","$1,651.49","$1,596.44","$1,541.39","$1,486.34","$1,431.29","$1,376.24","$1,321.19","$1,266.14","$1,211.09","$1,156.04","$1,100.99","$1,137.69","$1,174.39","$1,211.09","$1,247.79","$1,284.49","$1,871.69","$1,926.74","$1,981.79","$2,036.84",$924.84,"$1,497.35","$2,201.99","$2,796.53","$2,620.37","$2,620.37"
Crucial Pro 96 GB,DDR5-5600,2 x 48GB,16.429 ns,46,$8.23,Black,0.0,0,,,,,,,,,,,,,,,,,,,,,,,,,,,,,,,,,,,,,,,,,,,,,,,"$1,975.00","$1,975.00","$1,909.17","$1,843.33","$1,777.50","$1,711.67","$1,645.83","$1,580.00","$1,514.17","$1,448.33","$1,382.50","$1,316.67","$1,250.83","$1,185.00","$1,138.92","$1,092.83","$1,046.75","$1,000.67",$954.58,$908.50,$862.42,$816.33,$770.25,$724.17,$678.08,$632.00,$612.25,$592.50,$572.75,$553.00,$533.25,$513.50,$493.75,$474.00,$454.25,$434.50,$414.75,$395.00,$408.17,$421.33,$434.50,$447.67,$460.83,$671.50,$691.25,$711.00,$730.75,$331.80,$537.20,$790.00,"$1,003.30",$940.10,$940.10
Crucial CT2K16G4DFRA32A 32 GB,DDR4-3200,2 x 16GB,13.75 ns,22,$6.00,Green / Black,5.0,2,$270.39,$271.99,$273.59,$275.19,$276.79,$278.39,$279.99,$281.59,$283.19,$284.79,$286.39,$287.99,$239.99,$230.39,$220.79,$211.19,$201.59,$191.99,$182.39,$172.79,$163.19,$153.59,$143.99,$134.39,$116.79,$118.39,$119.99,$121.59,$123.19,$124.79,$126.39,$127.99,$129.59,$131.19,$132.79,$134.39,$137.59,$140.79,$143.99,$147.19,$150.39,$153.59,$156.79,$159.99,$163.19,$166.39,$169.59,$172.79,$167.99,$163.19,$158.39,$153.59,$148.79,$143.99,$139.19,$134.39,$129.59,$124.79,$119.99,$115.19,$111.99,$108.79,$105.59,$102.39,$99.19,$96.00,$92.80,$89.60,$86.40,$83.20,$80.00,$76.80,$78.40,$80.00,$81.60,$83.20,$84.80,$86.40,$88.00,$89.60,$91.20,$92.80,$94.40,$96.00,$99.19,$102.39,$105.59,$108.79,$111.99,$163.19,$167.99,$172.79,$177.59,$80.64,$130.55,$191.99,$280.31,$307.18,$278.39
Corsair Vengeance RGB 32 GB,DDR5-6000,2 x 16GB,10 ns,30,$13.81,White / Silver,4.5,5,,,,,,,,,,,,,,,,,,,,,,,,,,,,,,,,,,,,,,,,,,,,,,,"$1,104.97","$1,104.97","$1,068.14","$1,031.31",$994.48,$957.64,$920.81,$883.98,$847.15,$810.32,$773.48,$736.65,$699.82,$662.99,$637.20,$611.42,$585.64,$559.85,$534.07,$508.29,$482.51,$456.72,$430.94,$405.16,$379.37,$353.59,$342.54,$331.49,$320.44,$309.39,$298.34,$287.29,$276.24,$265.19,$254.14,$243.09,$232.04,$221.00,$228.36,$235.73,$243.09,$250.46,$257.83,$375.69,$386.74,$397.79,$408.84,$185.64,$300.55,$441.99,$561.33,$525.97,$439.99
G.Skill Trident Z5 RGB 128 GB,DDR5-6400,2 x 64GB,11.25 ns,36,$11.88,Black,0.0,0,,,,,,,,,,,,,,,,,,,,,,,,,,,,,,,,,,,,,,,,,,,,,,,"$3,799.97","$3,799.97","$3,673.31","$3,546.64","$3,419.98","$3,293.31","$3,166.65","$3,039.98","$2,913.31","$2,786.65","$2,659.98","$2,533.32","$2,406.65","$2,279.99","$2,191.32","$2,102.65","$2,013.99","$1,925.32","$1,836.65","$1,747.99","$1,659.32","$1,570.66","$1,481.99","$1,393.32","$1,304.66","$1,215.99","$1,177.99","$1,139.99","$1,101.99","$1,063.99","$1,025.99",$987.99,$949.99,$911.99,$873.99,$835.99,$797.99,$760.00,$785.33,$810.66,$835.99,$861.33,$886.66,"$1,291.99","$1,329.99","$1,367.99","$1,405.99",$638.40,"$1,033.59","$1,519.99","$1,930.39","$1,808.79","$1,808.79"
Corsair Vengeance RGB Pro SL 32 GB,DDR4-3200,2 x 16GB,10 ns,16,$5.84,White / Black,4.5,4,$263.34,$264.90,$266.46,$268.02,$269.58,$271.14,$272.69,$274.25,$275.81,$277.37,$278.93,$280.49,$233.74,$224.39,$215.04,$205.69,$196.34,$186.99,$177.64,$168.29,$158.94,$149.59,$140.24,$130.89,$113.75,$115.31,$116.87,$118.43,$119.99,$121.54,$123.10,$124.66,$126.22,$127.78,$129.33,$130.89,$134.01,$137.13,$140.24,$143.36,$146.48,$149.59,$152.71,$155.82,$158.94,$162.06,$165.17,$168.29,$163.62,$158.94,$154.27,$149.59,$144.92,$140.24,$135.57,$130.89,$126.22,$121.54,$116.87,$112.19,$109.08,$105.96,$102.84,$99.73,$96.61,$93.50,$90.38,$87.26,$84.15,$81.03,$77.91,$74.80,$76.35,$77.91,$79.47,$81.03,$82.59,$84.15,$85.70,$87.26,$88.82,$90.38,$91.94,$93.50,$96.61,$99.73,$102.84,$105.96,$109.08,$158.94,$163.62,$168.29,$172.97,$78.54,$127.15,$186.99,$273.01,$299.18,$271.14
Corsair Vengeance RGB 32 GB,DDR5-5200,2 x 16GB,15.385 ns,40,$12.53,White,4.5,3,,,,,,,,,,,,,,,,,,,,,,,,,,,,,,,,,,,,,,,,,,,,,,,"$1,002.48","$1,002.48",$969.06,$935.64,$902.23,$868.81,$835.40,$801.98,$768.56,$735.15,$701.73,$668.32,$634.90,$601.49,$578.09,$554.70,$531.31,$507.92,$484.53,$461.14,$437.75,$414.36,$390.97,$367.57,$344.18,$320.79,$310.77,$300.74,$290.72,$280.69,$270.67,$260.64,$250.62,$240.59,$230.57,$220.54,$210.52,$200.50,$207.18,$213.86,$220.54,$227.23,$233.91,$340.84,$350.87,$360.89,$370.92,$168.42,$272.67,$400.99,$509.26,$477.18,$439.99
Corsair Vengeance RGB 64 GB,DDR5-6400,2 x 32GB,10 ns,32,$14.16,Black / Gray,4.5,10,,,,,,,,,,,,,,,,,,,,,,,,,,,,,,,,,,,,,,,,,,,,,,,"$2,264.97","$2,264.97","$2,189.48","$2,113.98","$2,038.48","$1,962.98","$1,887.48","$1,811.98","$1,736.48","$1,660.98","$1,585.48","$1,509.98","$1,434.48","$1,358.99","$1,306.14","$1,253.29","$1,200.44","$1,147.59","$1,094.74","$1,041.89",$989.04,$936.19,$883.34,$830.49,$777.64,$724.79,$702.14,$679.49,$656.84,$634.19,$611.54,$588.89,$566.24,$543.59,$520.94,$498.29,$475.64,$453.00,$468.09,$483.19,$498.29,$513.39,$528.49,$770.09,$792.74,$815.39,$838.04,$380.52,$616.07,$905.99,"$1,150.61","$1,078.13","$1,078.13"
Crucial CT32G56C46U5 32 GB,DDR5-5600,1 x 32GB,16.429 ns,46,,Black,0.0,0,,,,,,,,,,,,,,,,,,,,,,,,,,,,,,,,,,,,,,,,,,,,,,,$704.98,$704.98,$681.48,$657.98,$634.48,$610.98,$587.48,$563.98,$540.48,$516.98,$493.48,$469.98,$446.48,$422.99,$406.54,$390.09,$373.64,$357.19,$340.74,$324.29,$307.84,$291.39,$274.94,$258.49,$242.04,$225.59,$218.54,$211.49,$204.44,$197.39,$190.34,$183.29,$176.24,$169.19,$162.14,$155.09,$148.04,$141.00,$145.69,$150.39,$155.09,$159.79,$164.49,$239.69,$246.74,$253.79,$260.84,$118.44,$191.75,$281.99,$358.13,$335.57,$335.57
Timetec PINNACLE Konduit 16 GB,DDR4-3200,2 x 8GB,10 ns,16,$7.31,White,4.0,5,$164.76,$165.74,$166.71,$167.69,$168.66,$169.64,$170.61,$171.59,$172.56,$173.54,$174.51,$175.48,$146.24,$140.39,$134.54,$128.69,$122.84,$116.99,$111.14,$105.29,$99.44,$93.59,$87.74,$81.89,$71.17,$72.14,$73.12,$74.09,$75.07,$76.04,$77.02,$77.99,$78.97,$79.94,$80.92,$81.89,$83.84,$85.79,$87.74,$89.69,$91.64,$93.59,$95.54,$97.49,$99.44,$101.39,$103.34,$105.29,$102.37,$99.44,$96.52,$93.59,$90.67,$87.74,$84.82,$81.89,$78.97,$76.04,$73.12,$70.19,$68.24,$66.29,$64.34,$62.39,$60.44,$58.49,$56.55,$54.60,$52.65,$50.70,$48.75,$46.80,$47.77,$48.75,$49.72,$50.70,$51.67,$52.65,$53.62,$54.60,$55.57,$56.55,$57.52,$58.49,$60.44,$62.39,$64.34,$66.29,$68.24,$99.44,$102.37,$105.29,$108.22,$49.14,$79.55,$116.99,$170.81,$187.18,$169.64
Corsair Dominator Titanium 32 GB,DDR5-6000,2 x 16GB,10 ns,30,$14.97,Black,5.0,2,,,,,,,,,,,,,,,,,,,,,,,,,,,,,,,,,,,,,,,,,,,,,,,"$1,197.47","$1,197.47","$1,157.56","$1,117.64","$1,077.73","$1,037.81",$997.90,$957.98,$918.06,$878.15,$838.23,$798.32,$758.40,$718.49,$690.54,$662.60,$634.66,$606.72,$578.78,$550.84,$522.90,$494.96,$467.02,$439.07,$411.13,$383.19,$371.22,$359.24,$347.27,$335.29,$323.32,$311.34,$299.37,$287.39,$275.42,$263.44,$251.47,$239.50,$247.48,$255.46,$263.44,$271.43,$279.41,$407.14,$419.12,$431.09,$443.07,$201.18,$325.71,$478.99,$608.32,$570.00,$570.00
V-Color Manta XSky RGB 32 GB,DDR5-6000,2 x 16GB,12 ns,36,$10.94,Black,0.0,0,,,,,,,,,,,,,,,,,,,,,,,,,,,,,,,,,,,,,,,,,,,,,,,$874.98,$874.98,$845.81,$816.64,$787.48,$758.31,$729.15,$699.98,$670.81,$641.65,$612.48,$583.32,$554.15,$524.99,$504.57,$484.15,$463.74,$443.32,$422.90,$402.49,$382.07,$361.66,$341.24,$320.82,$300.41,$279.99,$271.24,$262.49,$253.74,$244.99,$236.24,$227.49,$218.74,$209.99,$201.24,$192.49,$183.74,$175.00,$180.83,$186.66,$192.49,$198.33,$204.16,$297.49,$306.24,$314.99,$323.74,$147.00,$237.99,$349.99,$444.49,$416.49,$416.49
Kingston FURY Beast 8 GB,DDR5-5200,1 x 8GB,15.385 ns,40,$9.87,Black,0.0,0,,,,,,,,,,,,,,,,,,,,,,,,,,,,,,,,,,,,,,,,,,,,,,,$197.45,$197.45,$190.87,$184.29,$177.71,$171.12,$164.54,$157.96,$151.38,$144.80,$138.22,$131.63,$125.05,$118.47,$113.86,$109.26,$104.65,$100.04,$95.43,$90.83,$86.22,$81.61,$77.01,$72.40,$67.79,$63.18,$61.21,$59.23,$57.26,$55.29,$53.31,$51.34,$49.36,$47.39,$45.41,$43.44,$41.46,$39.49,$40.81,$42.12,$43.44,$44.76,$46.07,$67.13,$69.11,$71.08,$73.06,$33.17,$53.71,$78.98,$100.30,$93.99,$93.99
Samsung M378A1K43CB2-CRC 8 GB,DDR4-2400,1 x 8GB,14.167 ns,17,$5.87,Green,4.0,6,$66.18,$66.57,$66.96,$67.35,$67.74,$68.14,$68.53,$68.92,$69.31,$69.70,$70.09,$70.48,$58.74,$56.39,$54.04,$51.69,$49.34,$46.99,$44.64,$42.29,$39.94,$37.59,$35.24,$32.89,$28.59,$28.98,$29.37,$29.76,$30.15,$30.54,$30.94,$31.33,$31.72,$32.11,$32.50,$32.89,$33.68,$34.46,$35.24,$36.03,$36.81,$37.59,$38.38,$39.16,$39.94,$40.72,$41.51,$42.29,$41.12,$39.94,$38.77,$37.59,$36.42,$35.24,$34.07,$32.89,$31.72,$30.54,$29.37,$28.19,$27.41,$26.63,$25.84,$25.06,$24.28,$23.50,$22.71,$21.93,$21.15,$20.36,$19.58,$18.80,$19.19,$19.58,$19.97,$20.36,$20.75,$21.15,$21.54,$21.93,$22.32,$22.71,$23.10,$23.50,$24.28,$25.06,$25.84,$26.63,$27.41,$39.94,$41.12,$42.29,$43.47,$19.74,$31.95,$46.99,$68.61,$75.18,$68.14
Corsair Vengeance RGB Pro SL 32 GB,DDR4-3200,2 x 16GB,10 ns,16,$5.84,Black,4.5,5,$263.34,$264.90,$266.46,$268.02,$269.58,$271.14,$272.69,$274.25,$275.81,$277.37,$278.93,$280.49,$233.74,$224.39,$215.04,$205.69,$196.34,$186.99,$177.64,$168.29,$158.94,$149.59,$140.24,$130.89,$113.75,$115.31,$116.87,$118.43,$119.99,$121.54,$123.10,$124.66,$126.22,$127.78,$129.33,$130.89,$134.01,$137.13,$140.24,$143.36,$146.48,$149.59,$152.71,$155.82,$158.94,$162.06,$165.17,$168.29,$163.62,$158.94,$154.27,$149.59,$144.92,$140.24,$135.57,$130.89,$126.22,$121.54,$116.87,$112.19,$109.08,$105.96,$102.84,$99.73,$96.61,$93.50,$90.38,$87.26,$84.15,$81.03,$77.91,$74.80,$76.35,$77.91,$79.47,$81.03,$82.59,$84.15,$85.70,$87.26,$88.82,$90.38,$91.94,$93.50,$96.61,$99.73,$102.84,$105.96,$109.08,$158.94,$163.62,$168.29,$172.97,$78.54,$127.15,$186.99,$273.01,$299.18,$271.14
Corsair Vengeance RGB 32 GB,DDR5-5200,2 x 16GB,15.385 ns,40,$12.53,Black,4.5,11,,,,,,,,,,,,,,,,,,,,,,,,,,,,,,,,,,,,,,,,,,,,,,,"$1,002.48","$1,002.48",$969.06,$935.64,$902.23,$868.81,$835.40,$801.98,$768.56,$735.15,$701.73,$668.32,$634.90,$601.49,$578.09,$554.70,$531.31,$507.92,$484.53,$461.14,$437.75,$414.36,$390.97,$367.57,$344.18,$320.79,$310.77,$300.74,$290.72,$280.69,$270.67,$260.64,$250.62,$240.59,$230.57,$220.54,$210.52,$200.50,$207.18,$213.86,$220.54,$227.23,$233.91,$340.84,$350.87,$360.89,$370.92,$168.42,$272.67,$400.99,$509.26,$477.18,$439.99
Patriot Signature Line 16 GB,DDR5-4800,1 x 16GB,16.667 ns,40,$11.19,Black,4.0,1,,,,,,,,,,,,,,,,,,,,,,,,,,,,,,,,,,,,,,,,,,,,,,,$447.48,$447.48,$432.56,$417.64,$402.73,$387.81,$372.90,$357.98,$343.06,$328.15,$313.23,$298.32,$283.40,$268.49,$258.04,$247.60,$237.16,$226.72,$216.28,$205.84,$195.40,$184.96,$174.52,$164.07,$153.63,$143.19,$138.72,$134.24,$129.77,$125.29,$120.82,$116.34,$111.87,$107.39,$102.92,$98.44,$93.97,$89.50,$92.48,$95.46,$98.44,$101.43,$104.41,$152.14,$156.62,$161.09,$165.57,$75.18,$121.71,$178.99,$227.32,$213.00,$213.00
G.Skill Trident Z5 RGB 64 GB,DDR5-6800,2 x 32GB,10 ns,34,$14.84,Black,4.5,2,,,,,,,,,,,,,,,,,,,,,,,,,,,,,,,,,,,,,,,,,,,,,,,"$2,374.97","$2,374.97","$2,295.81","$2,216.64","$2,137.48","$2,058.31","$1,979.15","$1,899.98","$1,820.81","$1,741.65","$1,662.48","$1,583.32","$1,504.15","$1,424.99","$1,369.57","$1,314.15","$1,258.74","$1,203.32","$1,147.90","$1,092.49","$1,037.07",$981.66,$926.24,$870.82,$815.41,$759.99,$736.24,$712.49,$688.74,$664.99,$641.24,$617.49,$593.74,$569.99,$546.24,$522.49,$498.74,$475.00,$490.83,$506.66,$522.49,$538.33,$554.16,$807.49,$831.24,$854.99,$878.74,$399.00,$645.99,$949.99,"$1,206.49","$1,130.49","$1,130.49"
OLOy MD4U082619BBSA 8 GB,DDR4-2666,1 x 8GB,14.254 ns,19,$4.87,Red / Black,0.0,0,$54.91,$55.24,$55.56,$55.89,$56.21,$56.54,$56.86,$57.19,$57.51,$57.84,$58.16,$58.48,$48.74,$46.79,$44.84,$42.89,$40.94,$38.99,$37.04,$35.09,$33.14,$31.19,$29.24,$27.29,$23.72,$24.04,$24.37,$24.69,$25.02,$25.34,$25.67,$25.99,$26.32,$26.64,$26.97,$27.29,$27.94,$28.59,$29.24,$29.89,$30.54,$31.19,$31.84,$32.49,$33.14,$33.79,$34.44,$35.09,$34.12,$33.14,$32.17,$31.19,$30.22,$29.24,$28.27,$27.29,$26.32,$25.34,$24.37,$23.39,$22.74,$22.09,$21.44,$20.79,$20.14,$19.50,$18.85,$18.20,$17.55,$16.90,$16.25,$15.60,$15.92,$16.25,$16.57,$16.90,$17.22,$17.55,$17.87,$18.20,$18.52,$18.85,$19.17,$19.50,$20.14,$20.79,$21.44,$22.09,$22.74,$33.14,$34.12,$35.09,$36.07,$16.38,$26.51,$38.99,$56.93,$62.38,$56.54
Corsair Vengeance 32 GB,DDR5-4800,2 x 16GB,16.667 ns,40,$12.16,Black,4.5,7,,,,,,,,,,,,,,,,,,,,,,,,,,,,,,,,,,,,,,,,,,,,,,,$972.48,$972.48,$940.06,$907.64,$875.23,$842.81,$810.40,$777.98,$745.56,$713.15,$680.73,$648.32,$615.90,$583.49,$560.79,$538.10,$515.41,$492.72,$470.03,$447.34,$424.65,$401.96,$379.27,$356.57,$333.88,$311.19,$301.47,$291.74,$282.02,$272.29,$262.57,$252.84,$243.12,$233.39,$223.67,$213.94,$204.22,$194.50,$200.98,$207.46,$213.94,$220.43,$226.91,$330.64,$340.37,$350.09,$359.82,$163.38,$264.51,$388.99,$494.02,$462.90,$462.90
Kingston FURY Beast 64 GB,DDR5-6000,2 x 32GB,12 ns,36,$10.78,Black / Silver,5.0,2,,,,,,,,,,,,,,,,,,,,,,,,,,,,,,,,,,,,,,,,,,,,,,,"$1,724.97","$1,724.97","$1,667.48","$1,609.98","$1,552.48","$1,494.98","$1,437.48","$1,379.98","$1,322.48","$1,264.98","$1,207.48","$1,149.98","$1,092.48","$1,034.99",$994.74,$954.49,$914.24,$873.99,$833.74,$793.49,$753.24,$712.99,$672.74,$632.49,$592.24,$551.99,$534.74,$517.49,$500.24,$482.99,$465.74,$448.49,$431.24,$413.99,$396.74,$379.49,$362.24,$345.00,$356.49,$367.99,$379.49,$390.99,$402.49,$586.49,$603.74,$620.99,$638.24,$289.80,$469.19,$689.99,$876.29,$821.09,$821.09
Corsair Vengeance RGB 96 GB,DDR5-6000,2 x 48GB,10 ns,30,$11.77,Black / Silver,5.0,6,,,,,,,,,,,,,,,,,,,,,,,,,,,,,,,,,,,,,,,,,,,,,,,"$2,824.88","$2,824.88","$2,730.71","$2,636.55","$2,542.39","$2,448.22","$2,354.06","$2,259.90","$2,165.74","$2,071.58","$1,977.41","$1,883.25","$1,789.09","$1,694.93","$1,629.01","$1,563.10","$1,497.18","$1,431.27","$1,365.36","$1,299.44","$1,233.53","$1,167.62","$1,101.70","$1,035.79",$969.87,$903.96,$875.71,$847.46,$819.21,$790.97,$762.72,$734.47,$706.22,$677.97,$649.72,$621.47,$593.22,$564.98,$583.81,$602.64,$621.47,$640.31,$659.14,$960.46,$988.71,"$1,016.95","$1,045.20",$474.58,$768.37,"$1,129.95","$1,435.04","$1,344.64","$1,344.64"
Corsair Vengeance 128 GB,DDR5-5600,4 x 32GB,14.286 ns,40,$13.59,Black,0.0,0,,,,,,,,,,,,,,,,,,,,,,,,,,,,,,,,,,,,,,,,,,,,,,,"$4,347.48","$4,347.48","$4,202.56","$4,057.64","$3,912.73","$3,767.81","$3,622.90","$3,477.98","$3,333.06","$3,188.15","$3,043.23","$2,898.32","$2,753.40","$2,608.49","$2,507.04","$2,405.60","$2,304.16","$2,202.72","$2,101.28","$1,999.84","$1,898.40","$1,796.96","$1,695.52","$1,594.07","$1,492.63","$1,391.19","$1,347.72","$1,304.24","$1,260.77","$1,217.29","$1,173.82","$1,130.34","$1,086.87","$1,043.39",$999.92,$956.44,$912.97,$869.50,$898.48,$927.46,$956.44,$985.43,"$1,014.41","$1,478.14","$1,521.62","$1,565.09","$1,608.57",$730.38,"$1,182.51","$1,738.99","$2,208.52","$2,069.40","$2,069.40"
Corsair Vengeance LPX 32 GB,DDR4-3200,4 x 8GB,10 ns,16,$6.84,Black / Yellow,4.5,8,$308.41,$310.24,$312.06,$313.89,$315.71,$317.54,$319.36,$321.19,$323.01,$324.84,$326.66,$328.49,$273.74,$262.79,$251.84,$240.89,$229.94,$218.99,$208.04,$197.09,$186.14,$175.19,$164.24,$153.29,$133.22,$135.04,$136.87,$138.69,$140.52,$142.34,$144.17,$145.99,$147.82,$149.64,$151.47,$153.29,$156.94,$160.59,$164.24,$167.89,$171.54,$175.19,$178.84,$182.49,$186.14,$189.79,$193.44,$197.09,$191.62,$186.14,$180.67,$175.19,$169.72,$164.24,$158.77,$153.29,$147.82,$142.34,$136.87,$131.39,$127.74,$124.09,$120.44,$116.79,$113.14,$109.50,$105.85,$102.20,$98.55,$94.90,$91.25,$87.60,$89.42,$91.25,$93.07,$94.90,$96.72,$98.55,$100.37,$102.20,$104.02,$105.85,$107.67,$109.50,$113.14,$116.79,$120.44,$124.09,$127.74,$186.14,$191.62,$197.09,$202.57,$91.98,$148.91,$218.99,$319.73,$350.38,$269.00
PNY XLR8 32 GB,DDR4-3200,2 x 16GB,10 ns,16,,Black / Red,5.0,3,$168.99,$169.99,$170.99,$171.99,$172.99,$173.99,$174.99,$175.99,$176.99,$177.99,$178.99,$179.98,$149.99,$143.99,$137.99,$131.99,$125.99,$119.99,$113.99,$107.99,$101.99,$95.99,$89.99,$83.99,$72.99,$73.99,$74.99,$75.99,$76.99,$77.99,$78.99,$79.99,$80.99,$81.99,$82.99,$83.99,$85.99,$87.99,$89.99,$91.99,$93.99,$95.99,$97.99,$99.99,$101.99,$103.99,$105.99,$107.99,$104.99,$101.99,$98.99,$95.99,$92.99,$89.99,$86.99,$83.99,$80.99,$77.99,$74.99,$71.99,$69.99,$67.99,$65.99,$63.99,$61.99,$59.99,$58.00,$56.00,$54.00,$52.00,$50.00,$48.00,$49.00,$50.00,$51.00,$52.00,$53.00,$54.00,$55.00,$56.00,$57.00,$58.00,$59.00,$59.99,$61.99,$63.99,$65.99,$67.99,$69.99,$101.99,$104.99,$107.99,$110.99,$50.40,$81.59,$119.99,$175.19,$191.98,$173.99
TEAMGROUP T-Create Expert 32 GB,DDR5-6000,2 x 16GB,12.667 ns,38,$13.41,Black,5.0,9,,,,,,,,,,,,,,,,,,,,,,,,,,,,,,,,,,,,,,,,,,,,,,,"$1,072.47","$1,072.47","$1,036.73","$1,000.98",$965.23,$929.48,$893.73,$857.98,$822.23,$786.48,$750.73,$714.98,$679.23,$643.49,$618.46,$593.44,$568.41,$543.39,$518.36,$493.34,$468.31,$443.29,$418.27,$393.24,$368.22,$343.19,$332.47,$321.74,$311.02,$300.29,$289.57,$278.84,$268.12,$257.39,$246.67,$235.94,$225.22,$214.50,$221.64,$228.79,$235.94,$243.09,$250.24,$364.64,$375.37,$386.09,$396.82,$180.18,$291.71,$428.99,$544.82,$510.50,$510.50
Kingston FURY Renegade 32 GB,DDR5-6400,2 x 16GB,10 ns,32,$28.24,Silver / Black,5.0,2,,,,,,,,,,,,,,,,,,,,,,,,,,,,,,,,,,,,,,,,,,,,,,,"$2,258.95","$2,258.95","$2,183.65","$2,108.35","$2,033.06","$1,957.76","$1,882.46","$1,807.16","$1,731.86","$1,656.56","$1,581.27","$1,505.97","$1,430.67","$1,355.37","$1,302.66","$1,249.95","$1,197.24","$1,144.53","$1,091.83","$1,039.12",$986.41,$933.70,$880.99,$828.28,$775.57,$722.86,$700.27,$677.69,$655.10,$632.51,$609.92,$587.33,$564.74,$542.15,$519.56,$496.97,$474.38,$451.79,$466.85,$481.91,$496.97,$512.03,$527.09,$768.04,$790.63,$813.22,$835.81,$379.50,$614.43,$903.58,"$1,147.55","$1,075.26","$1,075.26"
Corsair Vengeance 64 GB,DDR5-6400,2 x 32GB,10 ns,32,$14.02,Black / Gray,4.5,11,,,,,,,,,,,,,,,,,,,,,,,,,,,,,,,,,,,,,,,,,,,,,,,"$2,242.47","$2,242.47","$2,167.73","$2,092.98","$2,018.23","$1,943.48","$1,868.73","$1,793.98","$1,719.23","$1,644.48","$1,569.73","$1,494.98","$1,420.23","$1,345.49","$1,293.16","$1,240.84","$1,188.51","$1,136.19","$1,083.86","$1,031.54",$979.21,$926.89,$874.57,$822.24,$769.92,$717.59,$695.17,$672.74,$650.32,$627.89,$605.47,$583.04,$560.62,$538.19,$515.77,$493.34,$470.92,$448.50,$463.44,$478.39,$493.34,$508.29,$523.24,$762.44,$784.87,$807.29,$829.72,$376.74,$609.95,$896.99,"$1,139.18","$1,067.42","$1,067.42"
TEAMGROUP T-Force Delta RGB 32 GB,DDR5-6400,2 x 16GB,10 ns,32,$14.69,Black,4.0,5,,,,,,,,,,,,,,,,,,,,,,,,,,,,,,,,,,,,,,,,,,,,,,,"$1,174.97","$1,174.97","$1,135.81","$1,096.64","$1,057.48","$1,018.31",$979.15,$939.98,$900.81,$861.65,$822.48,$783.32,$744.15,$704.99,$677.57,$650.15,$622.74,$595.32,$567.90,$540.49,$513.07,$485.66,$458.24,$430.82,$403.41,$375.99,$364.24,$352.49,$340.74,$328.99,$317.24,$305.49,$293.74,$281.99,$270.24,$258.49,$246.74,$235.00,$242.83,$250.66,$258.49,$266.33,$274.16,$399.49,$411.24,$422.99,$434.74,$197.40,$319.59,$469.99,$596.89,$559.29,$559.29
Corsair Vengeance 32 GB,DDR5-6000,2 x 16GB,12 ns,36,$12.34,Black,4.5,9,,,,,,,,,,,,,,,,,,,,,,,,,,,,,,,,,,,,,,,,,,,,,,,$987.48,$987.48,$954.56,$921.64,$888.73,$855.81,$822.90,$789.98,$757.06,$724.15,$691.23,$658.32,$625.40,$592.49,$569.44,$546.40,$523.36,$500.32,$477.28,$454.24,$431.20,$408.16,$385.12,$362.07,$339.03,$315.99,$306.12,$296.24,$286.37,$276.49,$266.62,$256.74,$246.87,$236.99,$227.12,$217.24,$207.37,$197.50,$204.08,$210.66,$217.24,$223.83,$230.41,$335.74,$345.62,$355.49,$365.37,$165.90,$268.59,$394.99,$501.64,$470.04,$470.04
Crucial Ballistix MAX 16 GB,DDR4-5100,2 x 8GB,7.451 ns,19,$62.19,Black,5.0,1,"$1,401.29","$1,409.58","$1,417.87","$1,426.17","$1,434.46","$1,442.75","$1,451.04","$1,459.33","$1,467.62","$1,475.92","$1,484.21","$1,492.50","$1,243.75","$1,194.00","$1,144.25","$1,094.50","$1,044.75",$995.00,$945.25,$895.50,$845.75,$796.00,$746.25,$696.50,$605.29,$613.58,$621.88,$630.17,$638.46,$646.75,$655.04,$663.33,$671.62,$679.92,$688.21,$696.50,$713.08,$729.67,$746.25,$762.83,$779.42,$796.00,$812.58,$829.17,$845.75,$862.33,$878.92,$895.50,$870.62,$845.75,$820.88,$796.00,$771.12,$746.25,$721.38,$696.50,$671.62,$646.75,$621.88,$597.00,$580.42,$563.83,$547.25,$530.67,$514.08,$497.50,$480.92,$464.33,$447.75,$431.17,$414.58,$398.00,$406.29,$414.58,$422.88,$431.17,$439.46,$447.75,$456.04,$464.33,$472.63,$480.92,$489.21,$497.50,$514.08,$530.67,$547.25,$563.83,$580.42,$845.75,$870.62,$895.50,$920.37,$417.90,$676.60,$995.00,"$1,452.70","$1,592.00","$1,442.75"
G.Skill Trident Z5 Neo RGB 96 GB,DDR5-6000,2 x 48GB,9.333 ns,28,$11.46,Black,0.0,0,,,,,,,,,,,,,,,,,,,,,,,,,,,,,,,,,,,,,,,,,,,,,,,"$2,749.97","$2,749.97","$2,658.31","$2,566.64","$2,474.98","$2,383.31","$2,291.65","$2,199.98","$2,108.31","$2,016.65","$1,924.98","$1,833.32","$1,741.65","$1,649.99","$1,585.82","$1,521.65","$1,457.49","$1,393.32","$1,329.15","$1,264.99","$1,200.82","$1,136.66","$1,072.49","$1,008.32",$944.16,$879.99,$852.49,$824.99,$797.49,$769.99,$742.49,$714.99,$687.49,$659.99,$632.49,$604.99,$577.49,$550.00,$568.33,$586.66,$604.99,$623.33,$641.66,$934.99,$962.49,$989.99,"$1,017.49",$462.00,$747.99,"$1,099.99","$1,396.99","$1,308.99","$1,308.99"
Patriot Viper Steel 16 GB,DDR4-3600,2 x 8GB,9.444 ns,17,$7.37,Silver / Black,4.5,8,$166.17,$167.15,$168.14,$169.12,$170.10,$171.09,$172.07,$173.05,$174.04,$175.02,$176.00,$176.98,$147.49,$141.59,$135.69,$129.79,$123.89,$117.99,$112.09,$106.19,$100.29,$94.39,$88.49,$82.59,$71.78,$72.76,$73.74,$74.73,$75.71,$76.69,$77.68,$78.66,$79.64,$80.63,$81.61,$82.59,$84.56,$86.53,$88.49,$90.46,$92.43,$94.39,$96.36,$98.32,$100.29,$102.26,$104.22,$106.19,$103.24,$100.29,$97.34,$94.39,$91.44,$88.49,$85.54,$82.59,$79.64,$76.69,$73.74,$70.79,$68.83,$66.86,$64.89,$62.93,$60.96,$58.99,$57.03,$55.06,$53.10,$51.13,$49.16,$47.20,$48.18,$49.16,$50.15,$51.13,$52.11,$53.10,$54.08,$55.06,$56.05,$57.03,$58.01,$58.99,$60.96,$62.93,$64.89,$66.86,$68.83,$100.29,$103.24,$106.19,$109.14,$49.56,$80.23,$117.99,$172.27,$188.78,$171.09
G.Skill Trident Z RGB 32 GB,DDR4-3200,4 x 8GB,10 ns,16,$8.44,Black,4.5,52,$380.24,$382.49,$384.74,$386.99,$389.24,$391.49,$393.74,$395.99,$398.24,$400.49,$402.74,$404.99,$337.49,$323.99,$310.49,$296.99,$283.49,$269.99,$256.49,$242.99,$229.49,$215.99,$202.49,$188.99,$164.24,$166.49,$168.74,$170.99,$173.24,$175.49,$177.74,$179.99,$182.24,$184.49,$186.74,$188.99,$193.49,$197.99,$202.49,$206.99,$211.49,$215.99,$220.49,$224.99,$229.49,$233.99,$238.49,$242.99,$236.24,$229.49,$222.74,$215.99,$209.24,$202.49,$195.74,$188.99,$182.24,$175.49,$168.74,$161.99,$157.49,$152.99,$148.49,$143.99,$139.49,$135.00,$130.50,$126.00,$121.50,$117.00,$112.50,$108.00,$110.25,$112.50,$114.75,$117.00,$119.25,$121.50,$123.75,$126.00,$128.25,$130.50,$132.75,$135.00,$139.49,$143.99,$148.49,$152.99,$157.49,$229.49,$236.24,$242.99,$249.74,$113.40,$183.59,$269.99,$394.19,$431.98,$391.49
Corsair Dominator Titanium 64 GB,DDR5-6000,2 x 32GB,10 ns,30,$14.89,White,4.0,3,,,,,,,,,,,,,,,,,,,,,,,,,,,,,,,,,,,,,,,,,,,,,,,"$2,382.47","$2,382.47","$2,303.06","$2,223.64","$2,144.23","$2,064.81","$1,985.40","$1,905.98","$1,826.56","$1,747.15","$1,667.73","$1,588.32","$1,508.90","$1,429.49","$1,373.89","$1,318.30","$1,262.71","$1,207.12","$1,151.53","$1,095.94","$1,040.35",$984.76,$929.17,$873.57,$817.98,$762.39,$738.57,$714.74,$690.92,$667.09,$643.27,$619.44,$595.62,$571.79,$547.97,$524.14,$500.32,$476.50,$492.38,$508.26,$524.14,$540.03,$555.91,$810.04,$833.87,$857.69,$881.52,$400.26,$648.03,$952.99,"$1,210.30","$1,134.06","$1,134.06"
Corsair Vengeance 32 GB,DDR5-5200,1 x 32GB,15.385 ns,40,$11.88,Black,0.0,0,,,,,,,,,,,,,,,,,,,,,,,,,,,,,,,,,,,,,,,,,,,,,,,$949.98,$949.98,$918.31,$886.64,$854.98,$823.31,$791.65,$759.98,$728.31,$696.65,$664.98,$633.32,$601.65,$569.99,$547.82,$525.65,$503.49,$481.32,$459.15,$436.99,$414.82,$392.66,$370.49,$348.32,$326.16,$303.99,$294.49,$284.99,$275.49,$265.99,$256.49,$246.99,$237.49,$227.99,$218.49,$208.99,$199.49,$190.00,$196.33,$202.66,$208.99,$215.33,$221.66,$322.99,$332.49,$341.99,$351.49,$159.60,$258.39,$379.99,$482.59,$452.19,$452.19
Corsair Vengeance RGB Pro 16 GB,DDR4-3600,2 x 8GB,10 ns,18,$7.94,Black,4.5,79,$178.84,$179.90,$180.96,$182.02,$183.08,$184.14,$185.19,$186.25,$187.31,$188.37,$189.43,$190.48,$158.74,$152.39,$146.04,$139.69,$133.34,$126.99,$120.64,$114.29,$107.94,$101.59,$95.24,$88.89,$77.25,$78.31,$79.37,$80.43,$81.49,$82.54,$83.60,$84.66,$85.72,$86.78,$87.83,$88.89,$91.01,$93.13,$95.24,$97.36,$99.48,$101.59,$103.71,$105.82,$107.94,$110.06,$112.17,$114.29,$111.12,$107.94,$104.77,$101.59,$98.42,$95.24,$92.07,$88.89,$85.72,$82.54,$79.37,$76.19,$74.08,$71.96,$69.84,$67.73,$65.61,$63.49,$61.38,$59.26,$57.15,$55.03,$52.91,$50.80,$51.85,$52.91,$53.97,$55.03,$56.09,$57.15,$58.20,$59.26,$60.32,$61.38,$62.44,$63.49,$65.61,$67.73,$69.84,$71.96,$74.08,$107.94,$111.12,$114.29,$117.47,$53.34,$86.35,$126.99,$185.41,$203.18,$184.14
Kingston FURY Beast RGB 32 GB,DDR4-3600,2 x 16GB,10 ns,18,$7.97,Black,5.0,1,$359.10,$361.22,$363.35,$365.47,$367.60,$369.72,$371.85,$373.97,$376.10,$378.22,$380.35,$382.47,$318.72,$305.98,$293.23,$280.48,$267.73,$254.98,$242.23,$229.48,$216.73,$203.98,$191.24,$178.49,$155.11,$157.24,$159.36,$161.49,$163.61,$165.74,$167.86,$169.99,$172.11,$174.24,$176.36,$178.49,$182.74,$186.99,$191.23,$195.48,$199.73,$203.98,$208.23,$212.48,$216.73,$220.98,$225.23,$229.48,$223.11,$216.73,$210.36,$203.98,$197.61,$191.23,$184.86,$178.49,$172.11,$165.74,$159.36,$152.99,$148.74,$144.49,$140.24,$135.99,$131.74,$127.49,$123.24,$118.99,$114.74,$110.49,$106.24,$101.99,$104.12,$106.24,$108.37,$110.49,$112.62,$114.74,$116.87,$118.99,$121.12,$123.24,$125.37,$127.49,$131.74,$135.99,$140.24,$144.49,$148.74,$216.73,$223.11,$229.48,$235.86,$107.09,$173.39,$254.98,$372.27,$407.97,$369.72
Corsair Dominator Titanium 48 GB,DDR5-7200,2 x 24GB,10 ns,36,$13.65,White,5.0,1,,,,,,,,,,,,,,,,,,,,,,,,,,,,,,,,,,,,,,,,,,,,,,,"$1,637.47","$1,637.47","$1,582.89","$1,528.31","$1,473.73","$1,419.14","$1,364.56","$1,309.98","$1,255.40","$1,200.82","$1,146.23","$1,091.65","$1,037.07",$982.49,$944.28,$906.07,$867.86,$829.65,$791.45,$753.24,$715.03,$676.82,$638.62,$600.41,$562.20,$523.99,$507.62,$491.24,$474.87,$458.49,$442.12,$425.74,$409.37,$392.99,$376.62,$360.24,$343.87,$327.50,$338.41,$349.33,$360.24,$371.16,$382.08,$556.74,$573.12,$589.49,$605.87,$275.10,$445.39,$654.99,$831.84,$779.44,$779.44
G.Skill Trident Z5 Royal Neo 64 GB,DDR5-6000,2 x 32GB,8.667 ns,26,$16.17,Silver,0.0,0,,,,,,,,,,,,,,,,,,,,,,,,,,,,,,,,,,,,,,,,,,,,,,,"$2,587.47","$2,587.47","$2,501.23","$2,414.98","$2,328.73","$2,242.48","$2,156.23","$2,069.98","$1,983.73","$1,897.48","$1,811.23","$1,724.98","$1,638.73","$1,552.49","$1,492.11","$1,431.74","$1,371.36","$1,310.99","$1,250.61","$1,190.24","$1,129.86","$1,069.49","$1,009.12",$948.74,$888.37,$827.99,$802.12,$776.24,$750.37,$724.49,$698.62,$672.74,$646.87,$620.99,$595.12,$569.24,$543.37,$517.50,$534.74,$551.99,$569.24,$586.49,$603.74,$879.74,$905.62,$931.49,$957.37,$434.70,$703.79,"$1,034.99","$1,314.44","$1,231.64","$1,231.64"
Corsair Dominator Platinum RGB 64 GB,DDR5-5200,2 x 32GB,15.385 ns,40,$12.66,Black,4.5,2,,,,,,,,,,,,,,,,,,,,,,,,,,,,,,,,,,,,,,,,,,,,,,,"$2,024.97","$2,024.97","$1,957.48","$1,889.98","$1,822.48","$1,754.98","$1,687.48","$1,619.98","$1,552.48","$1,484.98","$1,417.48","$1,349.98","$1,282.48","$1,214.99","$1,167.74","$1,120.49","$1,073.24","$1,025.99",$978.74,$931.49,$884.24,$836.99,$789.74,$742.49,$695.24,$647.99,$627.74,$607.49,$587.24,$566.99,$546.74,$526.49,$506.24,$485.99,$465.74,$445.49,$425.24,$405.00,$418.49,$431.99,$445.49,$458.99,$472.49,$688.49,$708.74,$728.99,$749.24,$340.20,$550.79,$809.99,"$1,028.69",$963.89,$963.89
Kingston FURY Beast 16 GB,DDR4-3600,2 x 8GB,9.444 ns,17,$12.19,Black,0.0,0,$274.62,$276.25,$277.87,$279.50,$281.12,$282.75,$284.38,$286.00,$287.62,$289.25,$290.88,$292.50,$243.75,$234.00,$224.25,$214.50,$204.75,$195.00,$185.25,$175.50,$165.75,$156.00,$146.25,$136.50,$118.62,$120.25,$121.88,$123.50,$125.12,$126.75,$128.38,$130.00,$131.62,$133.25,$134.88,$136.50,$139.75,$143.00,$146.25,$149.50,$152.75,$156.00,$159.25,$162.50,$165.75,$169.00,$172.25,$175.50,$170.62,$165.75,$160.88,$156.00,$151.12,$146.25,$141.38,$136.50,$131.62,$126.75,$121.88,$117.00,$113.75,$110.50,$107.25,$104.00,$100.75,$97.50,$94.25,$91.00,$87.75,$84.50,$81.25,$78.00,$79.63,$81.25,$82.88,$84.50,$86.13,$87.75,$89.38,$91.00,$92.62,$94.25,$95.88,$97.50,$100.75,$104.00,$107.25,$110.50,$113.75,$165.75,$170.62,$175.50,$180.38,$81.90,$132.60,$195.00,$284.70,$312.00,$282.75
Corsair Vengeance RGB 32 GB,DDR5-5600,2 x 16GB,14.286 ns,40,$12.53,Black / Gray,4.5,16,,,,,,,,,,,,,,,,,,,,,,,,,,,,,,,,,,,,,,,,,,,,,,,"$1,002.48","$1,002.48",$969.06,$935.64,$902.23,$868.81,$835.40,$801.98,$768.56,$735.15,$701.73,$668.32,$634.90,$601.49,$578.09,$554.70,$531.31,$507.92,$484.53,$461.14,$437.75,$414.36,$390.97,$367.57,$344.18,$320.79,$310.77,$300.74,$290.72,$280.69,$270.67,$260.64,$250.62,$240.59,$230.57,$220.54,$210.52,$200.50,$207.18,$213.86,$220.54,$227.23,$233.91,$340.84,$350.87,$360.89,$370.92,$168.42,$272.67,$400.99,$509.26,$477.18,$439.99
Corsair Dominator Titanium 64 GB,DDR5-6400,4 x 16GB,10 ns,32,$15.25,White,5.0,1,,,,,,,,,,,,,,,,,,,,,,,,,,,,,,,,,,,,,,,,,,,,,,,"$2,439.97","$2,439.97","$2,358.64","$2,277.31","$2,195.98","$2,114.64","$2,033.31","$1,951.98","$1,870.65","$1,789.32","$1,707.98","$1,626.65","$1,545.32","$1,463.99","$1,407.05","$1,350.12","$1,293.19","$1,236.25","$1,179.32","$1,122.39","$1,065.46","$1,008.52",$951.59,$894.66,$837.72,$780.79,$756.39,$731.99,$707.59,$683.19,$658.79,$634.39,$609.99,$585.59,$561.19,$536.79,$512.39,$488.00,$504.26,$520.53,$536.79,$553.06,$569.33,$829.59,$853.99,$878.39,$902.79,$409.92,$663.67,$975.99,"$1,239.51","$1,161.43","$1,161.43"
G.Skill Trident Z5 RGB 48 GB,DDR5-8400,2 x 24GB,9.524 ns,40,$11.88,Black,0.0,0,,,,,,,,,,,,,,,,,,,,,,,,,,,,,,,,,,,,,,,,,,,,,,,"$1,424.97","$1,424.97","$1,377.48","$1,329.98","$1,282.48","$1,234.98","$1,187.48","$1,139.98","$1,092.48","$1,044.98",$997.48,$949.98,$902.48,$854.99,$821.74,$788.49,$755.24,$721.99,$688.74,$655.49,$622.24,$588.99,$555.74,$522.49,$489.24,$455.99,$441.74,$427.49,$413.24,$398.99,$384.74,$370.49,$356.24,$341.99,$327.74,$313.49,$299.24,$285.00,$294.49,$303.99,$313.49,$322.99,$332.49,$484.49,$498.74,$512.99,$527.24,$239.40,$387.59,$569.99,$723.89,$678.29,$678.29
Corsair Vengeance RGB 32 GB,DDR5-6000,2 x 16GB,13.333 ns,40,$12.59,White,4.5,4,,,,,,,,,,,,,,,,,,,,,,,,,,,,,,,,,,,,,,,,,,,,,,,"$1,007.48","$1,007.48",$973.89,$940.31,$906.73,$873.14,$839.56,$805.98,$772.40,$738.82,$705.23,$671.65,$638.07,$604.49,$580.98,$557.47,$533.96,$510.45,$486.95,$463.44,$439.93,$416.42,$392.92,$369.41,$345.90,$322.39,$312.32,$302.24,$292.17,$282.09,$272.02,$261.94,$251.87,$241.79,$231.72,$221.64,$211.57,$201.50,$208.21,$214.93,$221.64,$228.36,$235.08,$342.54,$352.62,$362.69,$372.77,$169.26,$274.03,$402.99,$511.80,$479.56,$439.99
G.Skill Ripjaws M5 Neo RGB 32 GB,DDR5-6000,2 x 16GB,12 ns,36,$11.66,Black,5.0,1,,,,,,,,,,,,,,,,,,,,,,,,,,,,,,,,,,,,,,,,,,,,,,,$932.48,$932.48,$901.39,$870.31,$839.23,$808.14,$777.06,$745.98,$714.90,$683.82,$652.73,$621.65,$590.57,$559.49,$537.73,$515.97,$494.21,$472.45,$450.70,$428.94,$407.18,$385.42,$363.67,$341.91,$320.15,$298.39,$289.07,$279.74,$270.42,$261.09,$251.77,$242.44,$233.12,$223.79,$214.47,$205.14,$195.82,$186.50,$192.71,$198.93,$205.14,$211.36,$217.58,$317.04,$326.37,$335.69,$345.02,$156.66,$253.63,$372.99,$473.70,$443.86,$443.86
G.Skill Trident Z5 Neo 128 GB,DDR5-6000,2 x 64GB,11.333 ns,34,$10.16,Black,0.0,0,,,,,,,,,,,,,,,,,,,,,,,,,,,,,,,,,,,,,,,,,,,,,,,"$3,249.97","$3,249.97","$3,141.64","$3,033.31","$2,924.98","$2,816.64","$2,708.31","$2,599.98","$2,491.65","$2,383.32","$2,274.98","$2,166.65","$2,058.32","$1,949.99","$1,874.15","$1,798.32","$1,722.49","$1,646.65","$1,570.82","$1,494.99","$1,419.16","$1,343.32","$1,267.49","$1,191.66","$1,115.82","$1,039.99","$1,007.49",$974.99,$942.49,$909.99,$877.49,$844.99,$812.49,$779.99,$747.49,$714.99,$682.49,$650.00,$671.66,$693.33,$714.99,$736.66,$758.33,"$1,104.99","$1,137.49","$1,169.99","$1,202.49",$546.00,$883.99,"$1,299.99","$1,650.99","$1,546.99","$1,546.99"
G.Skill Trident Z5 Royal Neo RGB 96 GB,DDR5-6000,2 x 48GB,9.333 ns,28,$11.61,Silver,0.0,0,,,,,,,,,,,,,,,,,,,,,,,,,,,,,,,,,,,,,,,,,,,,,,,"$2,787.47","$2,787.47","$2,694.56","$2,601.64","$2,508.73","$2,415.81","$2,322.90","$2,229.98","$2,137.06","$2,044.15","$1,951.23","$1,858.32","$1,765.40","$1,672.49","$1,607.44","$1,542.40","$1,477.36","$1,412.32","$1,347.28","$1,282.24","$1,217.20","$1,152.16","$1,087.12","$1,022.07",$957.03,$891.99,$864.12,$836.24,$808.37,$780.49,$752.62,$724.74,$696.87,$668.99,$641.12,$613.24,$585.37,$557.50,$576.08,$594.66,$613.24,$631.83,$650.41,$947.74,$975.62,"$1,003.49","$1,031.37",$468.30,$758.19,"$1,114.99","$1,416.04","$1,326.84","$1,326.84"
Crucial CT64G56C46U5 64 GB,DDR5-5600,1 x 64GB,16.429 ns,46,$8.36,Black,0.0,0,,,,,,,,,,,,,,,,,,,,,,,,,,,,,,,,,,,,,,,,,,,,,,,"$1,337.47","$1,337.47","$1,292.89","$1,248.31","$1,203.73","$1,159.14","$1,114.56","$1,069.98","$1,025.40",$980.82,$936.23,$891.65,$847.07,$802.49,$771.28,$740.07,$708.86,$677.65,$646.45,$615.24,$584.03,$552.82,$521.62,$490.41,$459.20,$427.99,$414.62,$401.24,$387.87,$374.49,$361.12,$347.74,$334.37,$320.99,$307.62,$294.24,$280.87,$267.50,$276.41,$285.33,$294.24,$303.16,$312.08,$454.74,$468.12,$481.49,$494.87,$224.70,$363.79,$534.99,$679.44,$636.64,$636.64
Corsair Vengeance RGB 64 GB,DDR5-6400,2 x 32GB,10 ns,32,$14.17,White,0.0,0,,,,,,,,,,,,,,,,,,,,,,,,,,,,,,,,,,,,,,,,,,,,,,,"$2,267.47","$2,267.47","$2,191.89","$2,116.31","$2,040.73","$1,965.14","$1,889.56","$1,813.98","$1,738.40","$1,662.82","$1,587.23","$1,511.65","$1,436.07","$1,360.49","$1,307.58","$1,254.67","$1,201.76","$1,148.85","$1,095.95","$1,043.04",$990.13,$937.22,$884.32,$831.41,$778.50,$725.59,$702.92,$680.24,$657.57,$634.89,$612.22,$589.54,$566.87,$544.19,$521.52,$498.84,$476.17,$453.50,$468.61,$483.73,$498.84,$513.96,$529.08,$770.94,$793.62,$816.29,$838.97,$380.94,$616.75,$906.99,"$1,151.88","$1,079.32","$1,079.32"
G.Skill Ripjaws M5 RGB 32 GB,DDR5-6400,2 x 16GB,11.25 ns,36,$13.75,White,0.0,0,,,,,,,,,,,,,,,,,,,,,,,,,,,,,,,,,,,,,,,,,,,,,,,"$1,099.97","$1,099.97","$1,063.31","$1,026.64",$989.98,$953.31,$916.65,$879.98,$843.31,$806.65,$769.98,$733.32,$696.65,$659.99,$634.32,$608.65,$582.99,$557.32,$531.65,$505.99,$480.32,$454.66,$428.99,$403.32,$377.66,$351.99,$340.99,$329.99,$318.99,$307.99,$296.99,$285.99,$274.99,$263.99,$252.99,$241.99,$230.99,$220.00,$227.33,$234.66,$241.99,$249.33,$256.66,$373.99,$384.99,$395.99,$406.99,$184.80,$299.19,$439.99,$558.79,$523.59,$523.59
Corsair Vengeance LPX 16 GB,DDR4-3200,2 x 8GB,10 ns,16,$7.19,Black,5.0,25,$161.94,$162.90,$163.86,$164.82,$165.78,$166.74,$167.69,$168.65,$169.61,$170.57,$171.53,$172.48,$143.74,$137.99,$132.24,$126.49,$120.74,$114.99,$109.24,$103.49,$97.74,$91.99,$86.24,$80.49,$69.95,$70.91,$71.87,$72.83,$73.79,$74.74,$75.70,$76.66,$77.62,$78.58,$79.53,$80.49,$82.41,$84.33,$86.24,$88.16,$90.08,$91.99,$93.91,$95.82,$97.74,$99.66,$101.57,$103.49,$100.62,$97.74,$94.87,$91.99,$89.12,$86.24,$83.37,$80.49,$77.62,$74.74,$71.87,$68.99,$67.08,$65.16,$63.24,$61.33,$59.41,$57.49,$55.58,$53.66,$51.75,$49.83,$47.91,$46.00,$46.95,$47.91,$48.87,$49.83,$50.79,$51.75,$52.70,$53.66,$54.62,$55.58,$56.54,$57.49,$59.41,$61.33,$63.24,$65.16,$67.08,$97.74,$100.62,$103.49,$106.37,$48.30,$78.19,$114.99,$167.89,$183.98,$144.99
Silicon Power XPOWER Pulse Gaming 32 GB,DDR5-6000,2 x 16GB,12 ns,36,$10.16,Black,0.0,0,,,,,,,,,,,,,,,,,,,,,,,,,,,,,,,,,,,,,,,,,,,,,,,$812.43,$812.43,$785.34,$758.26,$731.18,$704.10,$677.02,$649.94,$622.86,$595.78,$568.70,$541.62,$514.54,$487.46,$468.50,$449.54,$430.59,$411.63,$392.67,$373.72,$354.76,$335.80,$316.85,$297.89,$278.93,$259.98,$251.85,$243.73,$235.60,$227.48,$219.35,$211.23,$203.11,$194.98,$186.86,$178.73,$170.61,$162.49,$167.90,$173.32,$178.73,$184.15,$189.57,$276.22,$284.35,$292.47,$300.60,$136.49,$220.98,$324.97,$412.71,$386.71,$386.71
Corsair Vengeance RGB 32 GB,DDR5-6400,2 x 16GB,10 ns,32,$13.94,Black / Gray,4.5,12,,,,,,,,,,,,,,,,,,,,,,,,,,,,,,,,,,,,,,,,,,,,,,,"$1,114.97","$1,114.97","$1,077.81","$1,040.64","$1,003.48",$966.31,$929.15,$891.98,$854.81,$817.65,$780.48,$743.32,$706.15,$668.99,$642.97,$616.95,$590.94,$564.92,$538.90,$512.89,$486.87,$460.86,$434.84,$408.82,$382.81,$356.79,$345.64,$334.49,$323.34,$312.19,$301.04,$289.89,$278.74,$267.59,$256.44,$245.29,$234.14,$223.00,$230.43,$237.86,$245.29,$252.73,$260.16,$379.09,$390.24,$401.39,$412.54,$187.32,$303.27,$445.99,$566.41,$530.73,$439.99
G.Skill Aegis 32 GB,DDR4-3000,2 x 16GB,10.667 ns,16,$6.88,Red / Black,4.5,5,$309.82,$311.65,$313.49,$315.32,$317.15,$318.99,$320.82,$322.65,$324.49,$326.32,$328.15,$329.99,$274.99,$263.99,$252.99,$241.99,$230.99,$219.99,$208.99,$197.99,$186.99,$175.99,$164.99,$153.99,$133.83,$135.66,$137.49,$139.33,$141.16,$142.99,$144.83,$146.66,$148.49,$150.33,$152.16,$153.99,$157.66,$161.33,$164.99,$168.66,$172.33,$175.99,$179.66,$183.32,$186.99,$190.66,$194.32,$197.99,$192.49,$186.99,$181.49,$175.99,$170.49,$164.99,$159.49,$153.99,$148.49,$142.99,$137.49,$131.99,$128.33,$124.66,$120.99,$117.33,$113.66,$110.00,$106.33,$102.66,$99.00,$95.33,$91.66,$88.00,$89.83,$91.66,$93.50,$95.33,$97.16,$99.00,$100.83,$102.66,$104.50,$106.33,$108.16,$110.00,$113.66,$117.33,$120.99,$124.66,$128.33,$186.99,$192.49,$197.99,$203.49,$92.40,$149.59,$219.99,$321.19,$351.98,$318.99
Crucial CT2K16G56C46S5 32 GB,DDR5-5600,2 x 16GB,16.429 ns,46,$7.84,Black,0.0,0,,,,,,,,,,,,,,,,,,,,,,,,,,,,,,,,,,,,,,,,,,,,,,,$627.48,$627.48,$606.56,$585.64,$564.73,$543.81,$522.90,$501.98,$481.06,$460.15,$439.23,$418.32,$397.40,$376.49,$361.84,$347.20,$332.56,$317.92,$303.28,$288.64,$274.00,$259.36,$244.72,$230.07,$215.43,$200.79,$194.52,$188.24,$181.97,$175.69,$169.42,$163.14,$156.87,$150.59,$144.32,$138.04,$131.77,$125.50,$129.68,$133.86,$138.04,$142.23,$146.41,$213.34,$219.62,$225.89,$232.17,$105.42,$170.67,$250.99,$318.76,$298.68,$298.68
G.Skill Flare X5 64 GB,DDR5-6000,2 x 32GB,9.333 ns,28,$14.38,Black,5.0,3,,,,,,,,,,,,,,,,,,,,,,,,,,,,,,,,,,,,,,,,,,,,,,,"$2,299.97","$2,299.97","$2,223.31","$2,146.64","$2,069.98","$1,993.31","$1,916.65","$1,839.98","$1,763.31","$1,686.65","$1,609.98","$1,533.32","$1,456.65","$1,379.99","$1,326.32","$1,272.65","$1,218.99","$1,165.32","$1,111.65","$1,057.99","$1,004.32",$950.66,$896.99,$843.32,$789.66,$735.99,$712.99,$689.99,$666.99,$643.99,$620.99,$597.99,$574.99,$551.99,$528.99,$505.99,$482.99,$460.00,$475.33,$490.66,$505.99,$521.33,$536.66,$781.99,$804.99,$827.99,$850.99,$386.40,$625.59,$919.99,"$1,168.39","$1,094.79","$1,094.79"
Crucial Pro Overclocking 16 GB,DDR5-6000,1 x 16GB,12 ns,36,$12.50,White,0.0,0,,,,,,,,,,,,,,,,,,,,,,,,,,,,,,,,,,,,,,,,,,,,,,,$499.98,$499.98,$483.31,$466.64,$449.98,$433.31,$416.65,$399.98,$383.31,$366.65,$349.98,$333.32,$316.65,$299.99,$288.32,$276.65,$264.99,$253.32,$241.65,$229.99,$218.32,$206.66,$194.99,$183.32,$171.66,$159.99,$154.99,$149.99,$144.99,$139.99,$134.99,$129.99,$124.99,$119.99,$114.99,$109.99,$104.99,$100.00,$103.33,$106.66,$109.99,$113.33,$116.66,$169.99,$174.99,$179.99,$184.99,$84.00,$135.99,$199.99,$253.99,$237.99,$237.99
G.Skill Ripjaws V 8 GB,DDR4-2400,1 x 8GB,12.5 ns,15,$11.25,Red,5.0,10,$126.74,$127.49,$128.24,$128.99,$129.74,$130.49,$131.24,$131.99,$132.74,$133.49,$134.24,$134.98,$112.49,$107.99,$103.49,$98.99,$94.49,$89.99,$85.49,$80.99,$76.49,$71.99,$67.49,$62.99,$54.74,$55.49,$56.24,$56.99,$57.74,$58.49,$59.24,$59.99,$60.74,$61.49,$62.24,$62.99,$64.49,$65.99,$67.49,$68.99,$70.49,$71.99,$73.49,$74.99,$76.49,$77.99,$79.49,$80.99,$78.74,$76.49,$74.24,$71.99,$69.74,$67.49,$65.24,$62.99,$60.74,$58.49,$56.24,$53.99,$52.49,$50.99,$49.49,$47.99,$46.49,$44.99,$43.50,$42.00,$40.50,$39.00,$37.50,$36.00,$36.75,$37.50,$38.25,$39.00,$39.75,$40.50,$41.25,$42.00,$42.75,$43.50,$44.25,$44.99,$46.49,$47.99,$49.49,$50.99,$52.49,$76.49,$78.74,$80.99,$83.24,$37.80,$61.19,$89.99,$131.39,$143.98,$130.49
Patriot Viper Steel 32 GB,DDR4-3600,2 x 16GB,10 ns,18,$5.63,Silver / Black,3.5,4,$253.49,$254.99,$256.49,$257.99,$259.49,$260.99,$262.49,$263.99,$265.49,$266.99,$268.49,$269.99,$224.99,$215.99,$206.99,$197.99,$188.99,$179.99,$170.99,$161.99,$152.99,$143.99,$134.99,$125.99,$109.49,$110.99,$112.49,$113.99,$115.49,$116.99,$118.49,$119.99,$121.49,$122.99,$124.49,$125.99,$128.99,$131.99,$134.99,$137.99,$140.99,$143.99,$146.99,$149.99,$152.99,$155.99,$158.99,$161.99,$157.49,$152.99,$148.49,$143.99,$139.49,$134.99,$130.49,$125.99,$121.49,$116.99,$112.49,$107.99,$104.99,$101.99,$98.99,$95.99,$92.99,$90.00,$87.00,$84.00,$81.00,$78.00,$75.00,$72.00,$73.50,$75.00,$76.50,$78.00,$79.50,$81.00,$82.50,$84.00,$85.50,$87.00,$88.50,$90.00,$92.99,$95.99,$98.99,$101.99,$104.99,$152.99,$157.49,$161.99,$166.49,$75.60,$122.39,$179.99,$262.79,$287.98,$260.99
G.Skill Trident Z RGB 64 GB,DDR4-3200,2 x 32GB,10 ns,16,$6.72,Black,5.0,1,$605.57,$609.15,$612.74,$616.32,$619.90,$623.49,$627.07,$630.65,$634.24,$637.82,$641.40,$644.99,$537.49,$515.99,$494.49,$472.99,$451.49,$429.99,$408.49,$386.99,$365.49,$343.99,$322.49,$300.99,$261.58,$265.16,$268.74,$272.33,$275.91,$279.49,$283.08,$286.66,$290.24,$293.83,$297.41,$300.99,$308.16,$315.33,$322.49,$329.66,$336.83,$343.99,$351.16,$358.32,$365.49,$372.66,$379.82,$386.99,$376.24,$365.49,$354.74,$343.99,$333.24,$322.49,$311.74,$300.99,$290.24,$279.49,$268.74,$257.99,$250.83,$243.66,$236.49,$229.33,$222.16,$215.00,$207.83,$200.66,$193.50,$186.33,$179.16,$172.00,$175.58,$179.16,$182.75,$186.33,$189.91,$193.50,$197.08,$200.66,$204.25,$207.83,$211.41,$215.00,$222.16,$229.33,$236.49,$243.66,$250.83,$365.49,$376.24,$386.99,$397.74,$180.60,$292.39,$429.99,$627.79,$687.98,$623.49
Kingston ValueRAM 32 GB,DDR5-5600,1 x 32GB,16.429 ns,46,$9.25,Green / Black,0.0,0,,,,,,,,,,,,,,,,,,,,,,,,,,,,,,,,,,,,,,,,,,,,,,,$740.00,$740.00,$715.33,$690.67,$666.00,$641.33,$616.67,$592.00,$567.33,$542.67,$518.00,$493.33,$468.67,$444.00,$426.73,$409.47,$392.20,$374.93,$357.67,$340.40,$323.13,$305.87,$288.60,$271.33,$254.07,$236.80,$229.40,$222.00,$214.60,$207.20,$199.80,$192.40,$185.00,$177.60,$170.20,$162.80,$155.40,$148.00,$152.93,$157.87,$162.80,$167.73,$172.67,$251.60,$259.00,$266.40,$273.80,$124.32,$201.28,$296.00,$375.92,$352.24,$352.24
G.Skill Trident Z5 Royal 64 GB,DDR5-6400,2 x 32GB,10 ns,32,$15.00,Silver,5.0,6,,,,,,,,,,,,,,,,,,,,,,,,,,,,,,,,,,,,,,,,,,,,,,,"$2,399.97","$2,399.97","$2,319.98","$2,239.98","$2,159.98","$2,079.98","$1,999.98","$1,919.98","$1,839.98","$1,759.98","$1,679.98","$1,599.98","$1,519.98","$1,439.99","$1,383.99","$1,327.99","$1,271.99","$1,215.99","$1,159.99","$1,103.99","$1,047.99",$991.99,$935.99,$879.99,$823.99,$767.99,$743.99,$719.99,$695.99,$671.99,$647.99,$623.99,$599.99,$575.99,$551.99,$527.99,$503.99,$480.00,$495.99,$511.99,$527.99,$543.99,$559.99,$815.99,$839.99,$863.99,$887.99,$403.20,$652.79,$959.99,"$1,219.19","$1,142.39","$1,142.39"
Kingston FURY Beast 32 GB,DDR5-6400,2 x 16GB,10 ns,32,$22.35,Black,5.0,1,,,,,,,,,,,,,,,,,,,,,,,,,,,,,,,,,,,,,,,,,,,,,,,"$1,788.17","$1,788.17","$1,728.57","$1,668.96","$1,609.36","$1,549.75","$1,490.15","$1,430.54","$1,370.93","$1,311.33","$1,251.72","$1,192.12","$1,132.51","$1,072.90","$1,031.18",$989.46,$947.73,$906.01,$864.28,$822.56,$780.84,$739.11,$697.39,$655.66,$613.94,$572.22,$554.33,$536.45,$518.57,$500.69,$482.81,$464.93,$447.04,$429.16,$411.28,$393.40,$375.52,$357.63,$369.56,$381.48,$393.40,$405.32,$417.24,$607.98,$625.86,$643.74,$661.62,$300.41,$486.38,$715.27,$908.39,$851.17,$851.17
Corsair Dominator Titanium 64 GB,DDR5-6000,2 x 32GB,10 ns,30,$14.84,Black,5.0,3,,,,,,,,,,,,,,,,,,,,,,,,,,,,,,,,,,,,,,,,,,,,,,,"$2,374.97","$2,374.97","$2,295.81","$2,216.64","$2,137.48","$2,058.31","$1,979.15","$1,899.98","$1,820.81","$1,741.65","$1,662.48","$1,583.32","$1,504.15","$1,424.99","$1,369.57","$1,314.15","$1,258.74","$1,203.32","$1,147.90","$1,092.49","$1,037.07",$981.66,$926.24,$870.82,$815.41,$759.99,$736.24,$712.49,$688.74,$664.99,$641.24,$617.49,$593.74,$569.99,$546.24,$522.49,$498.74,$475.00,$490.83,$506.66,$522.49,$538.33,$554.16,$807.49,$831.24,$854.99,$878.74,$399.00,$645.99,$949.99,"$1,206.49","$1,130.49","$1,130.49"
G.Skill Trident Z5 Neo RGB 256 GB,DDR5-6000,4 x 64GB,12 ns,36,$11.33,Black,0.0,0,,,,,,,,,,,,,,,,,,,,,,,,,,,,,,,,,,,,,,,,,,,,,,,"$7,249.97","$7,249.97","$7,008.31","$6,766.64","$6,524.98","$6,283.31","$6,041.65","$5,799.98","$5,558.31","$5,316.65","$5,074.98","$4,833.32","$4,591.65","$4,349.98","$4,180.82","$4,011.65","$3,842.49","$3,673.32","$3,504.15","$3,334.99","$3,165.82","$2,996.66","$2,827.49","$2,658.32","$2,489.16","$2,319.99","$2,247.49","$2,174.99","$2,102.49","$2,029.99","$1,957.49","$1,884.99","$1,812.49","$1,739.99","$1,667.49","$1,594.99","$1,522.49","$1,449.99","$1,498.33","$1,546.66","$1,594.99","$1,643.33","$1,691.66","$2,464.99","$2,537.49","$2,609.99","$2,682.49","$1,218.00","$1,971.99","$2,899.99","$3,682.99","$3,450.99","$3,450.99"
Corsair Vengeance RGB RS 32 GB,DDR4-3200,2 x 16GB,10 ns,16,$5.75,Black / Gray,4.5,4,$259.12,$260.65,$262.19,$263.72,$265.25,$266.79,$268.32,$269.85,$271.39,$272.92,$274.45,$275.99,$229.99,$220.79,$211.59,$202.39,$193.19,$183.99,$174.79,$165.59,$156.39,$147.19,$137.99,$128.79,$111.93,$113.46,$114.99,$116.53,$118.06,$119.59,$121.13,$122.66,$124.19,$125.73,$127.26,$128.79,$131.86,$134.93,$137.99,$141.06,$144.13,$147.19,$150.26,$153.32,$156.39,$159.46,$162.52,$165.59,$160.99,$156.39,$151.79,$147.19,$142.59,$137.99,$133.39,$128.79,$124.19,$119.59,$114.99,$110.39,$107.33,$104.26,$101.19,$98.13,$95.06,$92.00,$88.93,$85.86,$82.80,$79.73,$76.66,$73.60,$75.13,$76.66,$78.20,$79.73,$81.26,$82.80,$84.33,$85.86,$87.40,$88.93,$90.46,$92.00,$95.06,$98.13,$101.19,$104.26,$107.33,$156.39,$160.99,$165.59,$170.19,$77.28,$125.11,$183.99,$268.63,$294.38,$266.79
G.Skill Trident Z Neo 128 GB,DDR4-3200,4 x 32GB,10 ns,16,$5.86,Black / Silver,5.0,2,"$1,056.24","$1,062.49","$1,068.74","$1,074.99","$1,081.24","$1,087.49","$1,093.74","$1,099.99","$1,106.24","$1,112.49","$1,118.74","$1,124.99",$937.49,$899.99,$862.49,$824.99,$787.49,$749.99,$712.49,$674.99,$637.49,$599.99,$562.49,$524.99,$456.24,$462.49,$468.74,$474.99,$481.24,$487.49,$493.74,$499.99,$506.24,$512.49,$518.74,$524.99,$537.49,$549.99,$562.49,$574.99,$587.49,$599.99,$612.49,$624.99,$637.49,$649.99,$662.49,$674.99,$656.24,$637.49,$618.74,$599.99,$581.24,$562.49,$543.74,$524.99,$506.24,$487.49,$468.74,$449.99,$437.49,$424.99,$412.49,$399.99,$387.49,$375.00,$362.50,$350.00,$337.50,$325.00,$312.50,$300.00,$306.25,$312.50,$318.75,$325.00,$331.25,$337.50,$343.75,$350.00,$356.25,$362.50,$368.75,$375.00,$387.49,$399.99,$412.49,$424.99,$437.49,$637.49,$656.24,$674.99,$693.74,$315.00,$509.99,$749.99,"$1,094.99","$1,199.98","$1,087.49"
G.Skill Trident Z Neo 16 GB,DDR4-3600,2 x 8GB,8.889 ns,16,$8.75,Black / Silver,4.5,94,$197.15,$198.32,$199.49,$200.65,$201.82,$202.99,$204.15,$205.32,$206.49,$207.65,$208.82,$209.99,$174.99,$167.99,$160.99,$153.99,$146.99,$139.99,$132.99,$125.99,$118.99,$111.99,$104.99,$97.99,$85.16,$86.33,$87.49,$88.66,$89.83,$90.99,$92.16,$93.33,$94.49,$95.66,$96.83,$97.99,$100.33,$102.66,$104.99,$107.33,$109.66,$111.99,$114.33,$116.66,$118.99,$121.32,$123.66,$125.99,$122.49,$118.99,$115.49,$111.99,$108.49,$104.99,$101.49,$97.99,$94.49,$90.99,$87.49,$83.99,$81.66,$79.33,$76.99,$74.66,$72.33,$70.00,$67.66,$65.33,$63.00,$60.66,$58.33,$56.00,$57.16,$58.33,$59.50,$60.66,$61.83,$63.00,$64.16,$65.33,$66.50,$67.66,$68.83,$70.00,$72.33,$74.66,$76.99,$79.33,$81.66,$118.99,$122.49,$125.99,$129.49,$58.80,$95.19,$139.99,$204.39,$223.98,$202.99
Klevv BOLT X 32 GB,DDR4-3600,2 x 16GB,10 ns,18,$6.16,Black,4.0,3,$277.43,$279.07,$280.71,$282.35,$283.99,$285.64,$287.28,$288.92,$290.56,$292.20,$293.84,$295.49,$246.24,$236.39,$226.54,$216.69,$206.84,$196.99,$187.14,$177.29,$167.44,$157.59,$147.74,$137.89,$119.84,$121.48,$123.12,$124.76,$126.40,$128.04,$129.69,$131.33,$132.97,$134.61,$136.25,$137.89,$141.18,$144.46,$147.74,$151.03,$154.31,$157.59,$160.88,$164.16,$167.44,$170.72,$174.01,$177.29,$172.37,$167.44,$162.52,$157.59,$152.67,$147.74,$142.82,$137.89,$132.97,$128.04,$123.12,$118.19,$114.91,$111.63,$108.34,$105.06,$101.78,$98.50,$95.21,$91.93,$88.65,$85.36,$82.08,$78.80,$80.44,$82.08,$83.72,$85.36,$87.00,$88.65,$90.29,$91.93,$93.57,$95.21,$96.85,$98.50,$101.78,$105.06,$108.34,$111.63,$114.91,$167.44,$172.37,$177.29,$182.22,$82.74,$133.95,$196.99,$287.61,$315.18,$285.64
Kingston FURY 128 GB,DDR5-5200,4 x 32GB,15.385 ns,40,$9.77,White,0.0,0,,,,,,,,,,,,,,,,,,,,,,,,,,,,,,,,,,,,,,,,,,,,,,,"$3,124.97","$3,124.97","$3,020.81","$2,916.64","$2,812.48","$2,708.31","$2,604.15","$2,499.98","$2,395.81","$2,291.65","$2,187.48","$2,083.32","$1,979.15","$1,874.99","$1,802.07","$1,729.15","$1,656.24","$1,583.32","$1,510.40","$1,437.49","$1,364.57","$1,291.66","$1,218.74","$1,145.82","$1,072.91",$999.99,$968.74,$937.49,$906.24,$874.99,$843.74,$812.49,$781.24,$749.99,$718.74,$687.49,$656.24,$625.00,$645.83,$666.66,$687.49,$708.33,$729.16,"$1,062.49","$1,093.74","$1,124.99","$1,156.24",$525.00,$849.99,"$1,249.99","$1,587.49","$1,487.49","$1,487.49"
Kingston FURY Beast 64 GB,DDR5-5600,2 x 32GB,14.286 ns,40,$10.39,Black,4.5,3,,,,,,,,,,,,,,,,,,,,,,,,,,,,,,,,,,,,,,,,,,,,,,,"$1,662.47","$1,662.47","$1,607.06","$1,551.64","$1,496.23","$1,440.81","$1,385.40","$1,329.98","$1,274.56","$1,219.15","$1,163.73","$1,108.32","$1,052.90",$997.49,$958.69,$919.90,$881.11,$842.32,$803.53,$764.74,$725.95,$687.16,$648.37,$609.57,$570.78,$531.99,$515.37,$498.74,$482.12,$465.49,$448.87,$432.24,$415.62,$398.99,$382.37,$365.74,$349.12,$332.50,$343.58,$354.66,$365.74,$376.83,$387.91,$565.24,$581.87,$598.49,$615.12,$279.30,$452.19,$664.99,$844.54,$791.34,$791.34
Crucial Classic 64 GB,DDR5-5600,2 x 32GB,16.429 ns,46,,Black,0.0,0,,,,,,,,,,,,,,,,,,,,,,,,,,,,,,,,,,,,,,,,,,,,,,,"$1,464.97","$1,464.97","$1,416.14","$1,367.31","$1,318.48","$1,269.64","$1,220.81","$1,171.98","$1,123.15","$1,074.32","$1,025.48",$976.65,$927.82,$878.99,$844.80,$810.62,$776.44,$742.25,$708.07,$673.89,$639.71,$605.52,$571.34,$537.16,$502.97,$468.79,$454.14,$439.49,$424.84,$410.19,$395.54,$380.89,$366.24,$351.59,$336.94,$322.29,$307.64,$293.00,$302.76,$312.53,$322.29,$332.06,$341.83,$498.09,$512.74,$527.39,$542.04,$246.12,$398.47,$585.99,$744.21,$697.33,$697.33
Crucial CT32G48C40U5 32 GB,DDR5-4800,1 x 32GB,16.667 ns,40,$14.06,Black,3.0,1,,,,,,,,,,,,,,,,,,,,,,,,,,,,,,,,,,,,,,,,,,,,,,,"$1,124.97","$1,124.97","$1,087.48","$1,049.98","$1,012.48",$974.98,$937.48,$899.98,$862.48,$824.98,$787.48,$749.98,$712.48,$674.99,$648.74,$622.49,$596.24,$569.99,$543.74,$517.49,$491.24,$464.99,$438.74,$412.49,$386.24,$359.99,$348.74,$337.49,$326.24,$314.99,$303.74,$292.49,$281.24,$269.99,$258.74,$247.49,$236.24,$225.00,$232.49,$239.99,$247.49,$254.99,$262.49,$382.49,$393.74,$404.99,$416.24,$189.00,$305.99,$449.99,$571.49,$535.49,$535.49
TEAMGROUP T-Create Expert 64 GB,DDR5-6000,2 x 32GB,11.333 ns,34,$11.72,Black,4.5,12,,,,,,,,,,,,,,,,,,,,,,,,,,,,,,,,,,,,,,,,,,,,,,,"$1,874.97","$1,874.97","$1,812.48","$1,749.98","$1,687.48","$1,624.98","$1,562.48","$1,499.98","$1,437.48","$1,374.98","$1,312.48","$1,249.98","$1,187.48","$1,124.99","$1,081.24","$1,037.49",$993.74,$949.99,$906.24,$862.49,$818.74,$774.99,$731.24,$687.49,$643.74,$599.99,$581.24,$562.49,$543.74,$524.99,$506.24,$487.49,$468.74,$449.99,$431.24,$412.49,$393.74,$375.00,$387.49,$399.99,$412.49,$424.99,$437.49,$637.49,$656.24,$674.99,$693.74,$315.00,$509.99,$749.99,$952.49,$892.49,$892.49
G.Skill Trident Z5 Neo RGB 32 GB,DDR5-6000,2 x 16GB,10 ns,30,$14.84,Silver / Black,5.0,12,,,,,,,,,,,,,,,,,,,,,,,,,,,,,,,,,,,,,,,,,,,,,,,"$1,187.47","$1,187.47","$1,147.89","$1,108.31","$1,068.73","$1,029.14",$989.56,$949.98,$910.40,$870.82,$831.23,$791.65,$752.07,$712.49,$684.78,$657.07,$629.36,$601.65,$573.95,$546.24,$518.53,$490.82,$463.12,$435.41,$407.70,$379.99,$368.12,$356.24,$344.37,$332.49,$320.62,$308.74,$296.87,$284.99,$273.12,$261.24,$249.37,$237.50,$245.41,$253.33,$261.24,$269.16,$277.08,$403.74,$415.62,$427.49,$439.37,$199.50,$322.99,$474.99,$603.24,$565.24,$565.24
Corsair Vengeance LPX 16 GB,DDR4-3000,2 x 8GB,10 ns,15,$6.81,Black / Yellow,4.5,265,$153.49,$154.40,$155.31,$156.22,$157.13,$158.04,$158.94,$159.85,$160.76,$161.67,$162.58,$163.48,$136.24,$130.79,$125.34,$119.89,$114.44,$108.99,$103.54,$98.09,$92.64,$87.19,$81.74,$76.29,$66.30,$67.21,$68.12,$69.03,$69.94,$70.84,$71.75,$72.66,$73.57,$74.48,$75.38,$76.29,$78.11,$79.93,$81.74,$83.56,$85.38,$87.19,$89.01,$90.82,$92.64,$94.46,$96.27,$98.09,$95.37,$92.64,$89.92,$87.19,$84.47,$81.74,$79.02,$76.29,$73.57,$70.84,$68.12,$65.39,$63.58,$61.76,$59.94,$58.13,$56.31,$54.49,$52.68,$50.86,$49.05,$47.23,$45.41,$43.60,$44.50,$45.41,$46.32,$47.23,$48.14,$49.05,$49.95,$50.86,$51.77,$52.68,$53.59,$54.49,$56.31,$58.13,$59.94,$61.76,$63.58,$92.64,$95.37,$98.09,$100.82,$45.78,$74.11,$108.99,$159.13,$174.38,$144.99
Crucial CT2K16G4DFD8266 32 GB,DDR4-2666,2 x 16GB,14.254 ns,19,$6.53,Green / Black,4.5,3,$294.17,$295.91,$297.65,$299.39,$301.14,$302.88,$304.62,$306.36,$308.10,$309.84,$311.58,$313.32,$261.10,$250.66,$240.21,$229.77,$219.32,$208.88,$198.44,$187.99,$177.55,$167.10,$156.66,$146.22,$127.07,$128.81,$130.55,$132.29,$134.03,$135.77,$137.51,$139.25,$140.99,$142.73,$144.48,$146.22,$149.70,$153.18,$156.66,$160.14,$163.62,$167.10,$170.59,$174.07,$177.55,$181.03,$184.51,$187.99,$182.77,$177.55,$172.33,$167.10,$161.88,$156.66,$151.44,$146.22,$140.99,$135.77,$130.55,$125.33,$121.85,$118.37,$114.88,$111.40,$107.92,$104.44,$100.96,$97.48,$94.00,$90.51,$87.03,$83.55,$85.29,$87.03,$88.77,$90.51,$92.26,$94.00,$95.74,$97.48,$99.22,$100.96,$102.70,$104.44,$107.92,$111.40,$114.88,$118.37,$121.85,$177.55,$182.77,$187.99,$193.21,$87.73,$142.04,$208.88,$304.96,$334.21,$302.88
Klevv CRAS X RGB 16 GB,DDR4-3600,2 x 8GB,10 ns,18,$7.06,Black,5.0,3,$159.13,$160.07,$161.01,$161.95,$162.89,$163.84,$164.78,$165.72,$166.66,$167.60,$168.54,$169.48,$141.24,$135.59,$129.94,$124.29,$118.64,$112.99,$107.34,$101.69,$96.04,$90.39,$84.74,$79.09,$68.74,$69.68,$70.62,$71.56,$72.50,$73.44,$74.39,$75.33,$76.27,$77.21,$78.15,$79.09,$80.98,$82.86,$84.74,$86.63,$88.51,$90.39,$92.28,$94.16,$96.04,$97.92,$99.81,$101.69,$98.87,$96.04,$93.22,$90.39,$87.57,$84.74,$81.92,$79.09,$76.27,$73.44,$70.62,$67.79,$65.91,$64.03,$62.14,$60.26,$58.38,$56.49,$54.61,$52.73,$50.85,$48.96,$47.08,$45.20,$46.14,$47.08,$48.02,$48.96,$49.90,$50.85,$51.79,$52.73,$53.67,$54.61,$55.55,$56.49,$58.38,$60.26,$62.14,$64.03,$65.91,$96.04,$98.87,$101.69,$104.52,$47.46,$76.83,$112.99,$164.97,$180.78,$163.84
Crucial CT8G48C40U5 8 GB,DDR5-4800,1 x 8GB,16.667 ns,40,$24.81,Black,0.0,0,,,,,,,,,,,,,,,,,,,,,,,,,,,,,,,,,,,,,,,,,,,,,,,$496.23,$496.23,$479.68,$463.14,$446.60,$430.06,$413.52,$396.98,$380.44,$363.90,$347.36,$330.82,$314.28,$297.74,$286.16,$274.58,$263.00,$251.42,$239.84,$228.26,$216.68,$205.11,$193.53,$181.95,$170.37,$158.79,$153.83,$148.87,$143.91,$138.94,$133.98,$129.02,$124.06,$119.09,$114.13,$109.17,$104.21,$99.25,$102.55,$105.86,$109.17,$112.48,$115.79,$168.72,$173.68,$178.64,$183.60,$83.37,$134.97,$198.49,$252.08,$236.20,$236.20
PNY XLR8 16 GB,DDR4-3200,2 x 8GB,10 ns,16,,Black / Red,4.5,14,$126.74,$127.49,$128.24,$128.99,$129.74,$130.49,$131.24,$131.99,$132.74,$133.49,$134.24,$134.98,$112.49,$107.99,$103.49,$98.99,$94.49,$89.99,$85.49,$80.99,$76.49,$71.99,$67.49,$62.99,$54.74,$55.49,$56.24,$56.99,$57.74,$58.49,$59.24,$59.99,$60.74,$61.49,$62.24,$62.99,$64.49,$65.99,$67.49,$68.99,$70.49,$71.99,$73.49,$74.99,$76.49,$77.99,$79.49,$80.99,$78.74,$76.49,$74.24,$71.99,$69.74,$67.49,$65.24,$62.99,$60.74,$58.49,$56.24,$53.99,$52.49,$50.99,$49.49,$47.99,$46.49,$44.99,$43.50,$42.00,$40.50,$39.00,$37.50,$36.00,$36.75,$37.50,$38.25,$39.00,$39.75,$40.50,$41.25,$42.00,$42.75,$43.50,$44.25,$44.99,$46.49,$47.99,$49.49,$50.99,$52.49,$76.49,$78.74,$80.99,$83.24,$37.80,$61.19,$89.99,$131.39,$143.98,$130.49
G.Skill Aegis 32 GB,DDR4-3200,2 x 16GB,10 ns,16,$7.19,Red / Black,4.5,12,$323.90,$325.82,$327.74,$329.65,$331.57,$333.49,$335.40,$337.32,$339.24,$341.15,$343.07,$344.99,$287.49,$275.99,$264.49,$252.99,$241.49,$229.99,$218.49,$206.99,$195.49,$183.99,$172.49,$160.99,$139.91,$141.83,$143.74,$145.66,$147.58,$149.49,$151.41,$153.33,$155.24,$157.16,$159.08,$160.99,$164.83,$168.66,$172.49,$176.33,$180.16,$183.99,$187.83,$191.66,$195.49,$199.32,$203.16,$206.99,$201.24,$195.49,$189.74,$183.99,$178.24,$172.49,$166.74,$160.99,$155.24,$149.49,$143.74,$137.99,$134.16,$130.33,$126.49,$122.66,$118.83,$115.00,$111.16,$107.33,$103.50,$99.66,$95.83,$92.00,$93.91,$95.83,$97.75,$99.66,$101.58,$103.50,$105.41,$107.33,$109.25,$111.16,$113.08,$115.00,$118.83,$122.66,$126.49,$130.33,$134.16,$195.49,$201.24,$206.99,$212.74,$96.60,$156.39,$229.99,$335.79,$367.98,$333.49
G.Skill Ripjaws M5 Neo RGB 32 GB,DDR5-6000,2 x 16GB,12 ns,36,$11.66,White,0.0,0,,,,,,,,,,,,,,,,,,,,,,,,,,,,,,,,,,,,,,,,,,,,,,,$932.48,$932.48,$901.39,$870.31,$839.23,$808.14,$777.06,$745.98,$714.90,$683.82,$652.73,$621.65,$590.57,$559.49,$537.73,$515.97,$494.21,$472.45,$450.70,$428.94,$407.18,$385.42,$363.67,$341.91,$320.15,$298.39,$289.07,$279.74,$270.42,$261.09,$251.77,$242.44,$233.12,$223.79,$214.47,$205.14,$195.82,$186.50,$192.71,$198.93,$205.14,$211.36,$217.58,$317.04,$326.37,$335.69,$345.02,$156.66,$253.63,$372.99,$473.70,$443.86,$443.86
V-Color TRA564G60D436O 512 GB,DDR5-6000,8 x 64GB,12 ns,36,$20.39,Black,0.0,0,,,,,,,,,,,,,,,,,,,,,,,,,,,,,,,,,,,,,,,,,,,,,,,"$26,099.97","$26,099.97","$25,229.98","$24,359.98","$23,489.98","$22,619.98","$21,749.98","$20,879.98","$20,009.98","$19,139.98","$18,269.98","$17,399.98","$16,529.98","$15,659.99","$15,050.99","$14,441.99","$13,832.99","$13,223.99","$12,614.99","$12,005.99","$11,396.99","$10,787.99","$10,178.99","$9,569.99","$8,960.99","$8,351.99","$8,090.99","$7,829.99","$7,568.99","$7,307.99","$7,046.99","$6,785.99","$6,524.99","$6,263.99","$6,002.99","$5,741.99","$5,480.99","$5,219.99","$5,393.99","$5,567.99","$5,741.99","$5,915.99","$6,089.99","$8,873.99","$9,134.99","$9,395.99","$9,656.99","$4,384.80","$7,099.19","$10,439.99","$13,258.79","$12,423.59","$12,423.59"
G.Skill Flare X5 128 GB,DDR5-6000,2 x 64GB,12 ns,36,$11.38,Black,5.0,1,,,,,,,,,,,,,,,,,,,,,,,,,,,,,,,,,,,,,,,,,,,,,,,"$3,639.97","$3,639.97","$3,518.64","$3,397.31","$3,275.98","$3,154.64","$3,033.31","$2,911.98","$2,790.65","$2,669.32","$2,547.98","$2,426.65","$2,305.32","$2,183.99","$2,099.05","$2,014.12","$1,929.19","$1,844.25","$1,759.32","$1,674.39","$1,589.46","$1,504.52","$1,419.59","$1,334.66","$1,249.72","$1,164.79","$1,128.39","$1,091.99","$1,055.59","$1,019.19",$982.79,$946.39,$909.99,$873.59,$837.19,$800.79,$764.39,$728.00,$752.26,$776.53,$800.79,$825.06,$849.33,"$1,237.59","$1,273.99","$1,310.39","$1,346.79",$611.52,$990.07,"$1,455.99","$1,849.11","$1,732.63","$1,732.63"
TEAMGROUP T-Force Delta RGB 32 GB,DDR5-6000,2 x 16GB,12.667 ns,38,$13.44,Black,4.0,6,,,,,,,,,,,,,,,,,,,,,,,,,,,,,,,,,,,,,,,,,,,,,,,"$1,074.97","$1,074.97","$1,039.14","$1,003.31",$967.48,$931.64,$895.81,$859.98,$824.15,$788.32,$752.48,$716.65,$680.82,$644.99,$619.90,$594.82,$569.74,$544.65,$519.57,$494.49,$469.41,$444.32,$419.24,$394.16,$369.07,$343.99,$333.24,$322.49,$311.74,$300.99,$290.24,$279.49,$268.74,$257.99,$247.24,$236.49,$225.74,$215.00,$222.16,$229.33,$236.49,$243.66,$250.83,$365.49,$376.24,$386.99,$397.74,$180.60,$292.39,$429.99,$546.09,$511.69,$511.69
Corsair Vengeance RGB 32 GB,DDR5-6000,2 x 16GB,10 ns,30,$13.81,Black / Gray,4.5,10,,,,,,,,,,,,,,,,,,,,,,,,,,,,,,,,,,,,,,,,,,,,,,,"$1,104.97","$1,104.97","$1,068.14","$1,031.31",$994.48,$957.64,$920.81,$883.98,$847.15,$810.32,$773.48,$736.65,$699.82,$662.99,$637.20,$611.42,$585.64,$559.85,$534.07,$508.29,$482.51,$456.72,$430.94,$405.16,$379.37,$353.59,$342.54,$331.49,$320.44,$309.39,$298.34,$287.29,$276.24,$265.19,$254.14,$243.09,$232.04,$221.00,$228.36,$235.73,$243.09,$250.46,$257.83,$375.69,$386.74,$397.79,$408.84,$185.64,$300.55,$441.99,$561.33,$525.97,$439.99
Kingston FURY Beast 64 GB,DDR4-3200,2 x 32GB,10 ns,16,$9.90,Black / Silver,5.0,1,$892.32,$897.60,$902.88,$908.16,$913.44,$918.72,$924.00,$929.28,$934.56,$939.84,$945.12,$950.40,$792.00,$760.32,$728.64,$696.96,$665.28,$633.60,$601.92,$570.24,$538.56,$506.88,$475.20,$443.52,$385.44,$390.72,$396.00,$401.28,$406.56,$411.84,$417.12,$422.40,$427.68,$432.96,$438.24,$443.52,$454.08,$464.64,$475.20,$485.76,$496.32,$506.88,$517.44,$528.00,$538.56,$549.12,$559.68,$570.24,$554.40,$538.56,$522.72,$506.88,$491.04,$475.20,$459.36,$443.52,$427.68,$411.84,$396.00,$380.16,$369.60,$359.04,$348.48,$337.92,$327.36,$316.80,$306.24,$295.68,$285.12,$274.56,$264.00,$253.44,$258.72,$264.00,$269.28,$274.56,$279.84,$285.12,$290.40,$295.68,$300.96,$306.24,$311.52,$316.80,$327.36,$337.92,$348.48,$359.04,$369.60,$538.56,$554.40,$570.24,$586.08,$266.11,$430.85,$633.60,$925.06,"$1,013.76",$918.72
Crucial CT2K8G4DFS824A 16 GB,DDR4-2400,2 x 8GB,14.167 ns,17,$5.92,Green / Black,2.0,1,$133.50,$134.29,$135.08,$135.87,$136.66,$137.45,$138.24,$139.03,$139.82,$140.61,$141.40,$142.19,$118.49,$113.75,$109.01,$104.27,$99.53,$94.79,$90.05,$85.31,$80.57,$75.83,$71.09,$66.35,$57.66,$58.45,$59.24,$60.03,$60.82,$61.61,$62.40,$63.19,$63.98,$64.77,$65.56,$66.35,$67.93,$69.51,$71.09,$72.67,$74.25,$75.83,$77.41,$78.99,$80.57,$82.15,$83.73,$85.31,$82.94,$80.57,$78.20,$75.83,$73.46,$71.09,$68.72,$66.35,$63.98,$61.61,$59.24,$56.87,$55.29,$53.71,$52.13,$50.55,$48.97,$47.40,$45.82,$44.24,$42.66,$41.08,$39.50,$37.92,$38.71,$39.50,$40.29,$41.08,$41.87,$42.66,$43.45,$44.24,$45.03,$45.82,$46.61,$47.40,$48.97,$50.55,$52.13,$53.71,$55.29,$80.57,$82.94,$85.31,$87.68,$39.81,$64.46,$94.79,$138.39,$151.66,$137.45
Corsair Dominator Titanium 64 GB,DDR5-6400,4 x 16GB,10 ns,32,$15.25,Black,5.0,1,,,,,,,,,,,,,,,,,,,,,,,,,,,,,,,,,,,,,,,,,,,,,,,"$2,439.97","$2,439.97","$2,358.64","$2,277.31","$2,195.98","$2,114.64","$2,033.31","$1,951.98","$1,870.65","$1,789.32","$1,707.98","$1,626.65","$1,545.32","$1,463.99","$1,407.05","$1,350.12","$1,293.19","$1,236.25","$1,179.32","$1,122.39","$1,065.46","$1,008.52",$951.59,$894.66,$837.72,$780.79,$756.39,$731.99,$707.59,$683.19,$658.79,$634.39,$609.99,$585.59,$561.19,$536.79,$512.39,$488.00,$504.26,$520.53,$536.79,$553.06,$569.33,$829.59,$853.99,$878.39,$902.79,$409.92,$663.67,$975.99,"$1,239.51","$1,161.43","$1,161.43"
Kingston FURY Beast 16 GB,DDR5-5600,1 x 16GB,12.857 ns,36,$20.67,Black,0.0,0,,,,,,,,,,,,,,,,,,,,,,,,,,,,,,,,,,,,,,,,,,,,,,,$826.65,$826.65,$799.10,$771.54,$743.99,$716.43,$688.88,$661.32,$633.76,$606.21,$578.66,$551.10,$523.55,$495.99,$476.70,$457.41,$438.12,$418.84,$399.55,$380.26,$360.97,$341.68,$322.39,$303.11,$283.82,$264.53,$256.26,$248.00,$239.73,$231.46,$223.20,$214.93,$206.66,$198.40,$190.13,$181.86,$173.60,$165.33,$170.84,$176.35,$181.86,$187.37,$192.89,$281.06,$289.33,$297.59,$305.86,$138.88,$224.85,$330.66,$419.94,$393.49,$393.49
Silicon Power XPOWER Gaming 32 GB,DDR4-3200,2 x 16GB,10 ns,16,$6.78,Gray,0.0,0,$305.57,$307.37,$309.18,$310.99,$312.80,$314.61,$316.41,$318.22,$320.03,$321.84,$323.65,$325.45,$271.21,$260.36,$249.52,$238.67,$227.82,$216.97,$206.12,$195.27,$184.42,$173.58,$162.73,$151.88,$131.99,$133.80,$135.61,$137.41,$139.22,$141.03,$142.84,$144.65,$146.45,$148.26,$150.07,$151.88,$155.50,$159.11,$162.73,$166.34,$169.96,$173.58,$177.19,$180.81,$184.42,$188.04,$191.66,$195.27,$189.85,$184.42,$179.00,$173.58,$168.15,$162.73,$157.30,$151.88,$146.45,$141.03,$135.61,$130.18,$126.57,$122.95,$119.33,$115.72,$112.10,$108.48,$104.87,$101.25,$97.64,$94.02,$90.40,$86.79,$88.60,$90.40,$92.21,$94.02,$95.83,$97.64,$99.44,$101.25,$103.06,$104.87,$106.68,$108.48,$112.10,$115.72,$119.33,$122.95,$126.57,$184.42,$189.85,$195.27,$200.70,$91.13,$147.54,$216.97,$316.78,$347.15,$314.61
Crucial Classic 8 GB,DDR5-5600,1 x 8GB,16.429 ns,46,$26.40,Black,3.0,1,,,,,,,,,,,,,,,,,,,,,,,,,,,,,,,,,,,,,,,,,,,,,,,$527.90,$527.90,$510.30,$492.71,$475.11,$457.51,$439.92,$422.32,$404.72,$387.13,$369.53,$351.93,$334.34,$316.74,$304.42,$292.10,$279.79,$267.47,$255.15,$242.83,$230.52,$218.20,$205.88,$193.56,$181.25,$168.93,$163.65,$158.37,$153.09,$147.81,$142.53,$137.25,$131.97,$126.70,$121.42,$116.14,$110.86,$105.58,$109.10,$112.62,$116.14,$119.66,$123.18,$179.49,$184.76,$190.04,$195.32,$88.69,$143.59,$211.16,$268.17,$251.28,$251.28
G.Skill Trident Z5 RGB 32 GB,DDR5-7200,2 x 16GB,9.444 ns,34,$15.19,Black,4.5,9,,,,,,,,,,,,,,,,,,,,,,,,,,,,,,,,,,,,,,,,,,,,,,,"$1,214.97","$1,214.97","$1,174.48","$1,133.98","$1,093.48","$1,052.98","$1,012.48",$971.98,$931.48,$890.98,$850.48,$809.98,$769.48,$728.99,$700.64,$672.29,$643.94,$615.59,$587.24,$558.89,$530.54,$502.19,$473.84,$445.49,$417.14,$388.79,$376.64,$364.49,$352.34,$340.19,$328.04,$315.89,$303.74,$291.59,$279.44,$267.29,$255.14,$243.00,$251.09,$259.19,$267.29,$275.39,$283.49,$413.09,$425.24,$437.39,$449.54,$204.12,$330.47,$485.99,$617.21,$578.33,$578.33
Kingston FURY Beast RGB 32 GB,DDR5-5600,2 x 16GB,14.286 ns,40,$12.19,Black,5.0,3,,,,,,,,,,,,,,,,,,,,,,,,,,,,,,,,,,,,,,,,,,,,,,,$974.88,$974.88,$942.38,$909.88,$877.39,$844.89,$812.40,$779.90,$747.40,$714.91,$682.41,$649.92,$617.42,$584.92,$562.18,$539.43,$516.68,$493.94,$471.19,$448.44,$425.70,$402.95,$380.20,$357.45,$334.71,$311.96,$302.21,$292.46,$282.71,$272.97,$263.22,$253.47,$243.72,$233.97,$224.22,$214.47,$204.72,$194.97,$201.47,$207.97,$214.47,$220.97,$227.47,$331.46,$341.21,$350.95,$360.70,$163.78,$265.17,$389.95,$495.24,$464.04,$464.04
G.Skill Ripjaws V 16 GB,DDR4-2400,2 x 8GB,14.167 ns,17,$6.87,Red,3.0,1,$154.90,$155.82,$156.74,$157.65,$158.57,$159.49,$160.40,$161.32,$162.24,$163.15,$164.07,$164.98,$137.49,$131.99,$126.49,$120.99,$115.49,$109.99,$104.49,$98.99,$93.49,$87.99,$82.49,$76.99,$66.91,$67.83,$68.74,$69.66,$70.58,$71.49,$72.41,$73.33,$74.24,$75.16,$76.08,$76.99,$78.83,$80.66,$82.49,$84.33,$86.16,$87.99,$89.83,$91.66,$93.49,$95.32,$97.16,$98.99,$96.24,$93.49,$90.74,$87.99,$85.24,$82.49,$79.74,$76.99,$74.24,$71.49,$68.74,$65.99,$64.16,$62.33,$60.49,$58.66,$56.83,$54.99,$53.16,$51.33,$49.50,$47.66,$45.83,$44.00,$44.91,$45.83,$46.75,$47.66,$48.58,$49.50,$50.41,$51.33,$52.25,$53.16,$54.08,$54.99,$56.83,$58.66,$60.49,$62.33,$64.16,$93.49,$96.24,$98.99,$101.74,$46.20,$74.79,$109.99,$160.59,$175.98,$129.99
G.Skill Ripjaws V 16 GB,DDR4-4000,2 x 8GB,9 ns,18,$8.12,Black,0.0,0,$183.07,$184.15,$185.24,$186.32,$187.40,$188.49,$189.57,$190.65,$191.74,$192.82,$193.90,$194.99,$162.49,$155.99,$149.49,$142.99,$136.49,$129.99,$123.49,$116.99,$110.49,$103.99,$97.49,$90.99,$79.08,$80.16,$81.24,$82.33,$83.41,$84.49,$85.58,$86.66,$87.74,$88.83,$89.91,$90.99,$93.16,$95.33,$97.49,$99.66,$101.83,$103.99,$106.16,$108.33,$110.49,$112.66,$114.82,$116.99,$113.74,$110.49,$107.24,$103.99,$100.74,$97.49,$94.24,$90.99,$87.74,$84.49,$81.24,$77.99,$75.83,$73.66,$71.49,$69.33,$67.16,$65.00,$62.83,$60.66,$58.50,$56.33,$54.16,$52.00,$53.08,$54.16,$55.25,$56.33,$57.41,$58.50,$59.58,$60.66,$61.75,$62.83,$63.91,$65.00,$67.16,$69.33,$71.49,$73.66,$75.83,$110.49,$113.74,$116.99,$120.24,$54.60,$88.39,$129.99,$189.79,$207.98,$129.99
Kingston ValueRAM 4 GB,DDR4-2666,1 x 4GB,14.254 ns,19,$6.25,Green / Black,0.0,0,$35.19,$35.40,$35.61,$35.82,$36.03,$36.24,$36.44,$36.65,$36.86,$37.07,$37.28,$37.48,$31.24,$29.99,$28.74,$27.49,$26.24,$24.99,$23.74,$22.49,$21.24,$19.99,$18.74,$17.49,$15.20,$15.41,$15.62,$15.83,$16.04,$16.24,$16.45,$16.66,$16.87,$17.08,$17.28,$17.49,$17.91,$18.33,$18.74,$19.16,$19.58,$19.99,$20.41,$20.82,$21.24,$21.66,$22.07,$22.49,$21.87,$21.24,$20.62,$19.99,$19.37,$18.74,$18.12,$17.49,$16.87,$16.24,$15.62,$14.99,$14.58,$14.16,$13.74,$13.33,$12.91,$12.49,$12.08,$11.66,$11.25,$10.83,$10.41,$10.00,$10.20,$10.41,$10.62,$10.83,$11.04,$11.25,$11.45,$11.66,$11.87,$12.08,$12.29,$12.49,$12.91,$13.33,$13.74,$14.16,$14.58,$21.24,$21.87,$22.49,$23.12,$10.50,$16.99,$24.99,$36.49,$39.98,$36.24
TEAMGROUP T-Force Delta RGB 16 GB,DDR4-3200,2 x 8GB,10 ns,16,$7.19,White,4.5,40,$161.94,$162.90,$163.86,$164.82,$165.78,$166.74,$167.69,$168.65,$169.61,$170.57,$171.53,$172.48,$143.74,$137.99,$132.24,$126.49,$120.74,$114.99,$109.24,$103.49,$97.74,$91.99,$86.24,$80.49,$69.95,$70.91,$71.87,$72.83,$73.79,$74.74,$75.70,$76.66,$77.62,$78.58,$79.53,$80.49,$82.41,$84.33,$86.24,$88.16,$90.08,$91.99,$93.91,$95.82,$97.74,$99.66,$101.57,$103.49,$100.62,$97.74,$94.87,$91.99,$89.12,$86.24,$83.37,$80.49,$77.62,$74.74,$71.87,$68.99,$67.08,$65.16,$63.24,$61.33,$59.41,$57.49,$55.58,$53.66,$51.75,$49.83,$47.91,$46.00,$46.95,$47.91,$48.87,$49.83,$50.79,$51.75,$52.70,$53.66,$54.62,$55.58,$56.54,$57.49,$59.41,$61.33,$63.24,$65.16,$67.08,$97.74,$100.62,$103.49,$106.37,$48.30,$78.19,$114.99,$167.89,$183.98,$166.74
Corsair Dominator Titanium 96 GB,DDR5-6400,2 x 48GB,10 ns,32,$12.58,White,0.0,0,,,,,,,,,,,,,,,,,,,,,,,,,,,,,,,,,,,,,,,,,,,,,,,"$3,019.97","$3,019.97","$2,919.31","$2,818.64","$2,717.98","$2,617.31","$2,516.65","$2,415.98","$2,315.31","$2,214.65","$2,113.98","$2,013.32","$1,912.65","$1,811.99","$1,741.52","$1,671.05","$1,600.59","$1,530.12","$1,459.65","$1,389.19","$1,318.72","$1,248.26","$1,177.79","$1,107.32","$1,036.86",$966.39,$936.19,$905.99,$875.79,$845.59,$815.39,$785.19,$754.99,$724.79,$694.59,$664.39,$634.19,$604.00,$624.13,$644.26,$664.39,$684.53,$704.66,"$1,026.79","$1,056.99","$1,087.19","$1,117.39",$507.36,$821.43,"$1,207.99","$1,534.15","$1,437.51","$1,437.51"
Silicon Power XPOWER Turbine 32 GB,DDR4-3200,2 x 16GB,10 ns,16,$6.56,Blue,5.0,5,$295.71,$297.46,$299.21,$300.96,$302.71,$304.46,$306.21,$307.96,$309.71,$311.46,$313.21,$314.95,$262.46,$251.96,$241.47,$230.97,$220.47,$209.97,$199.47,$188.97,$178.47,$167.98,$157.48,$146.98,$127.73,$129.48,$131.23,$132.98,$134.73,$136.48,$138.23,$139.98,$141.73,$143.48,$145.23,$146.98,$150.48,$153.98,$157.48,$160.98,$164.48,$167.98,$171.48,$174.97,$178.47,$181.97,$185.47,$188.97,$183.72,$178.47,$173.23,$167.98,$162.73,$157.48,$152.23,$146.98,$141.73,$136.48,$131.23,$125.98,$122.48,$118.98,$115.48,$111.98,$108.48,$104.98,$101.49,$97.99,$94.49,$90.99,$87.49,$83.99,$85.74,$87.49,$89.24,$90.99,$92.74,$94.49,$96.24,$97.99,$99.74,$101.49,$103.24,$104.98,$108.48,$111.98,$115.48,$118.98,$122.48,$178.47,$183.72,$188.97,$194.22,$88.19,$142.78,$209.97,$306.56,$335.95,$304.46
G.Skill Trident Z5 RGB 32 GB,DDR5-6000,2 x 16GB,10 ns,30,$14.06,Black,5.0,3,,,,,,,,,,,,,,,,,,,,,,,,,,,,,,,,,,,,,,,,,,,,,,,"$1,124.97","$1,124.97","$1,087.48","$1,049.98","$1,012.48",$974.98,$937.48,$899.98,$862.48,$824.98,$787.48,$749.98,$712.48,$674.99,$648.74,$622.49,$596.24,$569.99,$543.74,$517.49,$491.24,$464.99,$438.74,$412.49,$386.24,$359.99,$348.74,$337.49,$326.24,$314.99,$303.74,$292.49,$281.24,$269.99,$258.74,$247.49,$236.24,$225.00,$232.49,$239.99,$247.49,$254.99,$262.49,$382.49,$393.74,$404.99,$416.24,$189.00,$305.99,$449.99,$571.49,$535.49,$535.49
Kingston FURY Beast 32 GB,DDR4-3200,1 x 32GB,10 ns,16,$7.34,Black,5.0,2,$330.59,$332.55,$334.50,$336.46,$338.42,$340.37,$342.33,$344.29,$346.24,$348.20,$350.15,$352.11,$293.43,$281.69,$269.95,$258.21,$246.48,$234.74,$223.00,$211.27,$199.53,$187.79,$176.06,$164.32,$142.80,$144.76,$146.71,$148.67,$150.62,$152.58,$154.54,$156.49,$158.45,$160.41,$162.36,$164.32,$168.23,$172.14,$176.06,$179.97,$183.88,$187.79,$191.70,$195.62,$199.53,$203.44,$207.35,$211.27,$205.40,$199.53,$193.66,$187.79,$181.92,$176.06,$170.19,$164.32,$158.45,$152.58,$146.71,$140.84,$136.93,$133.02,$129.11,$125.19,$121.28,$117.37,$113.46,$109.55,$105.63,$101.72,$97.81,$93.90,$95.85,$97.81,$99.76,$101.72,$103.68,$105.63,$107.59,$109.55,$111.50,$113.46,$115.41,$117.37,$121.28,$125.19,$129.11,$133.02,$136.93,$199.53,$205.40,$211.27,$217.13,$98.59,$159.62,$234.74,$342.72,$375.58,$340.37
Corsair Vengeance RGB 32 GB,DDR5-6000,2 x 16GB,9.333 ns,28,$14.53,Black,0.0,0,,,,,,,,,,,,,,,,,,,,,,,,,,,,,,,,,,,,,,,,,,,,,,,"$1,162.47","$1,162.47","$1,123.73","$1,084.98","$1,046.23","$1,007.48",$968.73,$929.98,$891.23,$852.48,$813.73,$774.98,$736.23,$697.49,$670.36,$643.24,$616.11,$588.99,$561.86,$534.74,$507.61,$480.49,$453.37,$426.24,$399.12,$371.99,$360.37,$348.74,$337.12,$325.49,$313.87,$302.24,$290.62,$278.99,$267.37,$255.74,$244.12,$232.50,$240.24,$247.99,$255.74,$263.49,$271.24,$395.24,$406.87,$418.49,$430.12,$195.30,$316.19,$464.99,$590.54,$553.34,$439.99
Corsair Vengeance LPX 8 GB,DDR4-3200,1 x 8GB,10 ns,16,$7.37,Black / Yellow,5.0,3,$83.06,$83.55,$84.05,$84.54,$85.03,$85.52,$86.01,$86.50,$87.00,$87.49,$87.98,$88.47,$73.72,$70.78,$67.83,$64.88,$61.93,$58.98,$56.03,$53.08,$50.13,$47.18,$44.24,$41.29,$35.88,$36.37,$36.86,$37.35,$37.85,$38.34,$38.83,$39.32,$39.81,$40.30,$40.79,$41.29,$42.27,$43.25,$44.23,$45.22,$46.20,$47.18,$48.17,$49.15,$50.13,$51.12,$52.10,$53.08,$51.61,$50.13,$48.66,$47.18,$45.71,$44.23,$42.76,$41.29,$39.81,$38.34,$36.86,$35.39,$34.40,$33.42,$32.44,$31.46,$30.47,$29.49,$28.51,$27.52,$26.54,$25.56,$24.57,$23.59,$24.08,$24.57,$25.07,$25.56,$26.05,$26.54,$27.03,$27.52,$28.02,$28.51,$29.00,$29.49,$30.47,$31.46,$32.44,$33.42,$34.41,$50.13,$51.61,$53.08,$54.56,$24.77,$40.11,$58.98,$86.11,$94.37,$85.52
Patriot Venom 64 GB,DDR5-6000,2 x 32GB,10 ns,30,$12.50,Black,5.0,5,,,,,,,,,,,,,,,,,,,,,,,,,,,,,,,,,,,,,,,,,,,,,,,"$1,999.97","$1,999.97","$1,933.31","$1,866.64","$1,799.98","$1,733.31","$1,666.65","$1,599.98","$1,533.31","$1,466.65","$1,399.98","$1,333.32","$1,266.65","$1,199.99","$1,153.32","$1,106.65","$1,059.99","$1,013.32",$966.65,$919.99,$873.32,$826.66,$779.99,$733.32,$686.66,$639.99,$619.99,$599.99,$579.99,$559.99,$539.99,$519.99,$499.99,$479.99,$459.99,$439.99,$419.99,$400.00,$413.33,$426.66,$439.99,$453.33,$466.66,$679.99,$699.99,$719.99,$739.99,$336.00,$543.99,$799.99,"$1,015.99",$951.99,$951.99
Kingston FURY Beast RGB 16 GB,DDR4-3600,2 x 8GB,9.444 ns,17,$9.38,Black,0.0,0,$211.25,$212.50,$213.75,$215.00,$216.25,$217.50,$218.75,$220.00,$221.25,$222.50,$223.75,$225.00,$187.50,$180.00,$172.50,$165.00,$157.50,$150.00,$142.50,$135.00,$127.50,$120.00,$112.50,$105.00,$91.25,$92.50,$93.75,$95.00,$96.25,$97.50,$98.75,$100.00,$101.25,$102.50,$103.75,$105.00,$107.50,$110.00,$112.50,$115.00,$117.50,$120.00,$122.50,$125.00,$127.50,$130.00,$132.50,$135.00,$131.25,$127.50,$123.75,$120.00,$116.25,$112.50,$108.75,$105.00,$101.25,$97.50,$93.75,$90.00,$87.50,$85.00,$82.50,$80.00,$77.50,$75.00,$72.50,$70.00,$67.50,$65.00,$62.50,$60.00,$61.25,$62.50,$63.75,$65.00,$66.25,$67.50,$68.75,$70.00,$71.25,$72.50,$73.75,$75.00,$77.50,$80.00,$82.50,$85.00,$87.50,$127.50,$131.25,$135.00,$138.75,$63.00,$102.00,$150.00,$219.00,$240.00,$217.50
TEAMGROUP T-Force Delta RGB 16 GB,DDR4-3200,2 x 8GB,10 ns,16,$7.19,Black,4.5,56,$161.94,$162.90,$163.86,$164.82,$165.78,$166.74,$167.69,$168.65,$169.61,$170.57,$171.53,$172.48,$143.74,$137.99,$132.24,$126.49,$120.74,$114.99,$109.24,$103.49,$97.74,$91.99,$86.24,$80.49,$69.95,$70.91,$71.87,$72.83,$73.79,$74.74,$75.70,$76.66,$77.62,$78.58,$79.53,$80.49,$82.41,$84.33,$86.24,$88.16,$90.08,$91.99,$93.91,$95.82,$97.74,$99.66,$101.57,$103.49,$100.62,$97.74,$94.87,$91.99,$89.12,$86.24,$83.37,$80.49,$77.62,$74.74,$71.87,$68.99,$67.08,$65.16,$63.24,$61.33,$59.41,$57.49,$55.58,$53.66,$51.75,$49.83,$47.91,$46.00,$46.95,$47.91,$48.87,$49.83,$50.79,$51.75,$52.70,$53.66,$54.62,$55.58,$56.54,$57.49,$59.41,$61.33,$63.24,$65.16,$67.08,$97.74,$100.62,$103.49,$106.37,$48.30,$78.19,$114.99,$167.89,$183.98,$166.74
Corsair Dominator Titanium 32 GB,DDR5-6400,2 x 16GB,10 ns,32,$15.25,White,5.0,1,,,,,,,,,,,,,,,,,,,,,,,,,,,,,,,,,,,,,,,,,,,,,,,"$1,219.97","$1,219.97","$1,179.31","$1,138.64","$1,097.98","$1,057.31","$1,016.65",$975.98,$935.31,$894.65,$853.98,$813.32,$772.65,$731.99,$703.52,$675.05,$646.59,$618.12,$589.65,$561.19,$532.72,$504.26,$475.79,$447.32,$418.86,$390.39,$378.19,$365.99,$353.79,$341.59,$329.39,$317.19,$304.99,$292.79,$280.59,$268.39,$256.19,$244.00,$252.13,$260.26,$268.39,$276.53,$284.66,$414.79,$426.99,$439.19,$451.39,$204.96,$331.83,$487.99,$619.75,$580.71,$580.71
G.Skill Trident Z5 Neo RGB 64 GB,DDR5-6000,2 x 32GB,8.667 ns,26,$15.94,White / Black,5.0,2,,,,,,,,,,,,,,,,,,,,,,,,,,,,,,,,,,,,,,,,,,,,,,,"$2,549.97","$2,549.97","$2,464.98","$2,379.98","$2,294.98","$2,209.98","$2,124.98","$2,039.98","$1,954.98","$1,869.98","$1,784.98","$1,699.98","$1,614.98","$1,529.99","$1,470.49","$1,410.99","$1,351.49","$1,291.99","$1,232.49","$1,172.99","$1,113.49","$1,053.99",$994.49,$934.99,$875.49,$815.99,$790.49,$764.99,$739.49,$713.99,$688.49,$662.99,$637.49,$611.99,$586.49,$560.99,$535.49,$510.00,$526.99,$543.99,$560.99,$577.99,$594.99,$866.99,$892.49,$917.99,$943.49,$428.40,$693.59,"$1,019.99","$1,295.39","$1,213.79","$1,213.79"
Crucial MTA18ASF4G72AZ-3G2B1 32 GB,DDR4-3200,1 x 32GB,13.75 ns,22,$5.91,Green,0.0,0,$266.17,$267.75,$269.32,$270.90,$272.48,$274.05,$275.62,$277.20,$278.77,$280.35,$281.93,$283.50,$236.25,$226.80,$217.35,$207.90,$198.45,$189.00,$179.55,$170.10,$160.65,$151.20,$141.75,$132.30,$114.97,$116.55,$118.12,$119.70,$121.27,$122.85,$124.42,$126.00,$127.58,$129.15,$130.72,$132.30,$135.45,$138.60,$141.75,$144.90,$148.05,$151.20,$154.35,$157.50,$160.65,$163.80,$166.95,$170.10,$165.38,$160.65,$155.93,$151.20,$146.47,$141.75,$137.03,$132.30,$127.58,$122.85,$118.12,$113.40,$110.25,$107.10,$103.95,$100.80,$97.65,$94.50,$91.35,$88.20,$85.05,$81.90,$78.75,$75.60,$77.18,$78.75,$80.33,$81.90,$83.48,$85.05,$86.62,$88.20,$89.78,$91.35,$92.93,$94.50,$97.65,$100.80,$103.95,$107.10,$110.25,$160.65,$165.38,$170.10,$174.82,$79.38,$128.52,$189.00,$275.94,$302.40,$274.05
Patriot Viper Xtreme 5 32 GB,DDR5-8200,2 x 16GB,9.268 ns,38,$16.91,Black,5.0,1,,,,,,,,,,,,,,,,,,,,,,,,,,,,,,,,,,,,,,,,,,,,,,,"$1,352.47","$1,352.47","$1,307.39","$1,262.31","$1,217.23","$1,172.14","$1,127.06","$1,081.98","$1,036.90",$991.82,$946.73,$901.65,$856.57,$811.49,$779.93,$748.37,$716.81,$685.25,$653.70,$622.14,$590.58,$559.02,$527.47,$495.91,$464.35,$432.79,$419.27,$405.74,$392.22,$378.69,$365.17,$351.64,$338.12,$324.59,$311.07,$297.54,$284.02,$270.50,$279.51,$288.53,$297.54,$306.56,$315.58,$459.84,$473.37,$486.89,$500.42,$227.22,$367.87,$540.99,$687.06,$643.78,$643.78
G.Skill Flare X5 128 GB,DDR5-6000,2 x 64GB,11.333 ns,34,$10.14,Black,0.0,0,,,,,,,,,,,,,,,,,,,,,,,,,,,,,,,,,,,,,,,,,,,,,,,"$3,244.97","$3,244.97","$3,136.81","$3,028.64","$2,920.48","$2,812.31","$2,704.15","$2,595.98","$2,487.81","$2,379.65","$2,271.48","$2,163.32","$2,055.15","$1,946.99","$1,871.27","$1,795.55","$1,719.84","$1,644.12","$1,568.40","$1,492.69","$1,416.97","$1,341.26","$1,265.54","$1,189.82","$1,114.11","$1,038.39","$1,005.94",$973.49,$941.04,$908.59,$876.14,$843.69,$811.24,$778.79,$746.34,$713.89,$681.44,$649.00,$670.63,$692.26,$713.89,$735.53,$757.16,"$1,103.29","$1,135.74","$1,168.19","$1,200.64",$545.16,$882.63,"$1,297.99","$1,648.45","$1,544.61","$1,544.61"
G.Skill Ripjaws S5 32 GB,DDR5-5600,2 x 16GB,12.857 ns,36,$12.28,Black,5.0,3,,,,,,,,,,,,,,,,,,,,,,,,,,,,,,,,,,,,,,,,,,,,,,,$982.48,$982.48,$949.73,$916.98,$884.23,$851.48,$818.73,$785.98,$753.23,$720.48,$687.73,$654.98,$622.23,$589.49,$566.56,$543.64,$520.71,$497.79,$474.86,$451.94,$429.01,$406.09,$383.17,$360.24,$337.32,$314.39,$304.57,$294.74,$284.92,$275.09,$265.27,$255.44,$245.62,$235.79,$225.97,$216.14,$206.32,$196.50,$203.04,$209.59,$216.14,$222.69,$229.24,$334.04,$343.87,$353.69,$363.52,$165.06,$267.23,$392.99,$499.10,$467.66,$467.66
Corsair CMV8GX4M1A2133C15 8 GB,DDR4-2133,1 x 8GB,14.065 ns,15,$7.00,Black,4.5,9,$78.84,$79.30,$79.77,$80.24,$80.70,$81.17,$81.64,$82.10,$82.57,$83.04,$83.50,$83.97,$69.97,$67.18,$64.38,$61.58,$58.78,$55.98,$53.18,$50.38,$47.58,$44.78,$41.99,$39.19,$34.05,$34.52,$34.99,$35.45,$35.92,$36.39,$36.85,$37.32,$37.79,$38.25,$38.72,$39.19,$40.12,$41.05,$41.98,$42.92,$43.85,$44.78,$45.72,$46.65,$47.58,$48.52,$49.45,$50.38,$48.98,$47.58,$46.18,$44.78,$43.38,$41.98,$40.59,$39.19,$37.79,$36.39,$34.99,$33.59,$32.65,$31.72,$30.79,$29.86,$28.92,$27.99,$27.06,$26.12,$25.19,$24.26,$23.32,$22.39,$22.86,$23.32,$23.79,$24.26,$24.72,$25.19,$25.66,$26.12,$26.59,$27.06,$27.52,$27.99,$28.92,$29.86,$30.79,$31.72,$32.66,$47.58,$48.98,$50.38,$51.78,$23.51,$38.07,$55.98,$81.73,$89.57,$81.17
G.Skill Trident Z5 Neo RGB 32 GB,DDR5-6400,2 x 16GB,9.375 ns,30,$15.63,Black,5.0,4,,,,,,,,,,,,,,,,,,,,,,,,,,,,,,,,,,,,,,,,,,,,,,,"$1,249.97","$1,249.97","$1,208.31","$1,166.64","$1,124.98","$1,083.31","$1,041.65",$999.98,$958.31,$916.65,$874.98,$833.32,$791.65,$749.99,$720.82,$691.65,$662.49,$633.32,$604.15,$574.99,$545.82,$516.66,$487.49,$458.32,$429.16,$399.99,$387.49,$374.99,$362.49,$349.99,$337.49,$324.99,$312.49,$299.99,$287.49,$274.99,$262.49,$250.00,$258.33,$266.66,$274.99,$283.33,$291.66,$424.99,$437.49,$449.99,$462.49,$210.00,$339.99,$499.99,$634.99,$594.99,$594.99
Corsair Dominator Titanium 32 GB,DDR5-6600,2 x 16GB,9.697 ns,32,$15.53,White,0.0,0,,,,,,,,,,,,,,,,,,,,,,,,,,,,,,,,,,,,,,,,,,,,,,,"$1,242.47","$1,242.47","$1,201.06","$1,159.64","$1,118.23","$1,076.81","$1,035.40",$993.98,$952.56,$911.15,$869.73,$828.32,$786.90,$745.49,$716.49,$687.50,$658.51,$629.52,$600.53,$571.54,$542.55,$513.56,$484.57,$455.57,$426.58,$397.59,$385.17,$372.74,$360.32,$347.89,$335.47,$323.04,$310.62,$298.19,$285.77,$273.34,$260.92,$248.50,$256.78,$265.06,$273.34,$281.63,$289.91,$422.44,$434.87,$447.29,$459.72,$208.74,$337.95,$496.99,$631.18,$591.42,$591.42
G.Skill Trident Z RGB 32 GB,DDR4-3200,2 x 16GB,10 ns,16,$7.81,Black,4.5,40,$352.07,$354.15,$356.24,$358.32,$360.40,$362.49,$364.57,$366.65,$368.74,$370.82,$372.90,$374.99,$312.49,$299.99,$287.49,$274.99,$262.49,$249.99,$237.49,$224.99,$212.49,$199.99,$187.49,$174.99,$152.08,$154.16,$156.24,$158.33,$160.41,$162.49,$164.58,$166.66,$168.74,$170.83,$172.91,$174.99,$179.16,$183.33,$187.49,$191.66,$195.83,$199.99,$204.16,$208.32,$212.49,$216.66,$220.82,$224.99,$218.74,$212.49,$206.24,$199.99,$193.74,$187.49,$181.24,$174.99,$168.74,$162.49,$156.24,$149.99,$145.83,$141.66,$137.49,$133.33,$129.16,$125.00,$120.83,$116.66,$112.50,$108.33,$104.16,$100.00,$102.08,$104.16,$106.25,$108.33,$110.41,$112.50,$114.58,$116.66,$118.75,$120.83,$122.91,$125.00,$129.16,$133.33,$137.49,$141.66,$145.83,$212.49,$218.74,$224.99,$231.24,$105.00,$169.99,$249.99,$364.99,$399.98,$362.49
G.Skill F4-3200C16Q2-128GTZ 128 GB,DDR4-3200,8 x 16GB,10 ns,16,$8.23,Gray / Red,0.0,0,"$1,483.95","$1,492.73","$1,501.51","$1,510.29","$1,519.07","$1,527.85","$1,536.63","$1,545.41","$1,554.19","$1,562.97","$1,571.75","$1,580.54","$1,317.11","$1,264.43","$1,211.74","$1,159.06","$1,106.37","$1,053.69","$1,001.01",$948.32,$895.64,$842.95,$790.27,$737.58,$640.99,$649.78,$658.56,$667.34,$676.12,$684.90,$693.68,$702.46,$711.24,$720.02,$728.80,$737.58,$755.14,$772.71,$790.27,$807.83,$825.39,$842.95,$860.51,$878.07,$895.64,$913.20,$930.76,$948.32,$921.98,$895.64,$869.29,$842.95,$816.61,$790.27,$763.93,$737.58,$711.24,$684.90,$658.56,$632.21,$614.65,$597.09,$579.53,$561.97,$544.41,$526.85,$509.28,$491.72,$474.16,$456.60,$439.04,$421.48,$430.26,$439.04,$447.82,$456.60,$465.38,$474.16,$482.94,$491.72,$500.50,$509.28,$518.06,$526.85,$544.41,$561.97,$579.53,$597.09,$614.65,$895.64,$921.98,$948.32,$974.66,$442.55,$716.51,"$1,053.69","$1,538.39","$1,685.90","$1,527.85"
Corsair Dominator Titanium 32 GB,DDR5-7200,2 x 16GB,9.444 ns,34,$16.13,Black,5.0,1,,,,,,,,,,,,,,,,,,,,,,,,,,,,,,,,,,,,,,,,,,,,,,,"$1,289.97","$1,289.97","$1,246.98","$1,203.98","$1,160.98","$1,117.98","$1,074.98","$1,031.98",$988.98,$945.98,$902.98,$859.98,$816.98,$773.99,$743.89,$713.79,$683.69,$653.59,$623.49,$593.39,$563.29,$533.19,$503.09,$472.99,$442.89,$412.79,$399.89,$386.99,$374.09,$361.19,$348.29,$335.39,$322.49,$309.59,$296.69,$283.79,$270.89,$258.00,$266.59,$275.19,$283.79,$292.39,$300.99,$438.59,$451.49,$464.39,$477.29,$216.72,$350.87,$515.99,$655.31,$614.03,$614.03
Corsair Dominator Titanium 48 GB,DDR5-6000,2 x 24GB,10 ns,30,$13.25,Black,4.0,1,,,,,,,,,,,,,,,,,,,,,,,,,,,,,,,,,,,,,,,,,,,,,,,"$1,589.97","$1,589.97","$1,536.98","$1,483.98","$1,430.98","$1,377.98","$1,324.98","$1,271.98","$1,218.98","$1,165.98","$1,112.98","$1,059.98","$1,006.98",$953.99,$916.89,$879.79,$842.69,$805.59,$768.49,$731.39,$694.29,$657.19,$620.09,$582.99,$545.89,$508.79,$492.89,$476.99,$461.09,$445.19,$429.29,$413.39,$397.49,$381.59,$365.69,$349.79,$333.89,$318.00,$328.59,$339.19,$349.79,$360.39,$370.99,$540.59,$556.49,$572.39,$588.29,$267.12,$432.47,$635.99,$807.71,$756.83,$756.83
Corsair Vengeance 32 GB,DDR5-6000,2 x 16GB,9.333 ns,28,$14.25,Black,4.0,5,,,,,,,,,,,,,,,,,,,,,,,,,,,,,,,,,,,,,,,,,,,,,,,"$1,139.97","$1,139.97","$1,101.98","$1,063.98","$1,025.98",$987.98,$949.98,$911.98,$873.98,$835.98,$797.98,$759.98,$721.98,$683.99,$657.39,$630.79,$604.19,$577.59,$550.99,$524.39,$497.79,$471.19,$444.59,$417.99,$391.39,$364.79,$353.39,$341.99,$330.59,$319.19,$307.79,$296.39,$284.99,$273.59,$262.19,$250.79,$239.39,$228.00,$235.59,$243.19,$250.79,$258.39,$265.99,$387.59,$398.99,$410.39,$421.79,$191.52,$310.07,$455.99,$579.11,$542.63,$542.63
G.Skill Trident Z5 Neo RGB 32 GB,DDR5-8000,2 x 16GB,9.5 ns,38,$16.56,Black,5.0,1,,,,,,,,,,,,,,,,,,,,,,,,,,,,,,,,,,,,,,,,,,,,,,,"$1,324.97","$1,324.97","$1,280.81","$1,236.64","$1,192.48","$1,148.31","$1,104.15","$1,059.98","$1,015.81",$971.65,$927.48,$883.32,$839.15,$794.99,$764.07,$733.15,$702.24,$671.32,$640.40,$609.49,$578.57,$547.66,$516.74,$485.82,$454.91,$423.99,$410.74,$397.49,$384.24,$370.99,$357.74,$344.49,$331.24,$317.99,$304.74,$291.49,$278.24,$265.00,$273.83,$282.66,$291.49,$300.33,$309.16,$450.49,$463.74,$476.99,$490.24,$222.60,$360.39,$529.99,$673.09,$630.69,$630.69
Corsair Vengeance 64 GB,DDR5-6000,2 x 32GB,10 ns,30,$13.13,Black / Gray,4.5,10,,,,,,,,,,,,,,,,,,,,,,,,,,,,,,,,,,,,,,,,,,,,,,,"$2,099.97","$2,099.97","$2,029.98","$1,959.98","$1,889.98","$1,819.98","$1,749.98","$1,679.98","$1,609.98","$1,539.98","$1,469.98","$1,399.98","$1,329.98","$1,259.99","$1,210.99","$1,161.99","$1,112.99","$1,063.99","$1,014.99",$965.99,$916.99,$867.99,$818.99,$769.99,$720.99,$671.99,$650.99,$629.99,$608.99,$587.99,$566.99,$545.99,$524.99,$503.99,$482.99,$461.99,$440.99,$420.00,$433.99,$447.99,$461.99,$475.99,$489.99,$713.99,$734.99,$755.99,$776.99,$352.80,$571.19,$839.99,"$1,066.79",$999.59,$999.59
G.Skill Flare X5 32 GB,DDR5-5600,2 x 16GB,12.857 ns,36,$12.19,Black,5.0,1,,,,,,,,,,,,,,,,,,,,,,,,,,,,,,,,,,,,,,,,,,,,,,,$974.98,$974.98,$942.48,$909.98,$877.48,$844.98,$812.48,$779.98,$747.48,$714.98,$682.48,$649.98,$617.48,$584.99,$562.24,$539.49,$516.74,$493.99,$471.24,$448.49,$425.74,$402.99,$380.24,$357.49,$334.74,$311.99,$302.24,$292.49,$282.74,$272.99,$263.24,$253.49,$243.74,$233.99,$224.24,$214.49,$204.74,$195.00,$201.49,$207.99,$214.49,$220.99,$227.49,$331.49,$341.24,$350.99,$360.74,$163.80,$265.19,$389.99,$495.29,$464.09,$449.99
G.Skill Trident Z5 CK RGB 48 GB,DDR5-8800,2 x 24GB,9.545 ns,42,$14.58,Black,0.0,0,,,,,,,,,,,,,,,,,,,,,,,,,,,,,,,,,,,,,,,,,,,,,,,"$1,749.97","$1,749.97","$1,691.64","$1,633.31","$1,574.98","$1,516.64","$1,458.31","$1,399.98","$1,341.65","$1,283.32","$1,224.98","$1,166.65","$1,108.32","$1,049.99","$1,009.15",$968.32,$927.49,$886.65,$845.82,$804.99,$764.16,$723.32,$682.49,$641.66,$600.82,$559.99,$542.49,$524.99,$507.49,$489.99,$472.49,$454.99,$437.49,$419.99,$402.49,$384.99,$367.49,$350.00,$361.66,$373.33,$384.99,$396.66,$408.33,$594.99,$612.49,$629.99,$647.49,$294.00,$475.99,$699.99,$888.99,$832.99,$832.99
G.Skill Ripjaws S5 32 GB,DDR5-5200,2 x 16GB,15.385 ns,40,$12.19,Black,4.0,2,,,,,,,,,,,,,,,,,,,,,,,,,,,,,,,,,,,,,,,,,,,,,,,$974.98,$974.98,$942.48,$909.98,$877.48,$844.98,$812.48,$779.98,$747.48,$714.98,$682.48,$649.98,$617.48,$584.99,$562.24,$539.49,$516.74,$493.99,$471.24,$448.49,$425.74,$402.99,$380.24,$357.49,$334.74,$311.99,$302.24,$292.49,$282.74,$272.99,$263.24,$253.49,$243.74,$233.99,$224.24,$214.49,$204.74,$195.00,$201.49,$207.99,$214.49,$220.99,$227.49,$331.49,$341.24,$350.99,$360.74,$163.80,$265.19,$389.99,$495.29,$464.09,$464.09
Patriot Viper Steel 16 GB,DDR4-3200,2 x 8GB,10 ns,16,,Silver / Black,4.5,20,$143.64,$144.49,$145.34,$146.19,$147.04,$147.89,$148.74,$149.59,$150.44,$151.29,$152.14,$152.98,$127.49,$122.39,$117.29,$112.19,$107.09,$101.99,$96.89,$91.79,$86.69,$81.59,$76.49,$71.39,$62.04,$62.89,$63.74,$64.59,$65.44,$66.29,$67.14,$67.99,$68.84,$69.69,$70.54,$71.39,$73.09,$74.79,$76.49,$78.19,$79.89,$81.59,$83.29,$84.99,$86.69,$88.39,$90.09,$91.79,$89.24,$86.69,$84.14,$81.59,$79.04,$76.49,$73.94,$71.39,$68.84,$66.29,$63.74,$61.19,$59.49,$57.79,$56.09,$54.39,$52.69,$50.99,$49.30,$47.60,$45.90,$44.20,$42.50,$40.80,$41.65,$42.50,$43.35,$44.20,$45.05,$45.90,$46.75,$47.60,$48.45,$49.30,$50.15,$50.99,$52.69,$54.39,$56.09,$57.79,$59.49,$86.69,$89.24,$91.79,$94.34,$42.84,$69.35,$101.99,$148.91,$163.18,$147.89
G.Skill Ripjaws S5 32 GB,DDR5-6000,2 x 16GB,10 ns,30,$14.06,White,5.0,1,,,,,,,,,,,,,,,,,,,,,,,,,,,,,,,,,,,,,,,,,,,,,,,"$1,124.97","$1,124.97","$1,087.48","$1,049.98","$1,012.48",$974.98,$937.48,$899.98,$862.48,$824.98,$787.48,$749.98,$712.48,$674.99,$648.74,$622.49,$596.24,$569.99,$543.74,$517.49,$491.24,$464.99,$438.74,$412.49,$386.24,$359.99,$348.74,$337.49,$326.24,$314.99,$303.74,$292.49,$281.24,$269.99,$258.74,$247.49,$236.24,$225.00,$232.49,$239.99,$247.49,$254.99,$262.49,$382.49,$393.74,$404.99,$416.24,$189.00,$305.99,$449.99,$571.49,$535.49,$535.49
Corsair Dominator Titanium 64 GB,DDR5-6000,2 x 32GB,10 ns,30,$14.89,Black,4.0,1,,,,,,,,,,,,,,,,,,,,,,,,,,,,,,,,,,,,,,,,,,,,,,,"$2,382.47","$2,382.47","$2,303.06","$2,223.64","$2,144.23","$2,064.81","$1,985.40","$1,905.98","$1,826.56","$1,747.15","$1,667.73","$1,588.32","$1,508.90","$1,429.49","$1,373.89","$1,318.30","$1,262.71","$1,207.12","$1,151.53","$1,095.94","$1,040.35",$984.76,$929.17,$873.57,$817.98,$762.39,$738.57,$714.74,$690.92,$667.09,$643.27,$619.44,$595.62,$571.79,$547.97,$524.14,$500.32,$476.50,$492.38,$508.26,$524.14,$540.03,$555.91,$810.04,$833.87,$857.69,$881.52,$400.26,$648.03,$952.99,"$1,210.30","$1,134.06","$1,134.06"
Corsair Vengeance RGB 32 GB,DDR5-5600,2 x 16GB,14.286 ns,40,$12.53,White / Gray,0.0,0,,,,,,,,,,,,,,,,,,,,,,,,,,,,,,,,,,,,,,,,,,,,,,,"$1,002.48","$1,002.48",$969.06,$935.64,$902.23,$868.81,$835.40,$801.98,$768.56,$735.15,$701.73,$668.32,$634.90,$601.49,$578.09,$554.70,$531.31,$507.92,$484.53,$461.14,$437.75,$414.36,$390.97,$367.57,$344.18,$320.79,$310.77,$300.74,$290.72,$280.69,$270.67,$260.64,$250.62,$240.59,$230.57,$220.54,$210.52,$200.50,$207.18,$213.86,$220.54,$227.23,$233.91,$340.84,$350.87,$360.89,$370.92,$168.42,$272.67,$400.99,$509.26,$477.18,$439.99
Kingston FURY Beast 32 GB,DDR4-3600,2 x 16GB,10 ns,18,$8.75,Black,4.0,6,$394.32,$396.65,$398.99,$401.32,$403.65,$405.99,$408.32,$410.65,$412.99,$415.32,$417.65,$419.99,$349.99,$335.99,$321.99,$307.99,$293.99,$279.99,$265.99,$251.99,$237.99,$223.99,$209.99,$195.99,$170.33,$172.66,$174.99,$177.33,$179.66,$181.99,$184.33,$186.66,$188.99,$191.33,$193.66,$195.99,$200.66,$205.33,$209.99,$214.66,$219.33,$223.99,$228.66,$233.32,$237.99,$242.66,$247.32,$251.99,$244.99,$237.99,$230.99,$223.99,$216.99,$209.99,$202.99,$195.99,$188.99,$181.99,$174.99,$167.99,$163.33,$158.66,$153.99,$149.33,$144.66,$140.00,$135.33,$130.66,$126.00,$121.33,$116.66,$112.00,$114.33,$116.66,$119.00,$121.33,$123.66,$126.00,$128.33,$130.66,$133.00,$135.33,$137.66,$140.00,$144.66,$149.33,$153.99,$158.66,$163.33,$237.99,$244.99,$251.99,$258.99,$117.60,$190.39,$279.99,$408.79,$447.98,$405.99
Crucial CT2K32G48C40U5 64 GB,DDR5-4800,2 x 32GB,16.667 ns,40,$9.06,Black,5.0,1,,,,,,,,,,,,,,,,,,,,,,,,,,,,,,,,,,,,,,,,,,,,,,,"$1,449.97","$1,449.97","$1,401.64","$1,353.31","$1,304.98","$1,256.64","$1,208.31","$1,159.98","$1,111.65","$1,063.32","$1,014.98",$966.65,$918.32,$869.99,$836.15,$802.32,$768.49,$734.65,$700.82,$666.99,$633.16,$599.32,$565.49,$531.66,$497.82,$463.99,$449.49,$434.99,$420.49,$405.99,$391.49,$376.99,$362.49,$347.99,$333.49,$318.99,$304.49,$290.00,$299.66,$309.33,$318.99,$328.66,$338.33,$492.99,$507.49,$521.99,$536.49,$243.60,$394.39,$579.99,$736.59,$690.19,$690.19
Corsair Vengeance LPX 32 GB,DDR4-2666,2 x 16GB,12.003 ns,16,$5.34,Black / Yellow,4.5,14,$240.81,$242.24,$243.66,$245.09,$246.51,$247.94,$249.36,$250.79,$252.21,$253.64,$255.06,$256.49,$213.74,$205.19,$196.64,$188.09,$179.54,$170.99,$162.44,$153.89,$145.34,$136.79,$128.24,$119.69,$104.02,$105.44,$106.87,$108.29,$109.72,$111.14,$112.57,$113.99,$115.42,$116.84,$118.27,$119.69,$122.54,$125.39,$128.24,$131.09,$133.94,$136.79,$139.64,$142.49,$145.34,$148.19,$151.04,$153.89,$149.62,$145.34,$141.07,$136.79,$132.52,$128.24,$123.97,$119.69,$115.42,$111.14,$106.87,$102.59,$99.74,$96.89,$94.04,$91.19,$88.34,$85.50,$82.65,$79.80,$76.95,$74.10,$71.25,$68.40,$69.82,$71.25,$72.67,$74.10,$75.52,$76.95,$78.37,$79.80,$81.22,$82.65,$84.07,$85.50,$88.34,$91.19,$94.04,$96.89,$99.74,$145.34,$149.62,$153.89,$158.17,$71.82,$116.27,$170.99,$249.65,$273.58,$269.00
PNY XLR8 Gaming EPIC-X RGB 32 GB,DDR4-3200,2 x 16GB,10 ns,16,$10.31,Black,5.0,2,$464.74,$467.49,$470.24,$472.99,$475.74,$478.49,$481.24,$483.99,$486.74,$489.49,$492.24,$494.99,$412.49,$395.99,$379.49,$362.99,$346.49,$329.99,$313.49,$296.99,$280.49,$263.99,$247.49,$230.99,$200.74,$203.49,$206.24,$208.99,$211.74,$214.49,$217.24,$219.99,$222.74,$225.49,$228.24,$230.99,$236.49,$241.99,$247.49,$252.99,$258.49,$263.99,$269.49,$274.99,$280.49,$285.99,$291.49,$296.99,$288.74,$280.49,$272.24,$263.99,$255.74,$247.49,$239.24,$230.99,$222.74,$214.49,$206.24,$197.99,$192.49,$186.99,$181.49,$175.99,$170.49,$165.00,$159.50,$154.00,$148.50,$143.00,$137.50,$132.00,$134.75,$137.50,$140.25,$143.00,$145.75,$148.50,$151.25,$154.00,$156.75,$159.50,$162.25,$165.00,$170.49,$175.99,$181.49,$186.99,$192.49,$280.49,$288.74,$296.99,$305.24,$138.60,$224.39,$329.99,$481.79,$527.98,$478.49
Kingston FURY Beast 64 GB,DDR5-6400,2 x 32GB,10 ns,32,$19.14,Black,5.0,1,,,,,,,,,,,,,,,,,,,,,,,,,,,,,,,,,,,,,,,,,,,,,,,"$3,061.93","$3,061.93","$2,959.86","$2,857.80","$2,755.73","$2,653.67","$2,551.60","$2,449.54","$2,347.48","$2,245.41","$2,143.35","$2,041.28","$1,939.22","$1,837.15","$1,765.71","$1,694.27","$1,622.82","$1,551.38","$1,479.93","$1,408.49","$1,337.04","$1,265.60","$1,194.15","$1,122.71","$1,051.26",$979.82,$949.20,$918.58,$887.96,$857.34,$826.72,$796.10,$765.48,$734.86,$704.24,$673.62,$643.00,$612.38,$632.80,$653.21,$673.62,$694.04,$714.45,"$1,041.05","$1,071.67","$1,102.29","$1,132.91",$514.40,$832.84,"$1,224.77","$1,555.46","$1,457.48","$1,457.48"
G.Skill Ripjaws V 16 GB,DDR4-3600,2 x 8GB,10 ns,18,$7.81,Black,4.5,59,$176.03,$177.07,$178.11,$179.15,$180.19,$181.24,$182.28,$183.32,$184.36,$185.40,$186.44,$187.48,$156.24,$149.99,$143.74,$137.49,$131.24,$124.99,$118.74,$112.49,$106.24,$99.99,$93.74,$87.49,$76.04,$77.08,$78.12,$79.16,$80.20,$81.24,$82.29,$83.33,$84.37,$85.41,$86.45,$87.49,$89.58,$91.66,$93.74,$95.83,$97.91,$99.99,$102.08,$104.16,$106.24,$108.32,$110.41,$112.49,$109.37,$106.24,$103.12,$99.99,$96.87,$93.74,$90.62,$87.49,$84.37,$81.24,$78.12,$74.99,$72.91,$70.83,$68.74,$66.66,$64.58,$62.49,$60.41,$58.33,$56.25,$54.16,$52.08,$50.00,$51.04,$52.08,$53.12,$54.16,$55.20,$56.25,$57.29,$58.33,$59.37,$60.41,$61.45,$62.49,$64.58,$66.66,$68.74,$70.83,$72.91,$106.24,$109.37,$112.49,$115.62,$52.50,$84.99,$124.99,$182.49,$199.98,$129.99
Corsair Vengeance 32 GB,DDR5-5600,2 x 16GB,14.286 ns,40,$12.22,Black / Gray,4.0,1,,,,,,,,,,,,,,,,,,,,,,,,,,,,,,,,,,,,,,,,,,,,,,,$977.48,$977.48,$944.89,$912.31,$879.73,$847.14,$814.56,$781.98,$749.40,$716.82,$684.23,$651.65,$619.07,$586.49,$563.68,$540.87,$518.06,$495.25,$472.45,$449.64,$426.83,$404.02,$381.22,$358.41,$335.60,$312.79,$303.02,$293.24,$283.47,$273.69,$263.92,$254.14,$244.37,$234.59,$224.82,$215.04,$205.27,$195.50,$202.01,$208.53,$215.04,$221.56,$228.08,$332.34,$342.12,$351.89,$361.67,$164.22,$265.87,$390.99,$496.56,$465.28,$465.28
Kingston Fury Renegade RGB 32 GB,DDR5-7600,2 x 16GB,10 ns,38,,Silver / Black,0.0,0,,,,,,,,,,,,,,,,,,,,,,,,,,,,,,,,,,,,,,,,,,,,,,,"$1,074.97","$1,074.97","$1,039.14","$1,003.31",$967.48,$931.64,$895.81,$859.98,$824.15,$788.32,$752.48,$716.65,$680.82,$644.99,$619.90,$594.82,$569.74,$544.65,$519.57,$494.49,$469.41,$444.32,$419.24,$394.16,$369.07,$343.99,$333.24,$322.49,$311.74,$300.99,$290.24,$279.49,$268.74,$257.99,$247.24,$236.49,$225.74,$215.00,$222.16,$229.33,$236.49,$243.66,$250.83,$365.49,$376.24,$386.99,$397.74,$180.60,$292.39,$429.99,$546.09,$511.69,$511.69
Corsair Vengeance RGB 32 GB,DDR5-6400,2 x 16GB,11.25 ns,36,$12.75,Black / Gray,0.0,0,,,,,,,,,,,,,,,,,,,,,,,,,,,,,,,,,,,,,,,,,,,,,,,"$1,019.98","$1,019.98",$985.98,$951.98,$917.98,$883.98,$849.98,$815.98,$781.98,$747.98,$713.98,$679.98,$645.98,$611.99,$588.19,$564.39,$540.59,$516.79,$492.99,$469.19,$445.39,$421.59,$397.79,$373.99,$350.19,$326.39,$316.19,$305.99,$295.79,$285.59,$275.39,$265.19,$254.99,$244.79,$234.59,$224.39,$214.19,$204.00,$210.79,$217.59,$224.39,$231.19,$237.99,$346.79,$356.99,$367.19,$377.39,$171.36,$277.43,$407.99,$518.15,$485.51,$439.99
G.Skill Trident Z5 32 GB,DDR5-6400,2 x 16GB,10 ns,32,$13.44,Black,5.0,1,,,,,,,,,,,,,,,,,,,,,,,,,,,,,,,,,,,,,,,,,,,,,,,"$1,074.97","$1,074.97","$1,039.14","$1,003.31",$967.48,$931.64,$895.81,$859.98,$824.15,$788.32,$752.48,$716.65,$680.82,$644.99,$619.90,$594.82,$569.74,$544.65,$519.57,$494.49,$469.41,$444.32,$419.24,$394.16,$369.07,$343.99,$333.24,$322.49,$311.74,$300.99,$290.24,$279.49,$268.74,$257.99,$247.24,$236.49,$225.74,$215.00,$222.16,$229.33,$236.49,$243.66,$250.83,$365.49,$376.24,$386.99,$397.74,$180.60,$292.39,$429.99,$546.09,$511.69,$511.69
G.Skill Trident Z5 Royal 48 GB,DDR5-8400,2 x 24GB,9.524 ns,40,$13.13,Silver,0.0,0,,,,,,,,,,,,,,,,,,,,,,,,,,,,,,,,,,,,,,,,,,,,,,,"$1,574.97","$1,574.97","$1,522.48","$1,469.98","$1,417.48","$1,364.98","$1,312.48","$1,259.98","$1,207.48","$1,154.98","$1,102.48","$1,049.98",$997.48,$944.99,$908.24,$871.49,$834.74,$797.99,$761.24,$724.49,$687.74,$650.99,$614.24,$577.49,$540.74,$503.99,$488.24,$472.49,$456.74,$440.99,$425.24,$409.49,$393.74,$377.99,$362.24,$346.49,$330.74,$315.00,$325.49,$335.99,$346.49,$356.99,$367.49,$535.49,$551.24,$566.99,$582.74,$264.60,$428.39,$629.99,$800.09,$749.69,$749.69
Silicon Power XPOWER Zenith RGB Gaming 32 GB,DDR5-6000,2 x 16GB,10 ns,30,$15.31,Black,5.0,2,,,,,,,,,,,,,,,,,,,,,,,,,,,,,,,,,,,,,,,,,,,,,,,"$1,224.97","$1,224.97","$1,184.14","$1,143.31","$1,102.48","$1,061.64","$1,020.81",$979.98,$939.15,$898.32,$857.48,$816.65,$775.82,$734.99,$706.40,$677.82,$649.24,$620.65,$592.07,$563.49,$534.91,$506.32,$477.74,$449.16,$420.57,$391.99,$379.74,$367.49,$355.24,$342.99,$330.74,$318.49,$306.24,$293.99,$281.74,$269.49,$257.24,$245.00,$253.16,$261.33,$269.49,$277.66,$285.83,$416.49,$428.74,$440.99,$453.24,$205.80,$333.19,$489.99,$622.29,$583.09,$583.09
TEAMGROUP T-Force Vulcan Z 32 GB,DDR4-3600,2 x 16GB,10 ns,18,$8.13,Black,4.5,21,$366.15,$368.32,$370.49,$372.65,$374.82,$376.99,$379.15,$381.32,$383.49,$385.65,$387.82,$389.99,$324.99,$311.99,$298.99,$285.99,$272.99,$259.99,$246.99,$233.99,$220.99,$207.99,$194.99,$181.99,$158.16,$160.33,$162.49,$164.66,$166.83,$168.99,$171.16,$173.33,$175.49,$177.66,$179.83,$181.99,$186.33,$190.66,$194.99,$199.33,$203.66,$207.99,$212.33,$216.66,$220.99,$225.32,$229.66,$233.99,$227.49,$220.99,$214.49,$207.99,$201.49,$194.99,$188.49,$181.99,$175.49,$168.99,$162.49,$155.99,$151.66,$147.33,$142.99,$138.66,$134.33,$130.00,$125.66,$121.33,$117.00,$112.66,$108.33,$104.00,$106.16,$108.33,$110.50,$112.66,$114.83,$117.00,$119.16,$121.33,$123.50,$125.66,$127.83,$130.00,$134.33,$138.66,$142.99,$147.33,$151.66,$220.99,$227.49,$233.99,$240.49,$109.20,$176.79,$259.99,$379.59,$415.98,$376.99
G.Skill Trident Z5 Neo RGB 48 GB,DDR5-6000,2 x 24GB,8.667 ns,26,$13.13,Black,0.0,0,,,,,,,,,,,,,,,,,,,,,,,,,,,,,,,,,,,,,,,,,,,,,,,"$1,574.97","$1,574.97","$1,522.48","$1,469.98","$1,417.48","$1,364.98","$1,312.48","$1,259.98","$1,207.48","$1,154.98","$1,102.48","$1,049.98",$997.48,$944.99,$908.24,$871.49,$834.74,$797.99,$761.24,$724.49,$687.74,$650.99,$614.24,$577.49,$540.74,$503.99,$488.24,$472.49,$456.74,$440.99,$425.24,$409.49,$393.74,$377.99,$362.24,$346.49,$330.74,$315.00,$325.49,$335.99,$346.49,$356.99,$367.49,$535.49,$551.24,$566.99,$582.74,$264.60,$428.39,$629.99,$800.09,$749.69,$749.69
TEAMGROUP T-Force Delta RGB 32 GB,DDR5-6000,2 x 16GB,9.333 ns,28,$16.25,Black,0.0,0,,,,,,,,,,,,,,,,,,,,,,,,,,,,,,,,,,,,,,,,,,,,,,,"$1,299.97","$1,299.97","$1,256.64","$1,213.31","$1,169.98","$1,126.64","$1,083.31","$1,039.98",$996.65,$953.32,$909.98,$866.65,$823.32,$779.99,$749.65,$719.32,$688.99,$658.65,$628.32,$597.99,$567.66,$537.32,$506.99,$476.66,$446.32,$415.99,$402.99,$389.99,$376.99,$363.99,$350.99,$337.99,$324.99,$311.99,$298.99,$285.99,$272.99,$260.00,$268.66,$277.33,$285.99,$294.66,$303.33,$441.99,$454.99,$467.99,$480.99,$218.40,$353.59,$519.99,$660.39,$618.79,$618.79
Patriot Viper Venom RGB 32 GB,DDR5-5600,2 x 16GB,12.857 ns,36,$11.25,Black / White,5.0,1,,,,,,,,,,,,,,,,,,,,,,,,,,,,,,,,,,,,,,,,,,,,,,,$899.98,$899.98,$869.98,$839.98,$809.98,$779.98,$749.98,$719.98,$689.98,$659.98,$629.98,$599.98,$569.98,$539.99,$518.99,$497.99,$476.99,$455.99,$434.99,$413.99,$392.99,$371.99,$350.99,$329.99,$308.99,$287.99,$278.99,$269.99,$260.99,$251.99,$242.99,$233.99,$224.99,$215.99,$206.99,$197.99,$188.99,$180.00,$185.99,$191.99,$197.99,$203.99,$209.99,$305.99,$314.99,$323.99,$332.99,$151.20,$244.79,$359.99,$457.19,$428.39,$428.39
G.Skill Ripjaws S5 64 GB,DDR5-6000,2 x 32GB,10 ns,30,$13.59,Black,4.5,13,,,,,,,,,,,,,,,,,,,,,,,,,,,,,,,,,,,,,,,,,,,,,,,"$2,174.97","$2,174.97","$2,102.48","$2,029.98","$1,957.48","$1,884.98","$1,812.48","$1,739.98","$1,667.48","$1,594.98","$1,522.48","$1,449.98","$1,377.48","$1,304.99","$1,254.24","$1,203.49","$1,152.74","$1,101.99","$1,051.24","$1,000.49",$949.74,$898.99,$848.24,$797.49,$746.74,$695.99,$674.24,$652.49,$630.74,$608.99,$587.24,$565.49,$543.74,$521.99,$500.24,$478.49,$456.74,$435.00,$449.49,$463.99,$478.49,$492.99,$507.49,$739.49,$761.24,$782.99,$804.74,$365.40,$591.59,$869.99,"$1,104.89","$1,035.29","$1,035.29"
Silicon Power XPOWER Turbine 16 GB,DDR4-3200,2 x 8GB,10 ns,16,$6.74,Blue,4.5,32,$151.80,$152.70,$153.60,$154.50,$155.40,$156.30,$157.19,$158.09,$158.99,$159.89,$160.79,$161.69,$134.74,$129.35,$123.96,$118.57,$113.18,$107.79,$102.40,$97.01,$91.62,$86.23,$80.84,$75.45,$65.57,$66.47,$67.37,$68.27,$69.17,$70.06,$70.96,$71.86,$72.76,$73.66,$74.55,$75.45,$77.25,$79.05,$80.84,$82.64,$84.44,$86.23,$88.03,$89.83,$91.62,$93.42,$95.21,$97.01,$94.32,$91.62,$88.93,$86.23,$83.54,$80.84,$78.15,$75.45,$72.76,$70.06,$67.37,$64.67,$62.88,$61.08,$59.28,$57.49,$55.69,$53.90,$52.10,$50.30,$48.51,$46.71,$44.91,$43.12,$44.01,$44.91,$45.81,$46.71,$47.61,$48.51,$49.40,$50.30,$51.20,$52.10,$53.00,$53.90,$55.69,$57.49,$59.28,$61.08,$62.88,$91.62,$94.32,$97.01,$99.71,$45.27,$73.30,$107.79,$157.37,$172.46,$156.30
G.Skill Trident Z5 Neo RGB 64 GB,DDR5-6000,2 x 32GB,9.333 ns,28,$15.00,Black,5.0,3,,,,,,,,,,,,,,,,,,,,,,,,,,,,,,,,,,,,,,,,,,,,,,,"$2,399.97","$2,399.97","$2,319.98","$2,239.98","$2,159.98","$2,079.98","$1,999.98","$1,919.98","$1,839.98","$1,759.98","$1,679.98","$1,599.98","$1,519.98","$1,439.99","$1,383.99","$1,327.99","$1,271.99","$1,215.99","$1,159.99","$1,103.99","$1,047.99",$991.99,$935.99,$879.99,$823.99,$767.99,$743.99,$719.99,$695.99,$671.99,$647.99,$623.99,$599.99,$575.99,$551.99,$527.99,$503.99,$480.00,$495.99,$511.99,$527.99,$543.99,$559.99,$815.99,$839.99,$863.99,$887.99,$403.20,$652.79,$959.99,"$1,219.19","$1,142.39","$1,142.39"
G.Skill Trident Z5 RGB 32 GB,DDR5-6000,2 x 16GB,12 ns,36,$12.50,White / Black,0.0,0,,,,,,,,,,,,,,,,,,,,,,,,,,,,,,,,,,,,,,,,,,,,,,,$999.98,$999.98,$966.64,$933.31,$899.98,$866.64,$833.31,$799.98,$766.65,$733.32,$699.98,$666.65,$633.32,$599.99,$576.65,$553.32,$529.99,$506.65,$483.32,$459.99,$436.66,$413.32,$389.99,$366.66,$343.32,$319.99,$309.99,$299.99,$289.99,$279.99,$269.99,$259.99,$249.99,$239.99,$229.99,$219.99,$209.99,$200.00,$206.66,$213.33,$219.99,$226.66,$233.33,$339.99,$349.99,$359.99,$369.99,$168.00,$271.99,$399.99,$507.99,$475.99,$475.99
G.Skill Ripjaws V 128 GB,DDR4-3200,4 x 32GB,10 ns,16,$5.23,Black,5.0,1,$943.57,$949.15,$954.74,$960.32,$965.90,$971.49,$977.07,$982.65,$988.24,$993.82,$999.40,"$1,004.99",$837.49,$803.99,$770.49,$736.99,$703.49,$669.99,$636.49,$602.99,$569.49,$535.99,$502.49,$468.99,$407.58,$413.16,$418.74,$424.33,$429.91,$435.49,$441.08,$446.66,$452.24,$457.83,$463.41,$468.99,$480.16,$491.33,$502.49,$513.66,$524.83,$535.99,$547.16,$558.32,$569.49,$580.66,$591.82,$602.99,$586.24,$569.49,$552.74,$535.99,$519.24,$502.49,$485.74,$468.99,$452.24,$435.49,$418.74,$401.99,$390.83,$379.66,$368.49,$357.33,$346.16,$335.00,$323.83,$312.66,$301.50,$290.33,$279.16,$268.00,$273.58,$279.16,$284.75,$290.33,$295.91,$301.50,$307.08,$312.66,$318.25,$323.83,$329.41,$335.00,$346.16,$357.33,$368.49,$379.66,$390.83,$569.49,$586.24,$602.99,$619.74,$281.40,$455.59,$669.99,$978.19,"$1,071.98",$971.49
Corsair Vengeance RGB 96 GB,DDR5-6000,2 x 48GB,12 ns,36,$11.26,Gray,5.0,2,,,,,,,,,,,,,,,,,,,,,,,,,,,,,,,,,,,,,,,,,,,,,,,"$2,702.47","$2,702.47","$2,612.39","$2,522.31","$2,432.23","$2,342.14","$2,252.06","$2,161.98","$2,071.90","$1,981.82","$1,891.73","$1,801.65","$1,711.57","$1,621.49","$1,558.43","$1,495.37","$1,432.31","$1,369.25","$1,306.20","$1,243.14","$1,180.08","$1,117.02","$1,053.97",$990.91,$927.85,$864.79,$837.77,$810.74,$783.72,$756.69,$729.67,$702.64,$675.62,$648.59,$621.57,$594.54,$567.52,$540.50,$558.51,$576.53,$594.54,$612.56,$630.58,$918.84,$945.87,$972.89,$999.92,$454.02,$735.07,"$1,080.99","$1,372.86","$1,286.38","$1,286.38"
Patriot Signature Premium 16 GB,DDR4-2666,2 x 8GB,14.254 ns,19,$6.56,Black,4.0,3,$147.86,$148.74,$149.61,$150.49,$151.36,$152.24,$153.11,$153.99,$154.86,$155.74,$156.61,$157.48,$131.24,$125.99,$120.74,$115.49,$110.24,$104.99,$99.74,$94.49,$89.24,$83.99,$78.74,$73.49,$63.87,$64.74,$65.62,$66.49,$67.37,$68.24,$69.12,$69.99,$70.87,$71.74,$72.62,$73.49,$75.24,$76.99,$78.74,$80.49,$82.24,$83.99,$85.74,$87.49,$89.24,$90.99,$92.74,$94.49,$91.87,$89.24,$86.62,$83.99,$81.37,$78.74,$76.12,$73.49,$70.87,$68.24,$65.62,$62.99,$61.24,$59.49,$57.74,$55.99,$54.24,$52.49,$50.75,$49.00,$47.25,$45.50,$43.75,$42.00,$42.87,$43.75,$44.62,$45.50,$46.37,$47.25,$48.12,$49.00,$49.87,$50.75,$51.62,$52.49,$54.24,$55.99,$57.74,$59.49,$61.24,$89.24,$91.87,$94.49,$97.12,$44.10,$71.39,$104.99,$153.29,$167.98,$152.24
Corsair Vengeance RGB 32 GB,DDR5-6400,2 x 16GB,11.25 ns,36,$12.75,White / Black,4.0,3,,,,,,,,,,,,,,,,,,,,,,,,,,,,,,,,,,,,,,,,,,,,,,,"$1,019.98","$1,019.98",$985.98,$951.98,$917.98,$883.98,$849.98,$815.98,$781.98,$747.98,$713.98,$679.98,$645.98,$611.99,$588.19,$564.39,$540.59,$516.79,$492.99,$469.19,$445.39,$421.59,$397.79,$373.99,$350.19,$326.39,$316.19,$305.99,$295.79,$285.59,$275.39,$265.19,$254.99,$244.79,$234.59,$224.39,$214.19,$204.00,$210.79,$217.59,$224.39,$231.19,$237.99,$346.79,$356.99,$367.19,$377.39,$171.36,$277.43,$407.99,$518.15,$485.51,$439.99
PNY XLR8 16 GB,DDR4-3600,2 x 8GB,10 ns,18,,Black,0.0,0,$284.41,$286.10,$287.78,$289.46,$291.14,$292.83,$294.51,$296.19,$297.88,$299.56,$301.24,$302.92,$252.44,$242.34,$232.24,$222.15,$212.05,$201.95,$191.85,$181.76,$171.66,$161.56,$151.46,$141.37,$122.85,$124.54,$126.22,$127.90,$129.58,$131.27,$132.95,$134.63,$136.32,$138.00,$139.68,$141.36,$144.73,$148.10,$151.46,$154.83,$158.19,$161.56,$164.93,$168.29,$171.66,$175.02,$178.39,$181.75,$176.71,$171.66,$166.61,$161.56,$156.51,$151.46,$146.41,$141.37,$136.32,$131.27,$126.22,$121.17,$117.80,$114.44,$111.07,$107.71,$104.34,$100.97,$97.61,$94.24,$90.88,$87.51,$84.15,$80.78,$82.46,$84.15,$85.83,$87.51,$89.19,$90.88,$92.56,$94.24,$95.93,$97.61,$99.29,$100.97,$104.34,$107.71,$111.07,$114.44,$117.80,$171.66,$176.71,$181.75,$186.80,$84.82,$137.33,$201.95,$294.85,$323.12,$292.83
G.Skill Ripjaws V 16 GB,DDR4-3200,1 x 16GB,10 ns,16,$6.75,Black,4.5,20,$152.09,$152.99,$153.89,$154.79,$155.69,$156.59,$157.49,$158.39,$159.29,$160.19,$161.09,$161.98,$134.99,$129.59,$124.19,$118.79,$113.39,$107.99,$102.59,$97.19,$91.79,$86.39,$80.99,$75.59,$65.69,$66.59,$67.49,$68.39,$69.29,$70.19,$71.09,$71.99,$72.89,$73.79,$74.69,$75.59,$77.39,$79.19,$80.99,$82.79,$84.59,$86.39,$88.19,$89.99,$91.79,$93.59,$95.39,$97.19,$94.49,$91.79,$89.09,$86.39,$83.69,$80.99,$78.29,$75.59,$72.89,$70.19,$67.49,$64.79,$62.99,$61.19,$59.39,$57.59,$55.79,$53.99,$52.20,$50.40,$48.60,$46.80,$45.00,$43.20,$44.10,$45.00,$45.90,$46.80,$47.70,$48.60,$49.50,$50.40,$51.30,$52.20,$53.10,$53.99,$55.79,$57.59,$59.39,$61.19,$62.99,$91.79,$94.49,$97.19,$99.89,$45.36,$73.43,$107.99,$157.67,$172.78,$129.99
G.Skill Trident Z5 RGB 64 GB,DDR5-6000,2 x 32GB,9.333 ns,28,$25.90,Black,0.0,0,,,,,,,,,,,,,,,,,,,,,,,,,,,,,,,,,,,,,,,,,,,,,,,"$4,143.82","$4,143.82","$4,005.70","$3,867.57","$3,729.44","$3,591.31","$3,453.19","$3,315.06","$3,176.93","$3,038.81","$2,900.68","$2,762.55","$2,624.42","$2,486.30","$2,389.61","$2,292.92","$2,196.23","$2,099.54","$2,002.85","$1,906.16","$1,809.47","$1,712.78","$1,616.09","$1,519.40","$1,422.71","$1,326.02","$1,284.59","$1,243.15","$1,201.71","$1,160.27","$1,118.83","$1,077.39","$1,035.96",$994.52,$953.08,$911.64,$870.20,$828.76,$856.39,$884.02,$911.64,$939.27,$966.89,"$1,408.90","$1,450.34","$1,491.78","$1,533.22",$696.16,"$1,127.12","$1,657.53","$2,105.06","$1,972.46","$1,972.46"
Crucial CT16G4DFRA32A 16 GB,DDR4-3200,1 x 16GB,13.75 ns,22,$5.75,Green,3.0,1,$129.55,$130.32,$131.09,$131.85,$132.62,$133.39,$134.15,$134.92,$135.69,$136.45,$137.22,$137.98,$114.99,$110.39,$105.79,$101.19,$96.59,$91.99,$87.39,$82.79,$78.19,$73.59,$68.99,$64.39,$55.96,$56.73,$57.49,$58.26,$59.03,$59.79,$60.56,$61.33,$62.09,$62.86,$63.63,$64.39,$65.93,$67.46,$68.99,$70.53,$72.06,$73.59,$75.13,$76.66,$78.19,$79.72,$81.26,$82.79,$80.49,$78.19,$75.89,$73.59,$71.29,$68.99,$66.69,$64.39,$62.09,$59.79,$57.49,$55.19,$53.66,$52.13,$50.59,$49.06,$47.53,$45.99,$44.46,$42.93,$41.40,$39.86,$38.33,$36.80,$37.56,$38.33,$39.10,$39.86,$40.63,$41.40,$42.16,$42.93,$43.70,$44.46,$45.23,$45.99,$47.53,$49.06,$50.59,$52.13,$53.66,$78.19,$80.49,$82.79,$85.09,$38.64,$62.55,$91.99,$134.31,$147.18,$133.39
Corsair Vengeance RGB 64 GB,DDR5-6000,2 x 32GB,10 ns,30,$13.75,Black,4.5,5,,,,,,,,,,,,,,,,,,,,,,,,,,,,,,,,,,,,,,,,,,,,,,,"$2,199.97","$2,199.97","$2,126.64","$2,053.31","$1,979.98","$1,906.64","$1,833.31","$1,759.98","$1,686.65","$1,613.32","$1,539.98","$1,466.65","$1,393.32","$1,319.99","$1,268.65","$1,217.32","$1,165.99","$1,114.65","$1,063.32","$1,011.99",$960.66,$909.32,$857.99,$806.66,$755.32,$703.99,$681.99,$659.99,$637.99,$615.99,$593.99,$571.99,$549.99,$527.99,$505.99,$483.99,$461.99,$440.00,$454.66,$469.33,$483.99,$498.66,$513.33,$747.99,$769.99,$791.99,$813.99,$369.60,$598.39,$879.99,"$1,117.59","$1,047.19","$1,047.19"
Kingston FURY Beast RGB 64 GB,DDR5-6000,2 x 32GB,12 ns,36,$10.78,Black,4.0,4,,,,,,,,,,,,,,,,,,,,,,,,,,,,,,,,,,,,,,,,,,,,,,,"$1,724.97","$1,724.97","$1,667.48","$1,609.98","$1,552.48","$1,494.98","$1,437.48","$1,379.98","$1,322.48","$1,264.98","$1,207.48","$1,149.98","$1,092.48","$1,034.99",$994.74,$954.49,$914.24,$873.99,$833.74,$793.49,$753.24,$712.99,$672.74,$632.49,$592.24,$551.99,$534.74,$517.49,$500.24,$482.99,$465.74,$448.49,$431.24,$413.99,$396.74,$379.49,$362.24,$345.00,$356.49,$367.99,$379.49,$390.99,$402.49,$586.49,$603.74,$620.99,$638.24,$289.80,$469.19,$689.99,$876.29,$821.09,$821.09
Crucial CT16G56C46S5 16 GB,DDR5-5600,1 x 16GB,16.429 ns,46,$9.06,Black,0.0,0,,,,,,,,,,,,,,,,,,,,,,,,,,,,,,,,,,,,,,,,,,,,,,,$362.48,$362.48,$350.39,$338.31,$326.23,$314.14,$302.06,$289.98,$277.90,$265.82,$253.73,$241.65,$229.57,$217.49,$209.03,$200.57,$192.11,$183.65,$175.20,$166.74,$158.28,$149.82,$141.37,$132.91,$124.45,$115.99,$112.37,$108.74,$105.12,$101.49,$97.87,$94.24,$90.62,$86.99,$83.37,$79.74,$76.12,$72.50,$74.91,$77.33,$79.74,$82.16,$84.58,$123.24,$126.87,$130.49,$134.12,$60.90,$98.59,$144.99,$184.14,$172.54,$172.54
Corsair Vengeance 64 GB,DDR5-5600,2 x 32GB,14.286 ns,40,$11.72,Black,5.0,1,,,,,,,,,,,,,,,,,,,,,,,,,,,,,,,,,,,,,,,,,,,,,,,"$1,874.97","$1,874.97","$1,812.48","$1,749.98","$1,687.48","$1,624.98","$1,562.48","$1,499.98","$1,437.48","$1,374.98","$1,312.48","$1,249.98","$1,187.48","$1,124.99","$1,081.24","$1,037.49",$993.74,$949.99,$906.24,$862.49,$818.74,$774.99,$731.24,$687.49,$643.74,$599.99,$581.24,$562.49,$543.74,$524.99,$506.24,$487.49,$468.74,$449.99,$431.24,$412.49,$393.74,$375.00,$387.49,$399.99,$412.49,$424.99,$437.49,$637.49,$656.24,$674.99,$693.74,$315.00,$509.99,$749.99,$952.49,$892.49,$892.49
G.Skill Ripjaws S5 32 GB,DDR5-6000,2 x 16GB,10 ns,30,$12.71,Black,5.0,3,,,,,,,,,,,,,,,,,,,,,,,,,,,,,,,,,,,,,,,,,,,,,,,"$1,016.53","$1,016.53",$982.64,$948.76,$914.87,$880.99,$847.10,$813.22,$779.34,$745.45,$711.57,$677.68,$643.80,$609.91,$586.20,$562.48,$538.76,$515.04,$491.32,$467.60,$443.88,$420.16,$396.44,$372.73,$349.01,$325.29,$315.12,$304.96,$294.79,$284.63,$274.46,$264.30,$254.13,$243.97,$233.80,$223.64,$213.47,$203.31,$210.08,$216.86,$223.64,$230.41,$237.19,$345.62,$355.78,$365.95,$376.11,$170.78,$276.49,$406.61,$516.39,$483.87,$483.87
Crucial CT16G4DFD824A 16 GB,DDR4-2400,1 x 16GB,14.167 ns,17,$5.56,Green / Black,5.0,1,$125.34,$126.08,$126.82,$127.57,$128.31,$129.05,$129.79,$130.53,$131.27,$132.02,$132.76,$133.50,$111.25,$106.80,$102.35,$97.90,$93.45,$89.00,$84.55,$80.10,$75.65,$71.20,$66.75,$62.30,$54.14,$54.88,$55.62,$56.37,$57.11,$57.85,$58.59,$59.33,$60.08,$60.82,$61.56,$62.30,$63.78,$65.27,$66.75,$68.23,$69.72,$71.20,$72.68,$74.17,$75.65,$77.13,$78.62,$80.10,$77.88,$75.65,$73.43,$71.20,$68.98,$66.75,$64.52,$62.30,$60.08,$57.85,$55.62,$53.40,$51.92,$50.43,$48.95,$47.47,$45.98,$44.50,$43.02,$41.53,$40.05,$38.57,$37.08,$35.60,$36.34,$37.08,$37.83,$38.57,$39.31,$40.05,$40.79,$41.53,$42.28,$43.02,$43.76,$44.50,$45.98,$47.47,$48.95,$50.43,$51.92,$75.65,$77.88,$80.10,$82.32,$37.38,$60.52,$89.00,$129.94,$142.40,$129.05
G.Skill Trident Z5 RGB 32 GB,DDR5-6400,2 x 16GB,10 ns,32,$15.00,White / Black,5.0,9,,,,,,,,,,,,,,,,,,,,,,,,,,,,,,,,,,,,,,,,,,,,,,,"$1,199.97","$1,199.97","$1,159.98","$1,119.98","$1,079.98","$1,039.98",$999.98,$959.98,$919.98,$879.98,$839.98,$799.98,$759.98,$719.99,$691.99,$663.99,$635.99,$607.99,$579.99,$551.99,$523.99,$495.99,$467.99,$439.99,$411.99,$383.99,$371.99,$359.99,$347.99,$335.99,$323.99,$311.99,$299.99,$287.99,$275.99,$263.99,$251.99,$240.00,$247.99,$255.99,$263.99,$271.99,$279.99,$407.99,$419.99,$431.99,$443.99,$201.60,$326.39,$479.99,$609.59,$571.19,$571.19
Corsair Vengeance RGB 48 GB,DDR5-6000,2 x 24GB,12 ns,36,$11.29,Black / Silver,5.0,1,,,,,,,,,,,,,,,,,,,,,,,,,,,,,,,,,,,,,,,,,,,,,,,"$1,354.97","$1,354.97","$1,309.81","$1,264.64","$1,219.48","$1,174.31","$1,129.15","$1,083.98","$1,038.81",$993.65,$948.48,$903.32,$858.15,$812.99,$781.37,$749.75,$718.14,$686.52,$654.90,$623.29,$591.67,$560.06,$528.44,$496.82,$465.21,$433.59,$420.04,$406.49,$392.94,$379.39,$365.84,$352.29,$338.74,$325.19,$311.64,$298.09,$284.54,$271.00,$280.03,$289.06,$298.09,$307.13,$316.16,$460.69,$474.24,$487.79,$501.34,$227.64,$368.55,$541.99,$688.33,$644.97,$644.97
Corsair Vengeance LPX 8 GB,DDR4-3200,1 x 8GB,10 ns,16,$8.50,Black,4.0,1,$95.74,$96.30,$96.87,$97.44,$98.00,$98.57,$99.14,$99.70,$100.27,$100.84,$101.40,$101.97,$84.98,$81.58,$78.18,$74.78,$71.38,$67.98,$64.58,$61.18,$57.78,$54.38,$50.99,$47.59,$41.35,$41.92,$42.49,$43.05,$43.62,$44.19,$44.75,$45.32,$45.89,$46.45,$47.02,$47.59,$48.72,$49.85,$50.98,$52.12,$53.25,$54.38,$55.52,$56.65,$57.78,$58.92,$60.05,$61.18,$59.48,$57.78,$56.08,$54.38,$52.68,$50.98,$49.29,$47.59,$45.89,$44.19,$42.49,$40.79,$39.65,$38.52,$37.39,$36.26,$35.12,$33.99,$32.86,$31.72,$30.59,$29.46,$28.32,$27.19,$27.76,$28.33,$28.89,$29.46,$30.02,$30.59,$31.16,$31.72,$32.29,$32.86,$33.42,$33.99,$35.12,$36.26,$37.39,$38.52,$39.66,$57.78,$59.48,$61.18,$62.88,$28.55,$46.23,$67.98,$99.25,$108.77,$98.57
Corsair Dominator Titanium 64 GB,DDR5-6400,2 x 32GB,10 ns,32,$14.92,Black,0.0,0,,,,,,,,,,,,,,,,,,,,,,,,,,,,,,,,,,,,,,,,,,,,,,,"$2,387.47","$2,387.47","$2,307.89","$2,228.31","$2,148.73","$2,069.14","$1,989.56","$1,909.98","$1,830.40","$1,750.82","$1,671.23","$1,591.65","$1,512.07","$1,432.49","$1,376.78","$1,321.07","$1,265.36","$1,209.65","$1,153.95","$1,098.24","$1,042.53",$986.82,$931.12,$875.41,$819.70,$763.99,$740.12,$716.24,$692.37,$668.49,$644.62,$620.74,$596.87,$572.99,$549.12,$525.24,$501.37,$477.50,$493.41,$509.33,$525.24,$541.16,$557.08,$811.74,$835.62,$859.49,$883.37,$401.10,$649.39,$954.99,"$1,212.84","$1,136.44","$1,136.44"
G.Skill Flare X5 32 GB,DDR5-6000,2 x 16GB,9.333 ns,28,$15.63,White,5.0,1,,,,,,,,,,,,,,,,,,,,,,,,,,,,,,,,,,,,,,,,,,,,,,,"$1,249.97","$1,249.97","$1,208.31","$1,166.64","$1,124.98","$1,083.31","$1,041.65",$999.98,$958.31,$916.65,$874.98,$833.32,$791.65,$749.99,$720.82,$691.65,$662.49,$633.32,$604.15,$574.99,$545.82,$516.66,$487.49,$458.32,$429.16,$399.99,$387.49,$374.99,$362.49,$349.99,$337.49,$324.99,$312.49,$299.99,$287.49,$274.99,$262.49,$250.00,$258.33,$266.66,$274.99,$283.33,$291.66,$424.99,$437.49,$449.99,$462.49,$210.00,$339.99,$499.99,$634.99,$594.99,$449.99
TEAMGROUP T-Create Expert 48 GB,DDR5-6400,2 x 24GB,10 ns,32,,Black / Gold,5.0,1,,,,,,,,,,,,,,,,,,,,,,,,,,,,,,,,,,,,,,,,,,,,,,,"$1,142.25","$1,142.25","$1,104.17","$1,066.10","$1,028.02",$989.95,$951.88,$913.80,$875.72,$837.65,$799.57,$761.50,$723.43,$685.35,$658.70,$632.04,$605.39,$578.74,$552.09,$525.43,$498.78,$472.13,$445.48,$418.82,$392.17,$365.52,$354.10,$342.67,$331.25,$319.83,$308.41,$296.99,$285.56,$274.14,$262.72,$251.30,$239.87,$228.45,$236.06,$243.68,$251.30,$258.91,$266.52,$388.36,$399.79,$411.21,$422.63,$191.90,$310.69,$456.90,$580.26,$543.71,$543.71
Kingston ValueRAM 8 GB,DDR4-2133,1 x 8GB,14.065 ns,15,$2.50,Black / Green,0.0,0,$28.14,$28.30,$28.47,$28.64,$28.80,$28.97,$29.14,$29.30,$29.47,$29.64,$29.80,$29.97,$24.98,$23.98,$22.98,$21.98,$20.98,$19.98,$18.98,$17.98,$16.98,$15.98,$14.99,$13.99,$12.15,$12.32,$12.49,$12.65,$12.82,$12.99,$13.15,$13.32,$13.49,$13.65,$13.82,$13.99,$14.32,$14.65,$14.98,$15.32,$15.65,$15.98,$16.32,$16.65,$16.98,$17.32,$17.65,$17.98,$17.48,$16.98,$16.48,$15.98,$15.48,$14.98,$14.49,$13.99,$13.49,$12.99,$12.49,$11.99,$11.65,$11.32,$10.99,$10.66,$10.32,$9.99,$9.66,$9.32,$8.99,$8.66,$8.32,$7.99,$8.16,$8.33,$8.49,$8.66,$8.82,$8.99,$9.16,$9.32,$9.49,$9.66,$9.82,$9.99,$10.32,$10.66,$10.99,$11.32,$11.66,$16.98,$17.48,$17.98,$18.48,$8.39,$13.59,$19.98,$29.17,$31.97,$28.97
Crucial CT8G4DFD8213 8 GB,DDR4-2133,1 x 8GB,14.065 ns,15,$8.37,Black / Green,4.5,15,$94.33,$94.89,$95.45,$96.00,$96.56,$97.12,$97.68,$98.24,$98.80,$99.35,$99.91,$100.47,$83.73,$80.38,$77.03,$73.68,$70.33,$66.98,$63.63,$60.28,$56.93,$53.58,$50.24,$46.89,$40.75,$41.30,$41.86,$42.42,$42.98,$43.54,$44.10,$44.65,$45.21,$45.77,$46.33,$46.89,$48.00,$49.12,$50.23,$51.35,$52.47,$53.58,$54.70,$55.82,$56.93,$58.05,$59.17,$60.28,$58.61,$56.93,$55.26,$53.58,$51.91,$50.23,$48.56,$46.89,$45.21,$43.54,$41.86,$40.19,$39.07,$37.96,$36.84,$35.72,$34.61,$33.49,$32.37,$31.26,$30.14,$29.02,$27.91,$26.79,$27.35,$27.91,$28.47,$29.02,$29.58,$30.14,$30.70,$31.26,$31.82,$32.37,$32.93,$33.49,$34.61,$35.72,$36.84,$37.96,$39.07,$56.93,$58.61,$60.28,$61.96,$28.13,$45.55,$66.98,$97.79,$107.17,$97.12
G.Skill Trident Z5 RGB 48 GB,DDR5-8000,2 x 24GB,10 ns,40,$10.94,Black,5.0,2,,,,,,,,,,,,,,,,,,,,,,,,,,,,,,,,,,,,,,,,,,,,,,,"$1,312.47","$1,312.47","$1,268.73","$1,224.98","$1,181.23","$1,137.48","$1,093.73","$1,049.98","$1,006.23",$962.48,$918.73,$874.98,$831.23,$787.49,$756.86,$726.24,$695.61,$664.99,$634.36,$603.74,$573.11,$542.49,$511.87,$481.24,$450.62,$419.99,$406.87,$393.74,$380.62,$367.49,$354.37,$341.24,$328.12,$314.99,$301.87,$288.74,$275.62,$262.50,$271.24,$279.99,$288.74,$297.49,$306.24,$446.24,$459.37,$472.49,$485.62,$220.50,$356.99,$524.99,$666.74,$624.74,$624.74
Corsair Dominator Platinum RGB 32 GB,DDR5-5200,2 x 16GB,15.385 ns,40,$13.31,Black / Silver,5.0,3,,,,,,,,,,,,,,,,,,,,,,,,,,,,,,,,,,,,,,,,,,,,,,,"$1,064.97","$1,064.97","$1,029.48",$993.98,$958.48,$922.98,$887.48,$851.98,$816.48,$780.98,$745.48,$709.98,$674.48,$638.99,$614.14,$589.29,$564.44,$539.59,$514.74,$489.89,$465.04,$440.19,$415.34,$390.49,$365.64,$340.79,$330.14,$319.49,$308.84,$298.19,$287.54,$276.89,$266.24,$255.59,$244.94,$234.29,$223.64,$213.00,$220.09,$227.19,$234.29,$241.39,$248.49,$362.09,$372.74,$383.39,$394.04,$178.92,$289.67,$425.99,$541.01,$506.93,$506.93
TEAMGROUP T-Create Expert 32 GB,DDR4-3200,2 x 16GB,10 ns,16,$7.19,Gray,5.0,7,$323.90,$325.82,$327.74,$329.65,$331.57,$333.49,$335.40,$337.32,$339.24,$341.15,$343.07,$344.99,$287.49,$275.99,$264.49,$252.99,$241.49,$229.99,$218.49,$206.99,$195.49,$183.99,$172.49,$160.99,$139.91,$141.83,$143.74,$145.66,$147.58,$149.49,$151.41,$153.33,$155.24,$157.16,$159.08,$160.99,$164.83,$168.66,$172.49,$176.33,$180.16,$183.99,$187.83,$191.66,$195.49,$199.32,$203.16,$206.99,$201.24,$195.49,$189.74,$183.99,$178.24,$172.49,$166.74,$160.99,$155.24,$149.49,$143.74,$137.99,$134.16,$130.33,$126.49,$122.66,$118.83,$115.00,$111.16,$107.33,$103.50,$99.66,$95.83,$92.00,$93.91,$95.83,$97.75,$99.66,$101.58,$103.50,$105.41,$107.33,$109.25,$111.16,$113.08,$115.00,$118.83,$122.66,$126.49,$130.33,$134.16,$195.49,$201.24,$206.99,$212.74,$96.60,$156.39,$229.99,$335.79,$367.98,$333.49
Patriot Viper Venom RGB 32 GB,DDR5-6000,2 x 16GB,12 ns,36,$10.94,Black / White,0.0,0,,,,,,,,,,,,,,,,,,,,,,,,,,,,,,,,,,,,,,,,,,,,,,,$874.98,$874.98,$845.81,$816.64,$787.48,$758.31,$729.15,$699.98,$670.81,$641.65,$612.48,$583.32,$554.15,$524.99,$504.57,$484.15,$463.74,$443.32,$422.90,$402.49,$382.07,$361.66,$341.24,$320.82,$300.41,$279.99,$271.24,$262.49,$253.74,$244.99,$236.24,$227.49,$218.74,$209.99,$201.24,$192.49,$183.74,$175.00,$180.83,$186.66,$192.49,$198.33,$204.16,$297.49,$306.24,$314.99,$323.74,$147.00,$237.99,$349.99,$444.49,$416.49,$416.49
Corsair Vengeance RGB 32 GB,DDR5-6000,2 x 16GB,12 ns,36,$12.75,Black / Gray,5.0,3,,,,,,,,,,,,,,,,,,,,,,,,,,,,,,,,,,,,,,,,,,,,,,,"$1,019.98","$1,019.98",$985.98,$951.98,$917.98,$883.98,$849.98,$815.98,$781.98,$747.98,$713.98,$679.98,$645.98,$611.99,$588.19,$564.39,$540.59,$516.79,$492.99,$469.19,$445.39,$421.59,$397.79,$373.99,$350.19,$326.39,$316.19,$305.99,$295.79,$285.59,$275.39,$265.19,$254.99,$244.79,$234.59,$224.39,$214.19,$204.00,$210.79,$217.59,$224.39,$231.19,$237.99,$346.79,$356.99,$367.19,$377.39,$171.36,$277.43,$407.99,$518.15,$485.51,$439.99
Corsair Vengeance 64 GB,DDR5-6000,4 x 16GB,12 ns,36,$13.38,Black,0.0,0,,,,,,,,,,,,,,,,,,,,,,,,,,,,,,,,,,,,,,,,,,,,,,,"$2,139.97","$2,139.97","$2,068.64","$1,997.31","$1,925.98","$1,854.64","$1,783.31","$1,711.98","$1,640.65","$1,569.32","$1,497.98","$1,426.65","$1,355.32","$1,283.99","$1,234.05","$1,184.12","$1,134.19","$1,084.25","$1,034.32",$984.39,$934.46,$884.52,$834.59,$784.66,$734.72,$684.79,$663.39,$641.99,$620.59,$599.19,$577.79,$556.39,$534.99,$513.59,$492.19,$470.79,$449.39,$428.00,$442.26,$456.53,$470.79,$485.06,$499.33,$727.59,$748.99,$770.39,$791.79,$359.52,$582.07,$855.99,"$1,087.11","$1,018.63","$1,018.63"
Crucial Pro 48 GB,DDR5-6000,2 x 24GB,16 ns,48,$9.38,Black,3.0,1,,,,,,,,,,,,,,,,,,,,,,,,,,,,,,,,,,,,,,,,,,,,,,,"$1,124.97","$1,124.97","$1,087.48","$1,049.98","$1,012.48",$974.98,$937.48,$899.98,$862.48,$824.98,$787.48,$749.98,$712.48,$674.99,$648.74,$622.49,$596.24,$569.99,$543.74,$517.49,$491.24,$464.99,$438.74,$412.49,$386.24,$359.99,$348.74,$337.49,$326.24,$314.99,$303.74,$292.49,$281.24,$269.99,$258.74,$247.49,$236.24,$225.00,$232.49,$239.99,$247.49,$254.99,$262.49,$382.49,$393.74,$404.99,$416.24,$189.00,$305.99,$449.99,$571.49,$535.49,$535.49
Corsair Vengeance RGB Pro 16 GB,DDR4-3600,2 x 8GB,10 ns,18,$7.94,White,4.5,32,$178.84,$179.90,$180.96,$182.02,$183.08,$184.14,$185.19,$186.25,$187.31,$188.37,$189.43,$190.48,$158.74,$152.39,$146.04,$139.69,$133.34,$126.99,$120.64,$114.29,$107.94,$101.59,$95.24,$88.89,$77.25,$78.31,$79.37,$80.43,$81.49,$82.54,$83.60,$84.66,$85.72,$86.78,$87.83,$88.89,$91.01,$93.13,$95.24,$97.36,$99.48,$101.59,$103.71,$105.82,$107.94,$110.06,$112.17,$114.29,$111.12,$107.94,$104.77,$101.59,$98.42,$95.24,$92.07,$88.89,$85.72,$82.54,$79.37,$76.19,$74.08,$71.96,$69.84,$67.73,$65.61,$63.49,$61.38,$59.26,$57.15,$55.03,$52.91,$50.80,$51.85,$52.91,$53.97,$55.03,$56.09,$57.15,$58.20,$59.26,$60.32,$61.38,$62.44,$63.49,$65.61,$67.73,$69.84,$71.96,$74.08,$107.94,$111.12,$114.29,$117.47,$53.34,$86.35,$126.99,$185.41,$203.18,$184.14
Corsair Vengeance RGB Pro 64 GB,DDR4-3200,4 x 16GB,10 ns,16,$5.91,Black,5.0,1,$532.34,$535.49,$538.64,$541.79,$544.94,$548.09,$551.24,$554.39,$557.54,$560.69,$563.84,$566.99,$472.49,$453.59,$434.69,$415.79,$396.89,$377.99,$359.09,$340.19,$321.29,$302.39,$283.49,$264.59,$229.94,$233.09,$236.24,$239.39,$242.54,$245.69,$248.84,$251.99,$255.14,$258.29,$261.44,$264.59,$270.89,$277.19,$283.49,$289.79,$296.09,$302.39,$308.69,$314.99,$321.29,$327.59,$333.89,$340.19,$330.74,$321.29,$311.84,$302.39,$292.94,$283.49,$274.04,$264.59,$255.14,$245.69,$236.24,$226.79,$220.49,$214.19,$207.89,$201.59,$195.29,$189.00,$182.70,$176.40,$170.10,$163.80,$157.50,$151.20,$154.35,$157.50,$160.65,$163.80,$166.95,$170.10,$173.25,$176.40,$179.55,$182.70,$185.85,$189.00,$195.29,$201.59,$207.89,$214.19,$220.49,$321.29,$330.74,$340.19,$349.64,$158.76,$257.03,$377.99,$551.87,$604.78,$548.09
Corsair Vengeance 32 GB,DDR5-6400,2 x 16GB,10 ns,32,$13.63,Black,4.5,8,,,,,,,,,,,,,,,,,,,,,,,,,,,,,,,,,,,,,,,,,,,,,,,"$1,089.97","$1,089.97","$1,053.64","$1,017.31",$980.98,$944.64,$908.31,$871.98,$835.65,$799.32,$762.98,$726.65,$690.32,$653.99,$628.55,$603.12,$577.69,$552.25,$526.82,$501.39,$475.96,$450.52,$425.09,$399.66,$374.22,$348.79,$337.89,$326.99,$316.09,$305.19,$294.29,$283.39,$272.49,$261.59,$250.69,$239.79,$228.89,$218.00,$225.26,$232.53,$239.79,$247.06,$254.33,$370.59,$381.49,$392.39,$403.29,$183.12,$296.47,$435.99,$553.71,$518.83,$518.83
Corsair Vengeance RGB 64 GB,DDR5-6000,4 x 16GB,12 ns,36,$13.66,Black,0.0,0,,,,,,,,,,,,,,,,,,,,,,,,,,,,,,,,,,,,,,,,,,,,,,,"$2,184.97","$2,184.97","$2,112.14","$2,039.31","$1,966.48","$1,893.64","$1,820.81","$1,747.98","$1,675.15","$1,602.32","$1,529.48","$1,456.65","$1,383.82","$1,310.99","$1,260.00","$1,209.02","$1,158.04","$1,107.05","$1,056.07","$1,005.09",$954.11,$903.12,$852.14,$801.16,$750.17,$699.19,$677.34,$655.49,$633.64,$611.79,$589.94,$568.09,$546.24,$524.39,$502.54,$480.69,$458.84,$437.00,$451.56,$466.13,$480.69,$495.26,$509.83,$742.89,$764.74,$786.59,$808.44,$367.08,$594.31,$873.99,"$1,109.97","$1,040.05","$1,040.05"
Crucial CT2K8G4DFS8266 16 GB,DDR4-2666,2 x 8GB,14.254 ns,19,$5.56,Green,4.0,3,$125.34,$126.08,$126.82,$127.57,$128.31,$129.05,$129.79,$130.53,$131.27,$132.02,$132.76,$133.50,$111.25,$106.80,$102.35,$97.90,$93.45,$89.00,$84.55,$80.10,$75.65,$71.20,$66.75,$62.30,$54.14,$54.88,$55.62,$56.37,$57.11,$57.85,$58.59,$59.33,$60.08,$60.82,$61.56,$62.30,$63.78,$65.27,$66.75,$68.23,$69.72,$71.20,$72.68,$74.17,$75.65,$77.13,$78.62,$80.10,$77.88,$75.65,$73.43,$71.20,$68.98,$66.75,$64.52,$62.30,$60.08,$57.85,$55.62,$53.40,$51.92,$50.43,$48.95,$47.47,$45.98,$44.50,$43.02,$41.53,$40.05,$38.57,$37.08,$35.60,$36.34,$37.08,$37.83,$38.57,$39.31,$40.05,$40.79,$41.53,$42.28,$43.02,$43.76,$44.50,$45.98,$47.47,$48.95,$50.43,$51.92,$75.65,$77.88,$80.10,$82.32,$37.38,$60.52,$89.00,$129.94,$142.40,$129.05
Corsair Vengeance 32 GB,DDR5-5200,2 x 16GB,15.385 ns,40,$12.06,White,5.0,1,,,,,,,,,,,,,,,,,,,,,,,,,,,,,,,,,,,,,,,,,,,,,,,$964.98,$964.98,$932.81,$900.64,$868.48,$836.31,$804.15,$771.98,$739.81,$707.65,$675.48,$643.32,$611.15,$578.99,$556.47,$533.95,$511.44,$488.92,$466.40,$443.89,$421.37,$398.86,$376.34,$353.82,$331.31,$308.79,$299.14,$289.49,$279.84,$270.19,$260.54,$250.89,$241.24,$231.59,$221.94,$212.29,$202.64,$193.00,$199.43,$205.86,$212.29,$218.73,$225.16,$328.09,$337.74,$347.39,$357.04,$162.12,$262.47,$385.99,$490.21,$459.33,$459.33
Corsair Vengeance RGB Pro SL 16 GB,DDR4-3200,2 x 8GB,10 ns,16,$6.81,Black,4.5,13,$153.49,$154.40,$155.31,$156.22,$157.13,$158.04,$158.94,$159.85,$160.76,$161.67,$162.58,$163.48,$136.24,$130.79,$125.34,$119.89,$114.44,$108.99,$103.54,$98.09,$92.64,$87.19,$81.74,$76.29,$66.30,$67.21,$68.12,$69.03,$69.94,$70.84,$71.75,$72.66,$73.57,$74.48,$75.38,$76.29,$78.11,$79.93,$81.74,$83.56,$85.38,$87.19,$89.01,$90.82,$92.64,$94.46,$96.27,$98.09,$95.37,$92.64,$89.92,$87.19,$84.47,$81.74,$79.02,$76.29,$73.57,$70.84,$68.12,$65.39,$63.58,$61.76,$59.94,$58.13,$56.31,$54.49,$52.68,$50.86,$49.05,$47.23,$45.41,$43.60,$44.50,$45.41,$46.32,$47.23,$48.14,$49.05,$49.95,$50.86,$51.77,$52.68,$53.59,$54.49,$56.31,$58.13,$59.94,$61.76,$63.58,$92.64,$95.37,$98.09,$100.82,$45.78,$74.11,$108.99,$159.13,$174.38,$158.04
G.Skill Trident Z Royal 32 GB,DDR4-4000,2 x 16GB,9 ns,18,$7.81,Silver,4.5,4,$352.07,$354.15,$356.24,$358.32,$360.40,$362.49,$364.57,$366.65,$368.74,$370.82,$372.90,$374.99,$312.49,$299.99,$287.49,$274.99,$262.49,$249.99,$237.49,$224.99,$212.49,$199.99,$187.49,$174.99,$152.08,$154.16,$156.24,$158.33,$160.41,$162.49,$164.58,$166.66,$168.74,$170.83,$172.91,$174.99,$179.16,$183.33,$187.49,$191.66,$195.83,$199.99,$204.16,$208.32,$212.49,$216.66,$220.82,$224.99,$218.74,$212.49,$206.24,$199.99,$193.74,$187.49,$181.24,$174.99,$168.74,$162.49,$156.24,$149.99,$145.83,$141.66,$137.49,$133.33,$129.16,$125.00,$120.83,$116.66,$112.50,$108.33,$104.16,$100.00,$102.08,$104.16,$106.25,$108.33,$110.41,$112.50,$114.58,$116.66,$118.75,$120.83,$122.91,$125.00,$129.16,$133.33,$137.49,$141.66,$145.83,$212.49,$218.74,$224.99,$231.24,$105.00,$169.99,$249.99,$364.99,$399.98,$362.49
Corsair Dominator Titanium RGB 96 GB,DDR5-6000,2 x 48GB,10 ns,30,,Black,5.0,1,,,,,,,,,,,,,,,,,,,,,,,,,,,,,,,,,,,,,,,,,,,,,,,"$3,149.97","$3,149.97","$3,044.98","$2,939.98","$2,834.98","$2,729.98","$2,624.98","$2,519.98","$2,414.98","$2,309.98","$2,204.98","$2,099.98","$1,994.98","$1,889.99","$1,816.49","$1,742.99","$1,669.49","$1,595.99","$1,522.49","$1,448.99","$1,375.49","$1,301.99","$1,228.49","$1,154.99","$1,081.49","$1,007.99",$976.49,$944.99,$913.49,$881.99,$850.49,$818.99,$787.49,$755.99,$724.49,$692.99,$661.49,$630.00,$650.99,$671.99,$692.99,$713.99,$734.99,"$1,070.99","$1,102.49","$1,133.99","$1,165.49",$529.20,$856.79,"$1,259.99","$1,600.19","$1,499.39","$1,499.39"
G.Skill Ripjaws V 64 GB,DDR4-3200,4 x 16GB,10 ns,16,$6.25,Black,4.5,6,$563.32,$566.65,$569.99,$573.32,$576.65,$579.99,$583.32,$586.65,$589.99,$593.32,$596.65,$599.99,$499.99,$479.99,$459.99,$439.99,$419.99,$399.99,$379.99,$359.99,$339.99,$319.99,$299.99,$279.99,$243.33,$246.66,$249.99,$253.33,$256.66,$259.99,$263.33,$266.66,$269.99,$273.33,$276.66,$279.99,$286.66,$293.33,$299.99,$306.66,$313.33,$319.99,$326.66,$333.32,$339.99,$346.66,$353.32,$359.99,$349.99,$339.99,$329.99,$319.99,$309.99,$299.99,$289.99,$279.99,$269.99,$259.99,$249.99,$239.99,$233.33,$226.66,$219.99,$213.33,$206.66,$200.00,$193.33,$186.66,$180.00,$173.33,$166.66,$160.00,$163.33,$166.66,$170.00,$173.33,$176.66,$180.00,$183.33,$186.66,$190.00,$193.33,$196.66,$200.00,$206.66,$213.33,$219.99,$226.66,$233.33,$339.99,$349.99,$359.99,$369.99,$168.00,$271.99,$399.99,$583.99,$639.98,$579.99
Corsair Dominator Platinum RGB 32 GB,DDR5-6200,2 x 16GB,11.613 ns,36,$14.75,White,4.0,7,,,,,,,,,,,,,,,,,,,,,,,,,,,,,,,,,,,,,,,,,,,,,,,"$1,179.97","$1,179.97","$1,140.64","$1,101.31","$1,061.98","$1,022.64",$983.31,$943.98,$904.65,$865.32,$825.98,$786.65,$747.32,$707.99,$680.45,$652.92,$625.39,$597.85,$570.32,$542.79,$515.26,$487.72,$460.19,$432.66,$405.12,$377.59,$365.79,$353.99,$342.19,$330.39,$318.59,$306.79,$294.99,$283.19,$271.39,$259.59,$247.79,$236.00,$243.86,$251.73,$259.59,$267.46,$275.33,$401.19,$412.99,$424.79,$436.59,$198.24,$320.95,$471.99,$599.43,$561.67,$561.67
G.Skill Trident Z5 Royal 32 GB,DDR5-6400,2 x 16GB,10 ns,32,$15.00,Silver,5.0,1,,,,,,,,,,,,,,,,,,,,,,,,,,,,,,,,,,,,,,,,,,,,,,,"$1,199.97","$1,199.97","$1,159.98","$1,119.98","$1,079.98","$1,039.98",$999.98,$959.98,$919.98,$879.98,$839.98,$799.98,$759.98,$719.99,$691.99,$663.99,$635.99,$607.99,$579.99,$551.99,$523.99,$495.99,$467.99,$439.99,$411.99,$383.99,$371.99,$359.99,$347.99,$335.99,$323.99,$311.99,$299.99,$287.99,$275.99,$263.99,$251.99,$240.00,$247.99,$255.99,$263.99,$271.99,$279.99,$407.99,$419.99,$431.99,$443.99,$201.60,$326.39,$479.99,$609.59,$571.19,$571.19
G.Skill Trident Z5 RGB 64 GB,DDR5-6000,2 x 32GB,10 ns,30,$11.80,Black,5.0,7,,,,,,,,,,,,,,,,,,,,,,,,,,,,,,,,,,,,,,,,,,,,,,,"$1,887.47","$1,887.47","$1,824.56","$1,761.64","$1,698.73","$1,635.81","$1,572.90","$1,509.98","$1,447.06","$1,384.15","$1,321.23","$1,258.32","$1,195.40","$1,132.49","$1,088.44","$1,044.40","$1,000.36",$956.32,$912.28,$868.24,$824.20,$780.16,$736.12,$692.07,$648.03,$603.99,$585.12,$566.24,$547.37,$528.49,$509.62,$490.74,$471.87,$452.99,$434.12,$415.24,$396.37,$377.50,$390.08,$402.66,$415.24,$427.83,$440.41,$641.74,$660.62,$679.49,$698.37,$317.10,$513.39,$754.99,$958.84,$898.44,$898.44
Silicon Power XPOWER Zenith Gaming 64 GB,DDR5-6000,2 x 32GB,10 ns,30,$12.03,Black,5.0,4,,,,,,,,,,,,,,,,,,,,,,,,,,,,,,,,,,,,,,,,,,,,,,,"$1,925.00","$1,925.00","$1,860.83","$1,796.67","$1,732.50","$1,668.33","$1,604.17","$1,540.00","$1,475.83","$1,411.67","$1,347.50","$1,283.33","$1,219.17","$1,155.00","$1,110.08","$1,065.17","$1,020.25",$975.33,$930.42,$885.50,$840.58,$795.67,$750.75,$705.83,$660.92,$616.00,$596.75,$577.50,$558.25,$539.00,$519.75,$500.50,$481.25,$462.00,$442.75,$423.50,$404.25,$385.00,$397.83,$410.67,$423.50,$436.33,$449.17,$654.50,$673.75,$693.00,$712.25,$323.40,$523.60,$770.00,$977.90,$916.30,$916.30
Kingston FURY Beast 32 GB,DDR4-3200,2 x 16GB,10 ns,16,$7.49,Black,4.5,4,$337.68,$339.67,$341.67,$343.67,$345.67,$347.67,$349.66,$351.66,$353.66,$355.66,$357.66,$359.66,$299.71,$287.72,$275.74,$263.75,$251.76,$239.77,$227.78,$215.79,$203.80,$191.82,$179.83,$167.84,$145.86,$147.86,$149.86,$151.85,$153.85,$155.85,$157.85,$159.85,$161.84,$163.84,$165.84,$167.84,$171.84,$175.83,$179.83,$183.82,$187.82,$191.82,$195.81,$199.81,$203.80,$207.80,$211.80,$215.79,$209.80,$203.80,$197.81,$191.82,$185.82,$179.83,$173.83,$167.84,$161.84,$155.85,$149.86,$143.86,$139.87,$135.87,$131.87,$127.88,$123.88,$119.89,$115.89,$111.89,$107.90,$103.90,$99.90,$95.91,$97.91,$99.90,$101.90,$103.90,$105.90,$107.90,$109.89,$111.89,$113.89,$115.89,$117.89,$119.89,$123.88,$127.88,$131.87,$135.87,$139.87,$203.80,$209.80,$215.79,$221.79,$100.70,$163.04,$239.77,$350.06,$383.63,$347.67
Kingston FURY Beast 64 GB,DDR5-5600,2 x 32GB,12.857 ns,36,$15.70,Black,5.0,2,,,,,,,,,,,,,,,,,,,,,,,,,,,,,,,,,,,,,,,,,,,,,,,"$2,512.10","$2,512.10","$2,428.36","$2,344.63","$2,260.89","$2,177.15","$2,093.42","$2,009.68","$1,925.94","$1,842.21","$1,758.47","$1,674.73","$1,591.00","$1,507.26","$1,448.64","$1,390.03","$1,331.41","$1,272.80","$1,214.18","$1,155.57","$1,096.95","$1,038.33",$979.72,$921.10,$862.49,$803.87,$778.75,$753.63,$728.51,$703.39,$678.27,$653.15,$628.02,$602.90,$577.78,$552.66,$527.54,$502.42,$519.17,$535.91,$552.66,$569.41,$586.16,$854.11,$879.24,$904.36,$929.48,$422.03,$683.29,"$1,004.84","$1,276.15","$1,195.76","$1,195.76"
Timetec PINNACLE Konduit 32 GB,DDR4-3200,2 x 16GB,10 ns,16,$6.56,White,5.0,1,$295.74,$297.49,$299.24,$300.99,$302.74,$304.49,$306.24,$307.99,$309.74,$311.49,$313.24,$314.99,$262.49,$251.99,$241.49,$230.99,$220.49,$209.99,$199.49,$188.99,$178.49,$167.99,$157.49,$146.99,$127.74,$129.49,$131.24,$132.99,$134.74,$136.49,$138.24,$139.99,$141.74,$143.49,$145.24,$146.99,$150.49,$153.99,$157.49,$160.99,$164.49,$167.99,$171.49,$174.99,$178.49,$181.99,$185.49,$188.99,$183.74,$178.49,$173.24,$167.99,$162.74,$157.49,$152.24,$146.99,$141.74,$136.49,$131.24,$125.99,$122.49,$118.99,$115.49,$111.99,$108.49,$105.00,$101.50,$98.00,$94.50,$91.00,$87.50,$84.00,$85.75,$87.50,$89.25,$91.00,$92.75,$94.50,$96.25,$98.00,$99.75,$101.50,$103.25,$105.00,$108.49,$111.99,$115.49,$118.99,$122.49,$178.49,$183.74,$188.99,$194.24,$88.20,$142.79,$209.99,$306.59,$335.98,$304.49
G.Skill Trident Z5 RGB 96 GB,DDR5-6800,2 x 48GB,10 ns,34,$11.46,Black,5.0,1,,,,,,,,,,,,,,,,,,,,,,,,,,,,,,,,,,,,,,,,,,,,,,,"$2,749.97","$2,749.97","$2,658.31","$2,566.64","$2,474.98","$2,383.31","$2,291.65","$2,199.98","$2,108.31","$2,016.65","$1,924.98","$1,833.32","$1,741.65","$1,649.99","$1,585.82","$1,521.65","$1,457.49","$1,393.32","$1,329.15","$1,264.99","$1,200.82","$1,136.66","$1,072.49","$1,008.32",$944.16,$879.99,$852.49,$824.99,$797.49,$769.99,$742.49,$714.99,$687.49,$659.99,$632.49,$604.99,$577.49,$550.00,$568.33,$586.66,$604.99,$623.33,$641.66,$934.99,$962.49,$989.99,"$1,017.49",$462.00,$747.99,"$1,099.99","$1,396.99","$1,308.99","$1,308.99"
Corsair Vengeance LPX 16 GB,DDR4-3000,1 x 16GB,10.667 ns,16,$5.50,Black,5.0,6,$123.92,$124.65,$125.39,$126.12,$126.85,$127.59,$128.32,$129.05,$129.79,$130.52,$131.25,$131.98,$109.99,$105.59,$101.19,$96.79,$92.39,$87.99,$83.59,$79.19,$74.79,$70.39,$65.99,$61.59,$53.53,$54.26,$54.99,$55.73,$56.46,$57.19,$57.93,$58.66,$59.39,$60.13,$60.86,$61.59,$63.06,$64.53,$65.99,$67.46,$68.93,$70.39,$71.86,$73.32,$74.79,$76.26,$77.72,$79.19,$76.99,$74.79,$72.59,$70.39,$68.19,$65.99,$63.79,$61.59,$59.39,$57.19,$54.99,$52.79,$51.33,$49.86,$48.39,$46.93,$45.46,$43.99,$42.53,$41.06,$39.60,$38.13,$36.66,$35.20,$35.93,$36.66,$37.40,$38.13,$38.86,$39.60,$40.33,$41.06,$41.80,$42.53,$43.26,$43.99,$45.46,$46.93,$48.39,$49.86,$51.33,$74.79,$76.99,$79.19,$81.39,$36.96,$59.83,$87.99,$128.47,$140.78,$144.99
Corsair Vengeance LPX 8 GB,DDR4-3000,1 x 8GB,10.667 ns,16,$7.37,Black,4.5,7,$83.06,$83.55,$84.05,$84.54,$85.03,$85.52,$86.01,$86.50,$87.00,$87.49,$87.98,$88.47,$73.72,$70.78,$67.83,$64.88,$61.93,$58.98,$56.03,$53.08,$50.13,$47.18,$44.24,$41.29,$35.88,$36.37,$36.86,$37.35,$37.85,$38.34,$38.83,$39.32,$39.81,$40.30,$40.79,$41.29,$42.27,$43.25,$44.23,$45.22,$46.20,$47.18,$48.17,$49.15,$50.13,$51.12,$52.10,$53.08,$51.61,$50.13,$48.66,$47.18,$45.71,$44.23,$42.76,$41.29,$39.81,$38.34,$36.86,$35.39,$34.40,$33.42,$32.44,$31.46,$30.47,$29.49,$28.51,$27.52,$26.54,$25.56,$24.57,$23.59,$24.08,$24.57,$25.07,$25.56,$26.05,$26.54,$27.03,$27.52,$28.02,$28.51,$29.00,$29.49,$30.47,$31.46,$32.44,$33.42,$34.41,$50.13,$51.61,$53.08,$54.56,$24.77,$40.11,$58.98,$86.11,$94.37,$85.52
Corsair Vengeance 32 GB,DDR5-6000,2 x 16GB,13.333 ns,40,$12.31,Black,5.0,1,,,,,,,,,,,,,,,,,,,,,,,,,,,,,,,,,,,,,,,,,,,,,,,$984.98,$984.98,$952.14,$919.31,$886.48,$853.64,$820.81,$787.98,$755.15,$722.32,$689.48,$656.65,$623.82,$590.99,$568.00,$545.02,$522.04,$499.05,$476.07,$453.09,$430.11,$407.12,$384.14,$361.16,$338.17,$315.19,$305.34,$295.49,$285.64,$275.79,$265.94,$256.09,$246.24,$236.39,$226.54,$216.69,$206.84,$197.00,$203.56,$210.13,$216.69,$223.26,$229.83,$334.89,$344.74,$354.59,$364.44,$165.48,$267.91,$393.99,$500.37,$468.85,$468.85
TEAMGROUP T-Force Vulcan?? 32 GB,DDR5-6000,2 x 16GB,12.667 ns,38,$10.66,Red,0.0,0,,,,,,,,,,,,,,,,,,,,,,,,,,,,,,,,,,,,,,,,,,,,,,,$852.48,$852.48,$824.06,$795.64,$767.23,$738.81,$710.40,$681.98,$653.56,$625.15,$596.73,$568.32,$539.90,$511.49,$491.59,$471.70,$451.81,$431.92,$412.03,$392.14,$372.25,$352.36,$332.47,$312.57,$292.68,$272.79,$264.27,$255.74,$247.22,$238.69,$230.17,$221.64,$213.12,$204.59,$196.07,$187.54,$179.02,$170.50,$176.18,$181.86,$187.54,$193.23,$198.91,$289.84,$298.37,$306.89,$315.42,$143.22,$231.87,$340.99,$433.06,$405.78,$405.78
ADATA XPG Lancer Blade RGB 32 GB,DDR5-6000,2 x 16GB,10 ns,30,$17.28,White,4.0,5,,,,,,,,,,,,,,,,,,,,,,,,,,,,,,,,,,,,,,,,,,,,,,,"$1,381.97","$1,381.97","$1,335.91","$1,289.84","$1,243.78","$1,197.71","$1,151.65","$1,105.58","$1,059.51","$1,013.45",$967.38,$921.32,$875.25,$829.18,$796.94,$764.69,$732.45,$700.20,$667.95,$635.71,$603.46,$571.22,$538.97,$506.72,$474.48,$442.23,$428.41,$414.59,$400.77,$386.95,$373.13,$359.31,$345.49,$331.67,$317.85,$304.03,$290.21,$276.39,$285.61,$294.82,$304.03,$313.25,$322.46,$469.87,$483.69,$497.51,$511.33,$232.17,$375.90,$552.79,$702.04,$657.82,$657.82
Patriot Viper Steel 16 GB,DDR4-3200,1 x 16GB,10 ns,16,$7.06,Silver / Black,4.5,2,$159.13,$160.07,$161.01,$161.95,$162.89,$163.84,$164.78,$165.72,$166.66,$167.60,$168.54,$169.48,$141.24,$135.59,$129.94,$124.29,$118.64,$112.99,$107.34,$101.69,$96.04,$90.39,$84.74,$79.09,$68.74,$69.68,$70.62,$71.56,$72.50,$73.44,$74.39,$75.33,$76.27,$77.21,$78.15,$79.09,$80.98,$82.86,$84.74,$86.63,$88.51,$90.39,$92.28,$94.16,$96.04,$97.92,$99.81,$101.69,$98.87,$96.04,$93.22,$90.39,$87.57,$84.74,$81.92,$79.09,$76.27,$73.44,$70.62,$67.79,$65.91,$64.03,$62.14,$60.26,$58.38,$56.49,$54.61,$52.73,$50.85,$48.96,$47.08,$45.20,$46.14,$47.08,$48.02,$48.96,$49.90,$50.85,$51.79,$52.73,$53.67,$54.61,$55.55,$56.49,$58.38,$60.26,$62.14,$64.03,$65.91,$96.04,$98.87,$101.69,$104.52,$47.46,$76.83,$112.99,$164.97,$180.78,$163.84
TEAMGROUP T-Create Expert 128 GB,DDR5-6400,2 x 64GB,13.125 ns,42,$11.05,White / Gold,0.0,0,,,,,,,,,,,,,,,,,,,,,,,,,,,,,,,,,,,,,,,,,,,,,,,"$3,534.97","$3,534.97","$3,417.14","$3,299.31","$3,181.48","$3,063.64","$2,945.81","$2,827.98","$2,710.15","$2,592.32","$2,474.48","$2,356.65","$2,238.82","$2,120.99","$2,038.50","$1,956.02","$1,873.54","$1,791.05","$1,708.57","$1,626.09","$1,543.61","$1,461.12","$1,378.64","$1,296.16","$1,213.67","$1,131.19","$1,095.84","$1,060.49","$1,025.14",$989.79,$954.44,$919.09,$883.74,$848.39,$813.04,$777.69,$742.34,$707.00,$730.56,$754.13,$777.69,$801.26,$824.83,"$1,201.89","$1,237.24","$1,272.59","$1,307.94",$593.88,$961.51,"$1,413.99","$1,795.77","$1,682.65","$1,682.65"
Corsair Dominator Titanium 32 GB,DDR5-6600,2 x 16GB,9.697 ns,32,$15.53,Black,5.0,1,,,,,,,,,,,,,,,,,,,,,,,,,,,,,,,,,,,,,,,,,,,,,,,"$1,242.47","$1,242.47","$1,201.06","$1,159.64","$1,118.23","$1,076.81","$1,035.40",$993.98,$952.56,$911.15,$869.73,$828.32,$786.90,$745.49,$716.49,$687.50,$658.51,$629.52,$600.53,$571.54,$542.55,$513.56,$484.57,$455.57,$426.58,$397.59,$385.17,$372.74,$360.32,$347.89,$335.47,$323.04,$310.62,$298.19,$285.77,$273.34,$260.92,$248.50,$256.78,$265.06,$273.34,$281.63,$289.91,$422.44,$434.87,$447.29,$459.72,$208.74,$337.95,$496.99,$631.18,$591.42,$591.42
Corsair Dominator Titanium RGB 48 GB,DDR5-6400,2 x 24GB,11.25 ns,36,$9.38,Black,0.0,0,,,,,,,,,,,,,,,,,,,,,,,,,,,,,,,,,,,,,,,,,,,,,,,"$1,124.97","$1,124.97","$1,087.48","$1,049.98","$1,012.48",$974.98,$937.48,$899.98,$862.48,$824.98,$787.48,$749.98,$712.48,$674.99,$648.74,$622.49,$596.24,$569.99,$543.74,$517.49,$491.24,$464.99,$438.74,$412.49,$386.24,$359.99,$348.74,$337.49,$326.24,$314.99,$303.74,$292.49,$281.24,$269.99,$258.74,$247.49,$236.24,$225.00,$232.49,$239.99,$247.49,$254.99,$262.49,$382.49,$393.74,$404.99,$416.24,$189.00,$305.99,$449.99,$571.49,$535.49,$535.49
Corsair Vengeance RGB Pro 32 GB,DDR4-3600,2 x 16GB,10 ns,18,$6.91,Black,4.5,17,$311.23,$313.07,$314.91,$316.75,$318.59,$320.44,$322.28,$324.12,$325.96,$327.80,$329.64,$331.49,$276.24,$265.19,$254.14,$243.09,$232.04,$220.99,$209.94,$198.89,$187.84,$176.79,$165.74,$154.69,$134.44,$136.28,$138.12,$139.96,$141.80,$143.64,$145.49,$147.33,$149.17,$151.01,$152.85,$154.69,$158.38,$162.06,$165.74,$169.43,$173.11,$176.79,$180.48,$184.16,$187.84,$191.52,$195.21,$198.89,$193.37,$187.84,$182.32,$176.79,$171.27,$165.74,$160.22,$154.69,$149.17,$143.64,$138.12,$132.59,$128.91,$125.23,$121.54,$117.86,$114.18,$110.50,$106.81,$103.13,$99.45,$95.76,$92.08,$88.40,$90.24,$92.08,$93.92,$95.76,$97.60,$99.45,$101.29,$103.13,$104.97,$106.81,$108.65,$110.50,$114.18,$117.86,$121.54,$125.23,$128.91,$187.84,$193.37,$198.89,$204.42,$92.82,$150.27,$220.99,$322.65,$353.58,$320.44
G.Skill Trident Z RGB 16 GB,DDR4-3000,2 x 8GB,10.667 ns,16,$7.62,Black,4.5,109,$171.80,$172.82,$173.84,$174.85,$175.87,$176.89,$177.90,$178.92,$179.94,$180.95,$181.97,$182.98,$152.49,$146.39,$140.29,$134.19,$128.09,$121.99,$115.89,$109.79,$103.69,$97.59,$91.49,$85.39,$74.21,$75.23,$76.24,$77.26,$78.28,$79.29,$80.31,$81.33,$82.34,$83.36,$84.38,$85.39,$87.43,$89.46,$91.49,$93.53,$95.56,$97.59,$99.63,$101.66,$103.69,$105.72,$107.76,$109.79,$106.74,$103.69,$100.64,$97.59,$94.54,$91.49,$88.44,$85.39,$82.34,$79.29,$76.24,$73.19,$71.16,$69.13,$67.09,$65.06,$63.03,$60.99,$58.96,$56.93,$54.90,$52.86,$50.83,$48.80,$49.81,$50.83,$51.85,$52.86,$53.88,$54.90,$55.91,$56.93,$57.95,$58.96,$59.98,$60.99,$63.03,$65.06,$67.09,$69.13,$71.16,$103.69,$106.74,$109.79,$112.84,$51.24,$82.95,$121.99,$178.11,$195.18,$176.89
G.Skill Aegis 5 16 GB,DDR5-6000,1 x 16GB,12 ns,36,$35.19,Black / Red,0.0,0,,,,,,,,,,,,,,,,,,,,,,,,,,,,,,,,,,,,,,,,,,,,,,,"$1,407.70","$1,407.70","$1,360.78","$1,313.85","$1,266.93","$1,220.01","$1,173.08","$1,126.16","$1,079.24","$1,032.31",$985.39,$938.47,$891.54,$844.62,$811.77,$778.93,$746.08,$713.23,$680.39,$647.54,$614.70,$581.85,$549.00,$516.16,$483.31,$450.46,$436.39,$422.31,$408.23,$394.16,$380.08,$366.00,$351.93,$337.85,$323.77,$309.69,$295.62,$281.54,$290.92,$300.31,$309.69,$319.08,$328.46,$478.62,$492.70,$506.77,$520.85,$236.49,$382.89,$563.08,$715.11,$670.07,$670.07
G.Skill Trident Z RGB 32 GB,DDR4-3600,2 x 16GB,8.889 ns,16,$7.13,Black,4.5,42,$321.09,$322.99,$324.89,$326.79,$328.69,$330.59,$332.49,$334.39,$336.29,$338.19,$340.09,$341.99,$284.99,$273.59,$262.19,$250.79,$239.39,$227.99,$216.59,$205.19,$193.79,$182.39,$170.99,$159.59,$138.69,$140.59,$142.49,$144.39,$146.29,$148.19,$150.09,$151.99,$153.89,$155.79,$157.69,$159.59,$163.39,$167.19,$170.99,$174.79,$178.59,$182.39,$186.19,$189.99,$193.79,$197.59,$201.39,$205.19,$199.49,$193.79,$188.09,$182.39,$176.69,$170.99,$165.29,$159.59,$153.89,$148.19,$142.49,$136.79,$132.99,$129.19,$125.39,$121.59,$117.79,$114.00,$110.20,$106.40,$102.60,$98.80,$95.00,$91.20,$93.10,$95.00,$96.90,$98.80,$100.70,$102.60,$104.50,$106.40,$108.30,$110.20,$112.10,$114.00,$117.79,$121.59,$125.39,$129.19,$132.99,$193.79,$199.49,$205.19,$210.89,$95.76,$155.03,$227.99,$332.87,$364.78,$330.59
G.Skill Flare X5 96 GB,DDR5-6000,2 x 48GB,10 ns,30,$11.35,Black,0.0,0,,,,,,,,,,,,,,,,,,,,,,,,,,,,,,,,,,,,,,,,,,,,,,,"$2,724.97","$2,724.97","$2,634.14","$2,543.31","$2,452.48","$2,361.64","$2,270.81","$2,179.98","$2,089.15","$1,998.32","$1,907.48","$1,816.65","$1,725.82","$1,634.99","$1,571.40","$1,507.82","$1,444.24","$1,380.65","$1,317.07","$1,253.49","$1,189.91","$1,126.32","$1,062.74",$999.16,$935.57,$871.99,$844.74,$817.49,$790.24,$762.99,$735.74,$708.49,$681.24,$653.99,$626.74,$599.49,$572.24,$545.00,$563.16,$581.33,$599.49,$617.66,$635.83,$926.49,$953.74,$980.99,"$1,008.24",$457.80,$741.19,"$1,089.99","$1,384.29","$1,297.09","$1,297.09"
Kingston FURY Impact 32 GB,DDR5-5600,2 x 16GB,14.286 ns,40,$9.97,Black,0.0,0,,,,,,,,,,,,,,,,,,,,,,,,,,,,,,,,,,,,,,,,,,,,,,,$797.48,$797.48,$770.89,$744.31,$717.73,$691.14,$664.56,$637.98,$611.40,$584.82,$558.23,$531.65,$505.07,$478.49,$459.88,$441.27,$422.66,$404.05,$385.45,$366.84,$348.23,$329.62,$311.02,$292.41,$273.80,$255.19,$247.22,$239.24,$231.27,$223.29,$215.32,$207.34,$199.37,$191.39,$183.42,$175.44,$167.47,$159.50,$164.81,$170.13,$175.44,$180.76,$186.08,$271.14,$279.12,$287.09,$295.07,$133.98,$216.91,$318.99,$405.12,$379.60,$379.60
Patriot Viper Venom 32 GB,DDR5-7000,2 x 16GB,9.143 ns,32,$14.06,Black / White,5.0,3,,,,,,,,,,,,,,,,,,,,,,,,,,,,,,,,,,,,,,,,,,,,,,,"$1,124.97","$1,124.97","$1,087.48","$1,049.98","$1,012.48",$974.98,$937.48,$899.98,$862.48,$824.98,$787.48,$749.98,$712.48,$674.99,$648.74,$622.49,$596.24,$569.99,$543.74,$517.49,$491.24,$464.99,$438.74,$412.49,$386.24,$359.99,$348.74,$337.49,$326.24,$314.99,$303.74,$292.49,$281.24,$269.99,$258.74,$247.49,$236.24,$225.00,$232.49,$239.99,$247.49,$254.99,$262.49,$382.49,$393.74,$404.99,$416.24,$189.00,$305.99,$449.99,$571.49,$535.49,$535.49
G.Skill Trident Z5 Royal Neo RGB 32 GB,DDR5-8000,2 x 16GB,9.5 ns,38,$17.19,Silver,0.0,0,,,,,,,,,,,,,,,,,,,,,,,,,,,,,,,,,,,,,,,,,,,,,,,"$1,374.97","$1,374.97","$1,329.14","$1,283.31","$1,237.48","$1,191.64","$1,145.81","$1,099.98","$1,054.15","$1,008.32",$962.48,$916.65,$870.82,$824.99,$792.90,$760.82,$728.74,$696.65,$664.57,$632.49,$600.41,$568.32,$536.24,$504.16,$472.07,$439.99,$426.24,$412.49,$398.74,$384.99,$371.24,$357.49,$343.74,$329.99,$316.24,$302.49,$288.74,$275.00,$284.16,$293.33,$302.49,$311.66,$320.83,$467.49,$481.24,$494.99,$508.74,$231.00,$373.99,$549.99,$698.49,$654.49,$654.49
Corsair Vengeance LPX 16 GB,DDR4-2666,2 x 8GB,12.003 ns,16,$6.06,Black / Yellow,4.5,49,$136.59,$137.40,$138.21,$139.02,$139.83,$140.64,$141.44,$142.25,$143.06,$143.87,$144.68,$145.48,$121.24,$116.39,$111.54,$106.69,$101.84,$96.99,$92.14,$87.29,$82.44,$77.59,$72.74,$67.89,$59.00,$59.81,$60.62,$61.43,$62.24,$63.04,$63.85,$64.66,$65.47,$66.28,$67.08,$67.89,$69.51,$71.13,$72.74,$74.36,$75.98,$77.59,$79.21,$80.82,$82.44,$84.06,$85.67,$87.29,$84.87,$82.44,$80.02,$77.59,$75.17,$72.74,$70.32,$67.89,$65.47,$63.04,$60.62,$58.19,$56.58,$54.96,$53.34,$51.73,$50.11,$48.49,$46.88,$45.26,$43.65,$42.03,$40.41,$38.80,$39.60,$40.41,$41.22,$42.03,$42.84,$43.65,$44.45,$45.26,$46.07,$46.88,$47.69,$48.49,$50.11,$51.73,$53.34,$54.96,$56.58,$82.44,$84.87,$87.29,$89.72,$40.74,$65.95,$96.99,$141.61,$155.18,$144.99
G.Skill Trident Z5 Neo RGB 64 GB,DDR5-6000,2 x 32GB,10 ns,30,$14.06,Silver / Black,5.0,6,,,,,,,,,,,,,,,,,,,,,,,,,,,,,,,,,,,,,,,,,,,,,,,"$2,249.97","$2,249.97","$2,174.98","$2,099.98","$2,024.98","$1,949.98","$1,874.98","$1,799.98","$1,724.98","$1,649.98","$1,574.98","$1,499.98","$1,424.98","$1,349.99","$1,297.49","$1,244.99","$1,192.49","$1,139.99","$1,087.49","$1,034.99",$982.49,$929.99,$877.49,$824.99,$772.49,$719.99,$697.49,$674.99,$652.49,$629.99,$607.49,$584.99,$562.49,$539.99,$517.49,$494.99,$472.49,$450.00,$464.99,$479.99,$494.99,$509.99,$524.99,$764.99,$787.49,$809.99,$832.49,$378.00,$611.99,$899.99,"$1,142.99","$1,070.99","$1,070.99"
Patriot Viper Venom 64 GB,DDR5-6400,2 x 32GB,10 ns,32,$12.03,Black / White,5.0,1,,,,,,,,,,,,,,,,,,,,,,,,,,,,,,,,,,,,,,,,,,,,,,,"$1,924.97","$1,924.97","$1,860.81","$1,796.64","$1,732.48","$1,668.31","$1,604.15","$1,539.98","$1,475.81","$1,411.65","$1,347.48","$1,283.32","$1,219.15","$1,154.99","$1,110.07","$1,065.15","$1,020.24",$975.32,$930.40,$885.49,$840.57,$795.66,$750.74,$705.82,$660.91,$615.99,$596.74,$577.49,$558.24,$538.99,$519.74,$500.49,$481.24,$461.99,$442.74,$423.49,$404.24,$385.00,$397.83,$410.66,$423.49,$436.33,$449.16,$654.49,$673.74,$692.99,$712.24,$323.40,$523.59,$769.99,$977.89,$916.29,$916.29
ADATA XPG GAMMIX D20 32 GB,DDR4-3200,2 x 16GB,10 ns,16,$7.81,Black / Silver,5.0,1,$352.07,$354.15,$356.24,$358.32,$360.40,$362.49,$364.57,$366.65,$368.74,$370.82,$372.90,$374.99,$312.49,$299.99,$287.49,$274.99,$262.49,$249.99,$237.49,$224.99,$212.49,$199.99,$187.49,$174.99,$152.08,$154.16,$156.24,$158.33,$160.41,$162.49,$164.58,$166.66,$168.74,$170.83,$172.91,$174.99,$179.16,$183.33,$187.49,$191.66,$195.83,$199.99,$204.16,$208.32,$212.49,$216.66,$220.82,$224.99,$218.74,$212.49,$206.24,$199.99,$193.74,$187.49,$181.24,$174.99,$168.74,$162.49,$156.24,$149.99,$145.83,$141.66,$137.49,$133.33,$129.16,$125.00,$120.83,$116.66,$112.50,$108.33,$104.16,$100.00,$102.08,$104.16,$106.25,$108.33,$110.41,$112.50,$114.58,$116.66,$118.75,$120.83,$122.91,$125.00,$129.16,$133.33,$137.49,$141.66,$145.83,$212.49,$218.74,$224.99,$231.24,$105.00,$169.99,$249.99,$364.99,$399.98,$362.49
Corsair Dominator Platinum RGB 64 GB,DDR5-6000,2 x 32GB,10 ns,30,$14.67,Black,5.0,1,,,,,,,,,,,,,,,,,,,,,,,,,,,,,,,,,,,,,,,,,,,,,,,"$2,347.47","$2,347.47","$2,269.23","$2,190.98","$2,112.73","$2,034.48","$1,956.23","$1,877.98","$1,799.73","$1,721.48","$1,643.23","$1,564.98","$1,486.73","$1,408.49","$1,353.71","$1,298.94","$1,244.16","$1,189.39","$1,134.61","$1,079.84","$1,025.06",$970.29,$915.52,$860.74,$805.97,$751.19,$727.72,$704.24,$680.77,$657.29,$633.82,$610.34,$586.87,$563.39,$539.92,$516.44,$492.97,$469.50,$485.14,$500.79,$516.44,$532.09,$547.74,$798.14,$821.62,$845.09,$868.57,$394.38,$638.51,$938.99,"$1,192.52","$1,117.40","$1,117.40"
G.Skill Ripjaws M5 RGB 32 GB,DDR5-6000,2 x 16GB,10 ns,30,$14.31,White,4.5,3,,,,,,,,,,,,,,,,,,,,,,,,,,,,,,,,,,,,,,,,,,,,,,,"$1,144.97","$1,144.97","$1,106.81","$1,068.64","$1,030.48",$992.31,$954.15,$915.98,$877.81,$839.65,$801.48,$763.32,$725.15,$686.99,$660.27,$633.55,$606.84,$580.12,$553.40,$526.69,$499.97,$473.26,$446.54,$419.82,$393.11,$366.39,$354.94,$343.49,$332.04,$320.59,$309.14,$297.69,$286.24,$274.79,$263.34,$251.89,$240.44,$229.00,$236.63,$244.26,$251.89,$259.53,$267.16,$389.29,$400.74,$412.19,$423.64,$192.36,$311.43,$457.99,$581.65,$545.01,$545.01
G.Skill Ripjaws S5 96 GB,DDR5-6800,2 x 48GB,10 ns,34,$9.58,Black,0.0,0,,,,,,,,,,,,,,,,,,,,,,,,,,,,,,,,,,,,,,,,,,,,,,,"$2,299.97","$2,299.97","$2,223.31","$2,146.64","$2,069.98","$1,993.31","$1,916.65","$1,839.98","$1,763.31","$1,686.65","$1,609.98","$1,533.32","$1,456.65","$1,379.99","$1,326.32","$1,272.65","$1,218.99","$1,165.32","$1,111.65","$1,057.99","$1,004.32",$950.66,$896.99,$843.32,$789.66,$735.99,$712.99,$689.99,$666.99,$643.99,$620.99,$597.99,$574.99,$551.99,$528.99,$505.99,$482.99,$460.00,$475.33,$490.66,$505.99,$521.33,$536.66,$781.99,$804.99,$827.99,$850.99,$386.40,$625.59,$919.99,"$1,168.39","$1,094.79","$1,094.79"
Corsair Vengeance 96 GB,DDR5-6000,2 x 48GB,10 ns,30,$12.25,Black / Silver,5.0,3,,,,,,,,,,,,,,,,,,,,,,,,,,,,,,,,,,,,,,,,,,,,,,,"$2,939.97","$2,939.97","$2,841.98","$2,743.98","$2,645.98","$2,547.98","$2,449.98","$2,351.98","$2,253.98","$2,155.98","$2,057.98","$1,959.98","$1,861.98","$1,763.99","$1,695.39","$1,626.79","$1,558.19","$1,489.59","$1,420.99","$1,352.39","$1,283.79","$1,215.19","$1,146.59","$1,077.99","$1,009.39",$940.79,$911.39,$881.99,$852.59,$823.19,$793.79,$764.39,$734.99,$705.59,$676.19,$646.79,$617.39,$588.00,$607.59,$627.19,$646.79,$666.39,$685.99,$999.59,"$1,028.99","$1,058.39","$1,087.79",$493.92,$799.67,"$1,175.99","$1,493.51","$1,399.43","$1,399.43"
Corsair Dominator Platinum RGB 32 GB,DDR5-6200,2 x 16GB,11.613 ns,36,$14.75,Black,4.5,11,,,,,,,,,,,,,,,,,,,,,,,,,,,,,,,,,,,,,,,,,,,,,,,"$1,179.97","$1,179.97","$1,140.64","$1,101.31","$1,061.98","$1,022.64",$983.31,$943.98,$904.65,$865.32,$825.98,$786.65,$747.32,$707.99,$680.45,$652.92,$625.39,$597.85,$570.32,$542.79,$515.26,$487.72,$460.19,$432.66,$405.12,$377.59,$365.79,$353.99,$342.19,$330.39,$318.59,$306.79,$294.99,$283.19,$271.39,$259.59,$247.79,$236.00,$243.86,$251.73,$259.59,$267.46,$275.33,$401.19,$412.99,$424.79,$436.59,$198.24,$320.95,$471.99,$599.43,$561.67,$561.67
ADATA XPG LANCER RGB 64 GB,DDR5-6000,2 x 32GB,10 ns,30,$10.47,Black,0.0,0,,,,,,,,,,,,,,,,,,,,,,,,,,,,,,,,,,,,,,,,,,,,,,,"$1,674.97","$1,674.97","$1,619.14","$1,563.31","$1,507.48","$1,451.64","$1,395.81","$1,339.98","$1,284.15","$1,228.32","$1,172.48","$1,116.65","$1,060.82","$1,004.99",$965.90,$926.82,$887.74,$848.65,$809.57,$770.49,$731.41,$692.32,$653.24,$614.16,$575.07,$535.99,$519.24,$502.49,$485.74,$468.99,$452.24,$435.49,$418.74,$401.99,$385.24,$368.49,$351.74,$335.00,$346.16,$357.33,$368.49,$379.66,$390.83,$569.49,$586.24,$602.99,$619.74,$281.40,$455.59,$669.99,$850.89,$797.29,$797.29
ADATA XPG Lancer Blade RGB 16 GB,DDR5-6000,1 x 16GB,10 ns,30,$20.93,Black,0.0,0,,,,,,,,,,,,,,,,,,,,,,,,,,,,,,,,,,,,,,,,,,,,,,,$837.25,$837.25,$809.34,$781.43,$753.52,$725.62,$697.71,$669.80,$641.89,$613.98,$586.07,$558.17,$530.26,$502.35,$482.81,$463.28,$443.74,$424.21,$404.67,$385.13,$365.60,$346.06,$326.53,$306.99,$287.46,$267.92,$259.55,$251.17,$242.80,$234.43,$226.06,$217.69,$209.31,$200.94,$192.57,$184.19,$175.82,$167.45,$173.03,$178.61,$184.19,$189.78,$195.36,$284.66,$293.04,$301.41,$309.78,$140.66,$227.73,$334.90,$425.32,$398.53,$398.53
PNY Performance 16 GB,DDR4-3200,1 x 16GB,13.75 ns,22,$10.37,Black,0.0,0,$233.71,$235.10,$236.48,$237.86,$239.24,$240.63,$242.01,$243.39,$244.78,$246.16,$247.54,$248.92,$207.44,$199.14,$190.84,$182.55,$174.25,$165.95,$157.65,$149.36,$141.06,$132.76,$124.46,$116.17,$100.95,$102.34,$103.72,$105.10,$106.48,$107.87,$109.25,$110.63,$112.02,$113.40,$114.78,$116.16,$118.93,$121.70,$124.46,$127.23,$129.99,$132.76,$135.53,$138.29,$141.06,$143.82,$146.59,$149.35,$145.21,$141.06,$136.91,$132.76,$128.61,$124.46,$120.31,$116.17,$112.02,$107.87,$103.72,$99.57,$96.80,$94.04,$91.27,$88.51,$85.74,$82.97,$80.21,$77.44,$74.68,$71.91,$69.15,$66.38,$67.76,$69.15,$70.53,$71.91,$73.29,$74.68,$76.06,$77.44,$78.83,$80.21,$81.59,$82.97,$85.74,$88.51,$91.27,$94.04,$96.80,$141.06,$145.21,$149.35,$153.50,$69.70,$112.85,$165.95,$242.29,$265.52,$240.63
Crucial CT2K8G56C46S5 16 GB,DDR5-5600,2 x 8GB,16.429 ns,46,,Black,0.0,0,,,,,,,,,,,,,,,,,,,,,,,,,,,,,,,,,,,,,,,,,,,,,,,$379.98,$379.98,$367.31,$354.64,$341.98,$329.31,$316.65,$303.98,$291.31,$278.65,$265.98,$253.32,$240.65,$227.99,$219.12,$210.25,$201.39,$192.52,$183.65,$174.79,$165.92,$157.06,$148.19,$139.32,$130.46,$121.59,$117.79,$113.99,$110.19,$106.39,$102.59,$98.79,$94.99,$91.19,$87.39,$83.59,$79.79,$76.00,$78.53,$81.06,$83.59,$86.13,$88.66,$129.19,$132.99,$136.79,$140.59,$63.84,$103.35,$151.99,$193.03,$180.87,$180.87
Corsair Vengeance RGB Pro SL 16 GB,DDR4-3200,2 x 8GB,10 ns,16,$6.81,White / Black,4.5,9,$153.49,$154.40,$155.31,$156.22,$157.13,$158.04,$158.94,$159.85,$160.76,$161.67,$162.58,$163.48,$136.24,$130.79,$125.34,$119.89,$114.44,$108.99,$103.54,$98.09,$92.64,$87.19,$81.74,$76.29,$66.30,$67.21,$68.12,$69.03,$69.94,$70.84,$71.75,$72.66,$73.57,$74.48,$75.38,$76.29,$78.11,$79.93,$81.74,$83.56,$85.38,$87.19,$89.01,$90.82,$92.64,$94.46,$96.27,$98.09,$95.37,$92.64,$89.92,$87.19,$84.47,$81.74,$79.02,$76.29,$73.57,$70.84,$68.12,$65.39,$63.58,$61.76,$59.94,$58.13,$56.31,$54.49,$52.68,$50.86,$49.05,$47.23,$45.41,$43.60,$44.50,$45.41,$46.32,$47.23,$48.14,$49.05,$49.95,$50.86,$51.77,$52.68,$53.59,$54.49,$56.31,$58.13,$59.94,$61.76,$63.58,$92.64,$95.37,$98.09,$100.82,$45.78,$74.11,$108.99,$159.13,$174.38,$158.04
Patriot Signature Line 8 GB,DDR5-4800,1 x 8GB,16.667 ns,40,,Black,5.0,1,,,,,,,,,,,,,,,,,,,,,,,,,,,,,,,,,,,,,,,,,,,,,,,$249.97,$249.97,$241.64,$233.31,$224.98,$216.64,$208.31,$199.98,$191.65,$183.31,$174.98,$166.65,$158.32,$149.98,$144.15,$138.32,$132.49,$126.65,$120.82,$114.99,$109.16,$103.32,$97.49,$91.66,$85.82,$79.99,$77.49,$74.99,$72.49,$69.99,$67.49,$64.99,$62.49,$59.99,$57.49,$54.99,$52.49,$49.99,$51.66,$53.33,$54.99,$56.66,$58.33,$84.99,$87.49,$89.99,$92.49,$42.00,$67.99,$99.99,$126.99,$118.99,$118.99
Corsair Vengeance RGB Pro 16 GB,DDR4-2666,2 x 8GB,12.003 ns,16,$6.62,White,5.0,8,$149.27,$150.15,$151.04,$151.92,$152.80,$153.69,$154.57,$155.45,$156.34,$157.22,$158.10,$158.98,$132.49,$127.19,$121.89,$116.59,$111.29,$105.99,$100.69,$95.39,$90.09,$84.79,$79.49,$74.19,$64.48,$65.36,$66.24,$67.13,$68.01,$68.89,$69.78,$70.66,$71.54,$72.43,$73.31,$74.19,$75.96,$77.73,$79.49,$81.26,$83.03,$84.79,$86.56,$88.32,$90.09,$91.86,$93.62,$95.39,$92.74,$90.09,$87.44,$84.79,$82.14,$79.49,$76.84,$74.19,$71.54,$68.89,$66.24,$63.59,$61.83,$60.06,$58.29,$56.53,$54.76,$52.99,$51.23,$49.46,$47.70,$45.93,$44.16,$42.40,$43.28,$44.16,$45.05,$45.93,$46.81,$47.70,$48.58,$49.46,$50.35,$51.23,$52.11,$52.99,$54.76,$56.53,$58.29,$60.06,$61.83,$90.09,$92.74,$95.39,$98.04,$44.52,$72.07,$105.99,$154.75,$169.58,$153.69
Patriot Signature Line 32 GB,DDR5-4800,2 x 16GB,16.667 ns,40,$11.09,Black,0.0,0,,,,,,,,,,,,,,,,,,,,,,,,,,,,,,,,,,,,,,,,,,,,,,,$887.48,$887.48,$857.89,$828.31,$798.73,$769.14,$739.56,$709.98,$680.40,$650.82,$621.23,$591.65,$562.07,$532.49,$511.78,$491.07,$470.36,$449.65,$428.95,$408.24,$387.53,$366.82,$346.12,$325.41,$304.70,$283.99,$275.12,$266.24,$257.37,$248.49,$239.62,$230.74,$221.87,$212.99,$204.12,$195.24,$186.37,$177.50,$183.41,$189.33,$195.24,$201.16,$207.08,$301.74,$310.62,$319.49,$328.37,$149.10,$241.39,$354.99,$450.84,$422.44,$422.44
V-Color TRA564G60D434Q 256 GB,DDR5-6000,4 x 64GB,11.333 ns,34,$20.00,White,0.0,0,,,,,,,,,,,,,,,,,,,,,,,,,,,,,,,,,,,,,,,,,,,,,,,"$12,799.97","$12,799.97","$12,373.31","$11,946.64","$11,519.98","$11,093.31","$10,666.65","$10,239.98","$9,813.31","$9,386.65","$8,959.98","$8,533.32","$8,106.65","$7,679.98","$7,381.32","$7,082.65","$6,783.99","$6,485.32","$6,186.65","$5,887.99","$5,589.32","$5,290.66","$4,991.99","$4,693.32","$4,394.66","$4,095.99","$3,967.99","$3,839.99","$3,711.99","$3,583.99","$3,455.99","$3,327.99","$3,199.99","$3,071.99","$2,943.99","$2,815.99","$2,687.99","$2,559.99","$2,645.33","$2,730.66","$2,815.99","$2,901.33","$2,986.66","$4,351.99","$4,479.99","$4,607.99","$4,735.99","$2,150.40","$3,481.59","$5,119.99","$6,502.39","$6,092.79","$6,092.79"
Corsair Dominator Platinum RGB 32 GB,DDR5-6400,2 x 16GB,10 ns,32,$14.97,Black,0.0,0,,,,,,,,,,,,,,,,,,,,,,,,,,,,,,,,,,,,,,,,,,,,,,,"$1,197.47","$1,197.47","$1,157.56","$1,117.64","$1,077.73","$1,037.81",$997.90,$957.98,$918.06,$878.15,$838.23,$798.32,$758.40,$718.49,$690.54,$662.60,$634.66,$606.72,$578.78,$550.84,$522.90,$494.96,$467.02,$439.07,$411.13,$383.19,$371.22,$359.24,$347.27,$335.29,$323.32,$311.34,$299.37,$287.39,$275.42,$263.44,$251.47,$239.50,$247.48,$255.46,$263.44,$271.43,$279.41,$407.14,$419.12,$431.09,$443.07,$201.18,$325.71,$478.99,$608.32,$570.00,$570.00
Kingston FURY 64 GB,DDR5-6000,2 x 32GB,12 ns,36,$10.94,White,0.0,0,,,,,,,,,,,,,,,,,,,,,,,,,,,,,,,,,,,,,,,,,,,,,,,"$1,749.97","$1,749.97","$1,691.64","$1,633.31","$1,574.98","$1,516.64","$1,458.31","$1,399.98","$1,341.65","$1,283.32","$1,224.98","$1,166.65","$1,108.32","$1,049.99","$1,009.15",$968.32,$927.49,$886.65,$845.82,$804.99,$764.16,$723.32,$682.49,$641.66,$600.82,$559.99,$542.49,$524.99,$507.49,$489.99,$472.49,$454.99,$437.49,$419.99,$402.49,$384.99,$367.49,$350.00,$361.66,$373.33,$384.99,$396.66,$408.33,$594.99,$612.49,$629.99,$647.49,$294.00,$475.99,$699.99,$888.99,$832.99,$832.99
G.Skill Aegis 8 GB,DDR4-3200,1 x 8GB,10 ns,16,$9.75,Red / Black,3.5,7,$109.82,$110.47,$111.12,$111.77,$112.42,$113.07,$113.72,$114.37,$115.02,$115.67,$116.32,$116.97,$97.48,$93.58,$89.68,$85.78,$81.88,$77.98,$74.08,$70.18,$66.28,$62.38,$58.49,$54.59,$47.44,$48.09,$48.74,$49.39,$50.04,$50.69,$51.34,$51.99,$52.64,$53.29,$53.94,$54.59,$55.89,$57.19,$58.48,$59.78,$61.08,$62.38,$63.68,$64.98,$66.28,$67.58,$68.88,$70.18,$68.23,$66.28,$64.33,$62.38,$60.43,$58.48,$56.54,$54.59,$52.64,$50.69,$48.74,$46.79,$45.49,$44.19,$42.89,$41.59,$40.29,$38.99,$37.69,$36.39,$35.09,$33.79,$32.49,$31.19,$31.84,$32.49,$33.14,$33.79,$34.44,$35.09,$35.74,$36.39,$37.04,$37.69,$38.34,$38.99,$40.29,$41.59,$42.89,$44.19,$45.49,$66.28,$68.23,$70.18,$72.13,$32.75,$53.03,$77.98,$113.85,$124.77,$113.07
G.Skill Trident Z5 Royal Neo RGB 96 GB,DDR5-6000,2 x 48GB,9.333 ns,28,$11.98,Gold,0.0,0,,,,,,,,,,,,,,,,,,,,,,,,,,,,,,,,,,,,,,,,,,,,,,,"$2,874.97","$2,874.97","$2,779.14","$2,683.31","$2,587.48","$2,491.64","$2,395.81","$2,299.98","$2,204.15","$2,108.32","$2,012.48","$1,916.65","$1,820.82","$1,724.99","$1,657.90","$1,590.82","$1,523.74","$1,456.65","$1,389.57","$1,322.49","$1,255.41","$1,188.32","$1,121.24","$1,054.16",$987.07,$919.99,$891.24,$862.49,$833.74,$804.99,$776.24,$747.49,$718.74,$689.99,$661.24,$632.49,$603.74,$575.00,$594.16,$613.33,$632.49,$651.66,$670.83,$977.49,"$1,006.24","$1,034.99","$1,063.74",$483.00,$781.99,"$1,149.99","$1,460.49","$1,368.49","$1,368.49"
G.Skill Trident Z5 Royal Neo RGB 32 GB,DDR5-6400,2 x 16GB,9.375 ns,30,$15.63,Silver,5.0,3,,,,,,,,,,,,,,,,,,,,,,,,,,,,,,,,,,,,,,,,,,,,,,,"$1,249.97","$1,249.97","$1,208.31","$1,166.64","$1,124.98","$1,083.31","$1,041.65",$999.98,$958.31,$916.65,$874.98,$833.32,$791.65,$749.99,$720.82,$691.65,$662.49,$633.32,$604.15,$574.99,$545.82,$516.66,$487.49,$458.32,$429.16,$399.99,$387.49,$374.99,$362.49,$349.99,$337.49,$324.99,$312.49,$299.99,$287.49,$274.99,$262.49,$250.00,$258.33,$266.66,$274.99,$283.33,$291.66,$424.99,$437.49,$449.99,$462.49,$210.00,$339.99,$499.99,$634.99,$594.99,$594.99
Kingston FURY Beast 64 GB,DDR5-5200,2 x 32GB,15.385 ns,40,$13.31,Black,0.0,0,,,,,,,,,,,,,,,,,,,,,,,,,,,,,,,,,,,,,,,,,,,,,,,"$2,129.80","$2,129.80","$2,058.81","$1,987.81","$1,916.82","$1,845.83","$1,774.83","$1,703.84","$1,632.85","$1,561.85","$1,490.86","$1,419.87","$1,348.87","$1,277.88","$1,228.18","$1,178.49","$1,128.79","$1,079.10","$1,029.40",$979.71,$930.01,$880.32,$830.62,$780.93,$731.23,$681.54,$660.24,$638.94,$617.64,$596.34,$575.05,$553.75,$532.45,$511.15,$489.85,$468.56,$447.26,$425.96,$440.16,$454.36,$468.56,$482.75,$496.95,$724.13,$745.43,$766.73,$788.03,$357.81,$579.31,$851.92,"$1,081.94","$1,013.78","$1,013.78"
Corsair Vengeance RGB 64 GB,DDR5-6000,2 x 32GB,13.333 ns,40,$12.27,Black,4.5,5,,,,,,,,,,,,,,,,,,,,,,,,,,,,,,,,,,,,,,,,,,,,,,,"$1,962.47","$1,962.47","$1,897.06","$1,831.64","$1,766.23","$1,700.81","$1,635.40","$1,569.98","$1,504.56","$1,439.15","$1,373.73","$1,308.32","$1,242.90","$1,177.49","$1,131.69","$1,085.90","$1,040.11",$994.32,$948.53,$902.74,$856.95,$811.16,$765.37,$719.57,$673.78,$627.99,$608.37,$588.74,$569.12,$549.49,$529.87,$510.24,$490.62,$470.99,$451.37,$431.74,$412.12,$392.50,$405.58,$418.66,$431.74,$444.83,$457.91,$667.24,$686.87,$706.49,$726.12,$329.70,$533.79,$784.99,$996.94,$934.14,$934.14
Corsair Dominator Titanium 96 GB,DDR5-6000,4 x 24GB,10 ns,30,$13.25,Black,0.0,0,,,,,,,,,,,,,,,,,,,,,,,,,,,,,,,,,,,,,,,,,,,,,,,"$3,179.97","$3,179.97","$3,073.98","$2,967.98","$2,861.98","$2,755.98","$2,649.98","$2,543.98","$2,437.98","$2,331.98","$2,225.98","$2,119.98","$2,013.98","$1,907.99","$1,833.79","$1,759.59","$1,685.39","$1,611.19","$1,536.99","$1,462.79","$1,388.59","$1,314.39","$1,240.19","$1,165.99","$1,091.79","$1,017.59",$985.79,$953.99,$922.19,$890.39,$858.59,$826.79,$794.99,$763.19,$731.39,$699.59,$667.79,$636.00,$657.19,$678.39,$699.59,$720.79,$741.99,"$1,081.19","$1,112.99","$1,144.79","$1,176.59",$534.24,$864.95,"$1,271.99","$1,615.43","$1,513.67","$1,513.67"
Corsair Vengeance LPX 64 GB,DDR4-2666,4 x 16GB,12.003 ns,16,$5.33,Black / Yellow,5.0,3,$480.23,$483.07,$485.91,$488.75,$491.59,$494.44,$497.28,$500.12,$502.96,$505.80,$508.64,$511.49,$426.24,$409.19,$392.14,$375.09,$358.04,$340.99,$323.94,$306.89,$289.84,$272.79,$255.74,$238.69,$207.44,$210.28,$213.12,$215.96,$218.80,$221.64,$224.49,$227.33,$230.17,$233.01,$235.85,$238.69,$244.38,$250.06,$255.74,$261.43,$267.11,$272.79,$278.48,$284.16,$289.84,$295.52,$301.21,$306.89,$298.37,$289.84,$281.32,$272.79,$264.27,$255.74,$247.22,$238.69,$230.17,$221.64,$213.12,$204.59,$198.91,$193.23,$187.54,$181.86,$176.18,$170.50,$164.81,$159.13,$153.45,$147.76,$142.08,$136.40,$139.24,$142.08,$144.92,$147.76,$150.60,$153.45,$156.29,$159.13,$161.97,$164.81,$167.65,$170.50,$176.18,$181.86,$187.54,$193.23,$198.91,$289.84,$298.37,$306.89,$315.42,$143.22,$231.87,$340.99,$497.85,$545.58,$494.44
Corsair Dominator Titanium 32 GB,DDR5-7200,2 x 16GB,9.444 ns,34,$16.13,White,0.0,0,,,,,,,,,,,,,,,,,,,,,,,,,,,,,,,,,,,,,,,,,,,,,,,"$1,289.97","$1,289.97","$1,246.98","$1,203.98","$1,160.98","$1,117.98","$1,074.98","$1,031.98",$988.98,$945.98,$902.98,$859.98,$816.98,$773.99,$743.89,$713.79,$683.69,$653.59,$623.49,$593.39,$563.29,$533.19,$503.09,$472.99,$442.89,$412.79,$399.89,$386.99,$374.09,$361.19,$348.29,$335.39,$322.49,$309.59,$296.69,$283.79,$270.89,$258.00,$266.59,$275.19,$283.79,$292.39,$300.99,$438.59,$451.49,$464.39,$477.29,$216.72,$350.87,$515.99,$655.31,$614.03,$614.03
G.Skill Trident Z5 RGB 32 GB,DDR5-6000,2 x 16GB,12 ns,36,$12.50,White / Black,5.0,1,,,,,,,,,,,,,,,,,,,,,,,,,,,,,,,,,,,,,,,,,,,,,,,$999.98,$999.98,$966.64,$933.31,$899.98,$866.64,$833.31,$799.98,$766.65,$733.32,$699.98,$666.65,$633.32,$599.99,$576.65,$553.32,$529.99,$506.65,$483.32,$459.99,$436.66,$413.32,$389.99,$366.66,$343.32,$319.99,$309.99,$299.99,$289.99,$279.99,$269.99,$259.99,$249.99,$239.99,$229.99,$219.99,$209.99,$200.00,$206.66,$213.33,$219.99,$226.66,$233.33,$339.99,$349.99,$359.99,$369.99,$168.00,$271.99,$399.99,$507.99,$475.99,$475.99
Corsair Dominator Titanium 32 GB,DDR5-6000,2 x 16GB,10 ns,30,$14.97,Gray,4.5,4,,,,,,,,,,,,,,,,,,,,,,,,,,,,,,,,,,,,,,,,,,,,,,,"$1,197.47","$1,197.47","$1,157.56","$1,117.64","$1,077.73","$1,037.81",$997.90,$957.98,$918.06,$878.15,$838.23,$798.32,$758.40,$718.49,$690.54,$662.60,$634.66,$606.72,$578.78,$550.84,$522.90,$494.96,$467.02,$439.07,$411.13,$383.19,$371.22,$359.24,$347.27,$335.29,$323.32,$311.34,$299.37,$287.39,$275.42,$263.44,$251.47,$239.50,$247.48,$255.46,$263.44,$271.43,$279.41,$407.14,$419.12,$431.09,$443.07,$201.18,$325.71,$478.99,$608.32,$570.00,$570.00
Samsung M386A4G40DM0-CPB 32 GB,DDR4-2133,1 x 32GB,14.065 ns,15,$4.06,Black / Green,0.0,0,$183.00,$184.08,$185.16,$186.25,$187.33,$188.41,$189.50,$190.58,$191.66,$192.74,$193.83,$194.91,$162.43,$155.93,$149.43,$142.93,$136.44,$129.94,$123.44,$116.95,$110.45,$103.95,$97.46,$90.96,$79.05,$80.13,$81.21,$82.30,$83.38,$84.46,$85.54,$86.63,$87.71,$88.79,$89.88,$90.96,$93.12,$95.29,$97.45,$99.62,$101.79,$103.95,$106.12,$108.28,$110.45,$112.61,$114.78,$116.95,$113.70,$110.45,$107.20,$103.95,$100.70,$97.45,$94.21,$90.96,$87.71,$84.46,$81.21,$77.96,$75.80,$73.63,$71.47,$69.30,$67.14,$64.97,$62.80,$60.64,$58.47,$56.31,$54.14,$51.98,$53.06,$54.14,$55.22,$56.31,$57.39,$58.47,$59.56,$60.64,$61.72,$62.80,$63.89,$64.97,$67.14,$69.30,$71.47,$73.63,$75.80,$110.45,$113.70,$116.95,$120.19,$54.57,$88.36,$129.94,$189.71,$207.90,$188.41
Kingston FURY Beast 64 GB,DDR4-3600,2 x 32GB,10 ns,18,$6.41,Black / Silver,0.0,0,$577.40,$580.82,$584.24,$587.65,$591.07,$594.49,$597.90,$601.32,$604.74,$608.15,$611.57,$614.99,$512.49,$491.99,$471.49,$450.99,$430.49,$409.99,$389.49,$368.99,$348.49,$327.99,$307.49,$286.99,$249.41,$252.83,$256.24,$259.66,$263.08,$266.49,$269.91,$273.33,$276.74,$280.16,$283.58,$286.99,$293.83,$300.66,$307.49,$314.33,$321.16,$327.99,$334.83,$341.66,$348.49,$355.32,$362.16,$368.99,$358.74,$348.49,$338.24,$327.99,$317.74,$307.49,$297.24,$286.99,$276.74,$266.49,$256.24,$245.99,$239.16,$232.33,$225.49,$218.66,$211.83,$205.00,$198.16,$191.33,$184.50,$177.66,$170.83,$164.00,$167.41,$170.83,$174.25,$177.66,$181.08,$184.50,$187.91,$191.33,$194.75,$198.16,$201.58,$205.00,$211.83,$218.66,$225.49,$232.33,$239.16,$348.49,$358.74,$368.99,$379.24,$172.20,$278.79,$409.99,$598.59,$655.98,$594.49
G.Skill Trident Z5 Royal Neo 64 GB,DDR5-6000,2 x 32GB,8.667 ns,26,$17.03,Gold,5.0,1,,,,,,,,,,,,,,,,,,,,,,,,,,,,,,,,,,,,,,,,,,,,,,,"$2,724.97","$2,724.97","$2,634.14","$2,543.31","$2,452.48","$2,361.64","$2,270.81","$2,179.98","$2,089.15","$1,998.32","$1,907.48","$1,816.65","$1,725.82","$1,634.99","$1,571.40","$1,507.82","$1,444.24","$1,380.65","$1,317.07","$1,253.49","$1,189.91","$1,126.32","$1,062.74",$999.16,$935.57,$871.99,$844.74,$817.49,$790.24,$762.99,$735.74,$708.49,$681.24,$653.99,$626.74,$599.49,$572.24,$545.00,$563.16,$581.33,$599.49,$617.66,$635.83,$926.49,$953.74,$980.99,"$1,008.24",$457.80,$741.19,"$1,089.99","$1,384.29","$1,297.09","$1,297.09"
Crucial CT2K64G56C46U5 128 GB,DDR5-5600,2 x 64GB,16.429 ns,46,$9.76,Black,0.0,0,,,,,,,,,,,,,,,,,,,,,,,,,,,,,,,,,,,,,,,,,,,,,,,"$3,121.93","$3,121.93","$3,017.86","$2,913.80","$2,809.73","$2,705.67","$2,601.60","$2,497.54","$2,393.48","$2,289.41","$2,185.35","$2,081.28","$1,977.22","$1,873.15","$1,800.31","$1,727.47","$1,654.62","$1,581.78","$1,508.93","$1,436.09","$1,363.24","$1,290.40","$1,217.55","$1,144.71","$1,071.86",$999.02,$967.80,$936.58,$905.36,$874.14,$842.92,$811.70,$780.48,$749.26,$718.04,$686.82,$655.60,$624.38,$645.20,$666.01,$686.82,$707.64,$728.45,"$1,061.45","$1,092.67","$1,123.89","$1,155.11",$524.48,$849.16,"$1,248.77","$1,585.94","$1,486.04","$1,486.04"
Silicon Power XPOWER Zenith RGB Gaming 64 GB,DDR5-6000,2 x 32GB,10 ns,30,$11.72,White,5.0,2,,,,,,,,,,,,,,,,,,,,,,,,,,,,,,,,,,,,,,,,,,,,,,,"$1,874.93","$1,874.93","$1,812.43","$1,749.93","$1,687.43","$1,624.93","$1,562.44","$1,499.94","$1,437.44","$1,374.95","$1,312.45","$1,249.95","$1,187.45","$1,124.95","$1,081.21","$1,037.46",$993.71,$949.96,$906.21,$862.47,$818.72,$774.97,$731.22,$687.47,$643.72,$599.98,$581.23,$562.48,$543.73,$524.98,$506.23,$487.48,$468.73,$449.98,$431.23,$412.48,$393.73,$374.99,$387.48,$399.98,$412.48,$424.98,$437.48,$637.47,$656.22,$674.97,$693.72,$314.99,$509.98,$749.97,$952.46,$892.46,$892.46
Corsair Dominator Platinum RGB 64 GB,DDR5-6800,2 x 32GB,11.765 ns,40,$15.00,Black,0.0,0,,,,,,,,,,,,,,,,,,,,,,,,,,,,,,,,,,,,,,,,,,,,,,,"$2,399.97","$2,399.97","$2,319.98","$2,239.98","$2,159.98","$2,079.98","$1,999.98","$1,919.98","$1,839.98","$1,759.98","$1,679.98","$1,599.98","$1,519.98","$1,439.99","$1,383.99","$1,327.99","$1,271.99","$1,215.99","$1,159.99","$1,103.99","$1,047.99",$991.99,$935.99,$879.99,$823.99,$767.99,$743.99,$719.99,$695.99,$671.99,$647.99,$623.99,$599.99,$575.99,$551.99,$527.99,$503.99,$480.00,$495.99,$511.99,$527.99,$543.99,$559.99,$815.99,$839.99,$863.99,$887.99,$403.20,$652.79,$959.99,"$1,219.19","$1,142.39","$1,142.39"
TEAMGROUP T-Create Expert 64 GB,DDR5-6400,2 x 32GB,10.625 ns,34,$12.47,Black,4.5,2,,,,,,,,,,,,,,,,,,,,,,,,,,,,,,,,,,,,,,,,,,,,,,,"$1,994.97","$1,994.97","$1,928.48","$1,861.98","$1,795.48","$1,728.98","$1,662.48","$1,595.98","$1,529.48","$1,462.98","$1,396.48","$1,329.98","$1,263.48","$1,196.99","$1,150.44","$1,103.89","$1,057.34","$1,010.79",$964.24,$917.69,$871.14,$824.59,$778.04,$731.49,$684.94,$638.39,$618.44,$598.49,$578.54,$558.59,$538.64,$518.69,$498.74,$478.79,$458.84,$438.89,$418.94,$399.00,$412.29,$425.59,$438.89,$452.19,$465.49,$678.29,$698.24,$718.19,$738.14,$335.16,$542.63,$797.99,"$1,013.45",$949.61,$949.61
Corsair Vengeance RGB 32 GB,DDR5-6400,2 x 16GB,10 ns,32,$13.94,White / Silver,5.0,2,,,,,,,,,,,,,,,,,,,,,,,,,,,,,,,,,,,,,,,,,,,,,,,"$1,114.97","$1,114.97","$1,077.81","$1,040.64","$1,003.48",$966.31,$929.15,$891.98,$854.81,$817.65,$780.48,$743.32,$706.15,$668.99,$642.97,$616.95,$590.94,$564.92,$538.90,$512.89,$486.87,$460.86,$434.84,$408.82,$382.81,$356.79,$345.64,$334.49,$323.34,$312.19,$301.04,$289.89,$278.74,$267.59,$256.44,$245.29,$234.14,$223.00,$230.43,$237.86,$245.29,$252.73,$260.16,$379.09,$390.24,$401.39,$412.54,$187.32,$303.27,$445.99,$566.41,$530.73,$439.99
Patriot Viper Elite 5 RGB TUF GAMING ALLIANCE 32 GB,DDR5-6000,2 x 16GB,12 ns,36,$15.73,White,5.0,1,,,,,,,,,,,,,,,,,,,,,,,,,,,,,,,,,,,,,,,,,,,,,,,"$1,258.10","$1,258.10","$1,216.16","$1,174.23","$1,132.29","$1,090.35","$1,048.42","$1,006.48",$964.54,$922.61,$880.67,$838.73,$796.80,$754.86,$725.50,$696.15,$666.79,$637.44,$608.08,$578.73,$549.37,$520.01,$490.66,$461.30,$431.95,$402.59,$390.01,$377.43,$364.85,$352.27,$339.69,$327.11,$314.52,$301.94,$289.36,$276.78,$264.20,$251.62,$260.01,$268.39,$276.78,$285.17,$293.56,$427.75,$440.34,$452.92,$465.50,$211.36,$342.20,$503.24,$639.11,$598.86,$598.86
Corsair Vengeance RGB 64 GB,DDR5-5600,2 x 32GB,14.286 ns,40,$11.95,White / Gray,0.0,0,,,,,,,,,,,,,,,,,,,,,,,,,,,,,,,,,,,,,,,,,,,,,,,"$1,912.47","$1,912.47","$1,848.73","$1,784.98","$1,721.23","$1,657.48","$1,593.73","$1,529.98","$1,466.23","$1,402.48","$1,338.73","$1,274.98","$1,211.23","$1,147.49","$1,102.86","$1,058.24","$1,013.61",$968.99,$924.36,$879.74,$835.11,$790.49,$745.87,$701.24,$656.62,$611.99,$592.87,$573.74,$554.62,$535.49,$516.37,$497.24,$478.12,$458.99,$439.87,$420.74,$401.62,$382.50,$395.24,$407.99,$420.74,$433.49,$446.24,$650.24,$669.37,$688.49,$707.62,$321.30,$520.19,$764.99,$971.54,$910.34,$910.34
Corsair Vengeance RGB 64 GB,DDR5-6000,2 x 32GB,9.333 ns,28,$13.98,Black,0.0,0,,,,,,,,,,,,,,,,,,,,,,,,,,,,,,,,,,,,,,,,,,,,,,,"$2,237.47","$2,237.47","$2,162.89","$2,088.31","$2,013.73","$1,939.14","$1,864.56","$1,789.98","$1,715.40","$1,640.82","$1,566.23","$1,491.65","$1,417.07","$1,342.49","$1,290.28","$1,238.07","$1,185.86","$1,133.65","$1,081.45","$1,029.24",$977.03,$924.82,$872.62,$820.41,$768.20,$715.99,$693.62,$671.24,$648.87,$626.49,$604.12,$581.74,$559.37,$536.99,$514.62,$492.24,$469.87,$447.50,$462.41,$477.33,$492.24,$507.16,$522.08,$760.74,$783.12,$805.49,$827.87,$375.90,$608.59,$894.99,"$1,136.64","$1,065.04","$1,065.04"
G.Skill Trident Z5 Neo RGB 32 GB,DDR5-6000,2 x 16GB,10.667 ns,32,$15.47,Black,4.5,6,,,,,,,,,,,,,,,,,,,,,,,,,,,,,,,,,,,,,,,,,,,,,,,"$1,237.47","$1,237.47","$1,196.23","$1,154.98","$1,113.73","$1,072.48","$1,031.23",$989.98,$948.73,$907.48,$866.23,$824.98,$783.73,$742.49,$713.61,$684.74,$655.86,$626.99,$598.11,$569.24,$540.36,$511.49,$482.62,$453.74,$424.87,$395.99,$383.62,$371.24,$358.87,$346.49,$334.12,$321.74,$309.37,$296.99,$284.62,$272.24,$259.87,$247.50,$255.74,$263.99,$272.24,$280.49,$288.74,$420.74,$433.12,$445.49,$457.87,$207.90,$336.59,$494.99,$628.64,$589.04,$589.04
Corsair Vengeance RGB RS 8 GB,DDR4-3200,1 x 8GB,10 ns,16,$8.00,Black / Gray,0.0,0,$90.11,$90.64,$91.17,$91.70,$92.24,$92.77,$93.30,$93.84,$94.37,$94.90,$95.44,$95.97,$79.97,$76.78,$73.58,$70.38,$67.18,$63.98,$60.78,$57.58,$54.38,$51.18,$47.99,$44.79,$38.92,$39.45,$39.99,$40.52,$41.05,$41.59,$42.12,$42.65,$43.19,$43.72,$44.25,$44.79,$45.85,$46.92,$47.98,$49.05,$50.12,$51.18,$52.25,$53.32,$54.38,$55.45,$56.52,$57.58,$55.98,$54.38,$52.78,$51.18,$49.58,$47.98,$46.39,$44.79,$43.19,$41.59,$39.99,$38.39,$37.32,$36.26,$35.19,$34.12,$33.06,$31.99,$30.92,$29.86,$28.79,$27.72,$26.66,$25.59,$26.13,$26.66,$27.19,$27.72,$28.26,$28.79,$29.32,$29.86,$30.39,$30.92,$31.46,$31.99,$33.06,$34.12,$35.19,$36.26,$37.32,$54.38,$55.98,$57.58,$59.18,$26.87,$43.51,$63.98,$93.41,$102.37,$92.77
Patriot Viper Steel 16 GB,DDR4-3600,2 x 8GB,10 ns,18,,Gray,4.0,2,$145.04,$145.90,$146.76,$147.62,$148.48,$149.34,$150.19,$151.05,$151.91,$152.77,$153.63,$154.48,$128.74,$123.59,$118.44,$113.29,$108.14,$102.99,$97.84,$92.69,$87.54,$82.39,$77.24,$72.09,$62.65,$63.51,$64.37,$65.23,$66.09,$66.94,$67.80,$68.66,$69.52,$70.38,$71.23,$72.09,$73.81,$75.53,$77.24,$78.96,$80.68,$82.39,$84.11,$85.82,$87.54,$89.26,$90.97,$92.69,$90.12,$87.54,$84.97,$82.39,$79.82,$77.24,$74.67,$72.09,$69.52,$66.94,$64.37,$61.79,$60.08,$58.36,$56.64,$54.93,$53.21,$51.49,$49.78,$48.06,$46.35,$44.63,$42.91,$41.20,$42.05,$42.91,$43.77,$44.63,$45.49,$46.35,$47.20,$48.06,$48.92,$49.78,$50.64,$51.49,$53.21,$54.93,$56.64,$58.36,$60.08,$87.54,$90.12,$92.69,$95.27,$43.26,$70.03,$102.99,$150.37,$164.78,$149.34
Corsair Vengeance RGB 32 GB,DDR5-7000,2 x 16GB,11.429 ns,40,$13.09,Black / Silver,0.0,0,,,,,,,,,,,,,,,,,,,,,,,,,,,,,,,,,,,,,,,,,,,,,,,"$1,047.47","$1,047.47","$1,012.56",$977.64,$942.73,$907.81,$872.90,$837.98,$803.06,$768.15,$733.23,$698.32,$663.40,$628.49,$604.04,$579.60,$555.16,$530.72,$506.28,$481.84,$457.40,$432.96,$408.52,$384.07,$359.63,$335.19,$324.72,$314.24,$303.77,$293.29,$282.82,$272.34,$261.87,$251.39,$240.92,$230.44,$219.97,$209.50,$216.48,$223.46,$230.44,$237.43,$244.41,$356.14,$366.62,$377.09,$387.57,$175.98,$284.91,$418.99,$532.12,$498.60,$439.99
Corsair Vengeance RGB 32 GB,DDR5-6200,2 x 16GB,11.613 ns,36,$13.81,Black,5.0,2,,,,,,,,,,,,,,,,,,,,,,,,,,,,,,,,,,,,,,,,,,,,,,,"$1,104.97","$1,104.97","$1,068.14","$1,031.31",$994.48,$957.64,$920.81,$883.98,$847.15,$810.32,$773.48,$736.65,$699.82,$662.99,$637.20,$611.42,$585.64,$559.85,$534.07,$508.29,$482.51,$456.72,$430.94,$405.16,$379.37,$353.59,$342.54,$331.49,$320.44,$309.39,$298.34,$287.29,$276.24,$265.19,$254.14,$243.09,$232.04,$221.00,$228.36,$235.73,$243.09,$250.46,$257.83,$375.69,$386.74,$397.79,$408.84,$185.64,$300.55,$441.99,$561.33,$525.97,$439.99
Corsair Vengeance RGB Pro SL 16 GB,DDR4-3200,2 x 8GB,10 ns,16,$6.81,Black,5.0,1,$153.49,$154.40,$155.31,$156.22,$157.13,$158.04,$158.94,$159.85,$160.76,$161.67,$162.58,$163.48,$136.24,$130.79,$125.34,$119.89,$114.44,$108.99,$103.54,$98.09,$92.64,$87.19,$81.74,$76.29,$66.30,$67.21,$68.12,$69.03,$69.94,$70.84,$71.75,$72.66,$73.57,$74.48,$75.38,$76.29,$78.11,$79.93,$81.74,$83.56,$85.38,$87.19,$89.01,$90.82,$92.64,$94.46,$96.27,$98.09,$95.37,$92.64,$89.92,$87.19,$84.47,$81.74,$79.02,$76.29,$73.57,$70.84,$68.12,$65.39,$63.58,$61.76,$59.94,$58.13,$56.31,$54.49,$52.68,$50.86,$49.05,$47.23,$45.41,$43.60,$44.50,$45.41,$46.32,$47.23,$48.14,$49.05,$49.95,$50.86,$51.77,$52.68,$53.59,$54.49,$56.31,$58.13,$59.94,$61.76,$63.58,$92.64,$95.37,$98.09,$100.82,$45.78,$74.11,$108.99,$159.13,$174.38,$158.04
G.Skill Ripjaws S5 128 GB,DDR5-6400,2 x 64GB,11.25 ns,36,$11.72,Black,0.0,0,,,,,,,,,,,,,,,,,,,,,,,,,,,,,,,,,,,,,,,,,,,,,,,"$3,749.97","$3,749.97","$3,624.98","$3,499.98","$3,374.98","$3,249.98","$3,124.98","$2,999.98","$2,874.98","$2,749.98","$2,624.98","$2,499.98","$2,374.98","$2,249.99","$2,162.49","$2,074.99","$1,987.49","$1,899.99","$1,812.49","$1,724.99","$1,637.49","$1,549.99","$1,462.49","$1,374.99","$1,287.49","$1,199.99","$1,162.49","$1,124.99","$1,087.49","$1,049.99","$1,012.49",$974.99,$937.49,$899.99,$862.49,$824.99,$787.49,$750.00,$774.99,$799.99,$824.99,$849.99,$874.99,"$1,274.99","$1,312.49","$1,349.99","$1,387.49",$630.00,"$1,019.99","$1,499.99","$1,904.99","$1,784.99","$1,784.99"
G.Skill Trident Z5 Royal Neo 48 GB,DDR5-6000,2 x 24GB,8.667 ns,26,$12.71,Silver,5.0,1,,,,,,,,,,,,,,,,,,,,,,,,,,,,,,,,,,,,,,,,,,,,,,,"$1,524.97","$1,524.97","$1,474.14","$1,423.31","$1,372.48","$1,321.64","$1,270.81","$1,219.98","$1,169.15","$1,118.32","$1,067.48","$1,016.65",$965.82,$914.99,$879.40,$843.82,$808.24,$772.65,$737.07,$701.49,$665.91,$630.32,$594.74,$559.16,$523.57,$487.99,$472.74,$457.49,$442.24,$426.99,$411.74,$396.49,$381.24,$365.99,$350.74,$335.49,$320.24,$305.00,$315.16,$325.33,$335.49,$345.66,$355.83,$518.49,$533.74,$548.99,$564.24,$256.20,$414.79,$609.99,$774.69,$725.89,$725.89
G.Skill Trident Z5 Royal Neo 32 GB,DDR5-6000,2 x 16GB,8.667 ns,26,$18.13,Silver,0.0,0,,,,,,,,,,,,,,,,,,,,,,,,,,,,,,,,,,,,,,,,,,,,,,,"$1,449.97","$1,449.97","$1,401.64","$1,353.31","$1,304.98","$1,256.64","$1,208.31","$1,159.98","$1,111.65","$1,063.32","$1,014.98",$966.65,$918.32,$869.99,$836.15,$802.32,$768.49,$734.65,$700.82,$666.99,$633.16,$599.32,$565.49,$531.66,$497.82,$463.99,$449.49,$434.99,$420.49,$405.99,$391.49,$376.99,$362.49,$347.99,$333.49,$318.99,$304.49,$290.00,$299.66,$309.33,$318.99,$328.66,$338.33,$492.99,$507.49,$521.99,$536.49,$243.60,$394.39,$579.99,$736.59,$690.19,$690.19
Crucial CT8G4DFRA32A 8 GB,DDR4-3200,1 x 8GB,13.75 ns,22,$4.57,Green,0.0,0,$51.43,$51.74,$52.04,$52.35,$52.65,$52.95,$53.26,$53.56,$53.87,$54.17,$54.48,$54.78,$45.65,$43.82,$42.00,$40.17,$38.35,$36.52,$34.69,$32.87,$31.04,$29.22,$27.39,$25.56,$22.22,$22.52,$22.83,$23.13,$23.43,$23.74,$24.04,$24.35,$24.65,$24.96,$25.26,$25.56,$26.17,$26.78,$27.39,$28.00,$28.61,$29.22,$29.82,$30.43,$31.04,$31.65,$32.26,$32.87,$31.96,$31.04,$30.13,$29.22,$28.30,$27.39,$26.48,$25.56,$24.65,$23.74,$22.83,$21.91,$21.30,$20.69,$20.09,$19.48,$18.87,$18.26,$17.65,$17.04,$16.43,$15.83,$15.22,$14.61,$14.91,$15.22,$15.52,$15.83,$16.13,$16.43,$16.74,$17.04,$17.35,$17.65,$17.96,$18.26,$18.87,$19.48,$20.09,$20.69,$21.30,$31.04,$31.96,$32.87,$33.78,$15.34,$24.83,$36.52,$53.32,$58.43,$52.95
G.Skill Flare X5 64 GB,DDR5-6000,2 x 32GB,12 ns,36,$11.41,White,0.0,0,,,,,,,,,,,,,,,,,,,,,,,,,,,,,,,,,,,,,,,,,,,,,,,"$1,824.97","$1,824.97","$1,764.14","$1,703.31","$1,642.48","$1,581.64","$1,520.81","$1,459.98","$1,399.15","$1,338.32","$1,277.48","$1,216.65","$1,155.82","$1,094.99","$1,052.40","$1,009.82",$967.24,$924.65,$882.07,$839.49,$796.91,$754.32,$711.74,$669.16,$626.57,$583.99,$565.74,$547.49,$529.24,$510.99,$492.74,$474.49,$456.24,$437.99,$419.74,$401.49,$383.24,$365.00,$377.16,$389.33,$401.49,$413.66,$425.83,$620.49,$638.74,$656.99,$675.24,$306.60,$496.39,$729.99,$927.09,$868.69,$868.69
G.Skill Trident Z5 CK 48 GB,DDR5-8200,2 x 24GB,9.756 ns,40,$11.88,Black,5.0,1,,,,,,,,,,,,,,,,,,,,,,,,,,,,,,,,,,,,,,,,,,,,,,,"$1,424.97","$1,424.97","$1,377.48","$1,329.98","$1,282.48","$1,234.98","$1,187.48","$1,139.98","$1,092.48","$1,044.98",$997.48,$949.98,$902.48,$854.99,$821.74,$788.49,$755.24,$721.99,$688.74,$655.49,$622.24,$588.99,$555.74,$522.49,$489.24,$455.99,$441.74,$427.49,$413.24,$398.99,$384.74,$370.49,$356.24,$341.99,$327.74,$313.49,$299.24,$285.00,$294.49,$303.99,$313.49,$322.99,$332.49,$484.49,$498.74,$512.99,$527.24,$239.40,$387.59,$569.99,$723.89,$678.29,$678.29
ADATA XPG Lancer Blade 64 GB,DDR5-6000,2 x 32GB,10 ns,30,$18.13,Black,0.0,0,,,,,,,,,,,,,,,,,,,,,,,,,,,,,,,,,,,,,,,,,,,,,,,"$2,900.82","$2,900.82","$2,804.13","$2,707.44","$2,610.74","$2,514.05","$2,417.35","$2,320.66","$2,223.97","$2,127.27","$2,030.58","$1,933.88","$1,837.19","$1,740.49","$1,672.81","$1,605.12","$1,537.44","$1,469.75","$1,402.07","$1,334.38","$1,266.69","$1,199.01","$1,131.32","$1,063.64",$995.95,$928.26,$899.26,$870.25,$841.24,$812.23,$783.22,$754.21,$725.21,$696.20,$667.19,$638.18,$609.17,$580.16,$599.50,$618.84,$638.18,$657.52,$676.86,$986.28,"$1,015.29","$1,044.30","$1,073.31",$487.34,$789.02,"$1,160.33","$1,473.62","$1,380.79","$1,380.79"
G.Skill Trident Z RGB 16 GB,DDR4-4000,2 x 8GB,9 ns,18,$8.75,Black,5.0,1,$197.15,$198.32,$199.49,$200.65,$201.82,$202.99,$204.15,$205.32,$206.49,$207.65,$208.82,$209.99,$174.99,$167.99,$160.99,$153.99,$146.99,$139.99,$132.99,$125.99,$118.99,$111.99,$104.99,$97.99,$85.16,$86.33,$87.49,$88.66,$89.83,$90.99,$92.16,$93.33,$94.49,$95.66,$96.83,$97.99,$100.33,$102.66,$104.99,$107.33,$109.66,$111.99,$114.33,$116.66,$118.99,$121.32,$123.66,$125.99,$122.49,$118.99,$115.49,$111.99,$108.49,$104.99,$101.49,$97.99,$94.49,$90.99,$87.49,$83.99,$81.66,$79.33,$76.99,$74.66,$72.33,$70.00,$67.66,$65.33,$63.00,$60.66,$58.33,$56.00,$57.16,$58.33,$59.50,$60.66,$61.83,$63.00,$64.16,$65.33,$66.50,$67.66,$68.83,$70.00,$72.33,$74.66,$76.99,$79.33,$81.66,$118.99,$122.49,$125.99,$129.49,$58.80,$95.19,$139.99,$204.39,$223.98,$202.99
Corsair Dominator Titanium 48 GB,DDR5-6000,2 x 24GB,10 ns,30,$13.25,White,0.0,0,,,,,,,,,,,,,,,,,,,,,,,,,,,,,,,,,,,,,,,,,,,,,,,"$1,589.97","$1,589.97","$1,536.98","$1,483.98","$1,430.98","$1,377.98","$1,324.98","$1,271.98","$1,218.98","$1,165.98","$1,112.98","$1,059.98","$1,006.98",$953.99,$916.89,$879.79,$842.69,$805.59,$768.49,$731.39,$694.29,$657.19,$620.09,$582.99,$545.89,$508.79,$492.89,$476.99,$461.09,$445.19,$429.29,$413.39,$397.49,$381.59,$365.69,$349.79,$333.89,$318.00,$328.59,$339.19,$349.79,$360.39,$370.99,$540.59,$556.49,$572.39,$588.29,$267.12,$432.47,$635.99,$807.71,$756.83,$756.83
Corsair Vengeance 96 GB,DDR5-6400,2 x 48GB,10 ns,32,$12.13,Black,5.0,4,,,,,,,,,,,,,,,,,,,,,,,,,,,,,,,,,,,,,,,,,,,,,,,"$2,909.97","$2,909.97","$2,812.98","$2,715.98","$2,618.98","$2,521.98","$2,424.98","$2,327.98","$2,230.98","$2,133.98","$2,036.98","$1,939.98","$1,842.98","$1,745.99","$1,678.09","$1,610.19","$1,542.29","$1,474.39","$1,406.49","$1,338.59","$1,270.69","$1,202.79","$1,134.89","$1,066.99",$999.09,$931.19,$902.09,$872.99,$843.89,$814.79,$785.69,$756.59,$727.49,$698.39,$669.29,$640.19,$611.09,$582.00,$601.39,$620.79,$640.19,$659.59,$678.99,$989.39,"$1,018.49","$1,047.59","$1,076.69",$488.88,$791.51,"$1,163.99","$1,478.27","$1,385.15","$1,385.15"
Corsair Vengeance LPX 32 GB,DDR4-2400,2 x 16GB,11.667 ns,14,$5.34,Black / Yellow,5.0,2,$240.81,$242.24,$243.66,$245.09,$246.51,$247.94,$249.36,$250.79,$252.21,$253.64,$255.06,$256.49,$213.74,$205.19,$196.64,$188.09,$179.54,$170.99,$162.44,$153.89,$145.34,$136.79,$128.24,$119.69,$104.02,$105.44,$106.87,$108.29,$109.72,$111.14,$112.57,$113.99,$115.42,$116.84,$118.27,$119.69,$122.54,$125.39,$128.24,$131.09,$133.94,$136.79,$139.64,$142.49,$145.34,$148.19,$151.04,$153.89,$149.62,$145.34,$141.07,$136.79,$132.52,$128.24,$123.97,$119.69,$115.42,$111.14,$106.87,$102.59,$99.74,$96.89,$94.04,$91.19,$88.34,$85.50,$82.65,$79.80,$76.95,$74.10,$71.25,$68.40,$69.82,$71.25,$72.67,$74.10,$75.52,$76.95,$78.37,$79.80,$81.22,$82.65,$84.07,$85.50,$88.34,$91.19,$94.04,$96.89,$99.74,$145.34,$149.62,$153.89,$158.17,$71.82,$116.27,$170.99,$249.65,$273.58,$269.00
Corsair Vengeance RGB 96 GB,DDR5-6800,2 x 48GB,11.765 ns,40,$12.34,Black / Silver,0.0,0,,,,,,,,,,,,,,,,,,,,,,,,,,,,,,,,,,,,,,,,,,,,,,,"$2,962.47","$2,962.47","$2,863.73","$2,764.98","$2,666.23","$2,567.48","$2,468.73","$2,369.98","$2,271.23","$2,172.48","$2,073.73","$1,974.98","$1,876.23","$1,777.49","$1,708.36","$1,639.24","$1,570.11","$1,500.99","$1,431.86","$1,362.74","$1,293.61","$1,224.49","$1,155.37","$1,086.24","$1,017.12",$947.99,$918.37,$888.74,$859.12,$829.49,$799.87,$770.24,$740.62,$710.99,$681.37,$651.74,$622.12,$592.50,$612.24,$631.99,$651.74,$671.49,$691.24,"$1,007.24","$1,036.87","$1,066.49","$1,096.12",$497.70,$805.79,"$1,184.99","$1,504.94","$1,410.14","$1,410.14"
Kingston FURY Beast RGB 64 GB,DDR5-5600,2 x 32GB,14.286 ns,40,$10.94,Black,5.0,1,,,,,,,,,,,,,,,,,,,,,,,,,,,,,,,,,,,,,,,,,,,,,,,"$1,749.97","$1,749.97","$1,691.64","$1,633.31","$1,574.98","$1,516.64","$1,458.31","$1,399.98","$1,341.65","$1,283.32","$1,224.98","$1,166.65","$1,108.32","$1,049.99","$1,009.15",$968.32,$927.49,$886.65,$845.82,$804.99,$764.16,$723.32,$682.49,$641.66,$600.82,$559.99,$542.49,$524.99,$507.49,$489.99,$472.49,$454.99,$437.49,$419.99,$402.49,$384.99,$367.49,$350.00,$361.66,$373.33,$384.99,$396.66,$408.33,$594.99,$612.49,$629.99,$647.49,$294.00,$475.99,$699.99,$888.99,$832.99,$832.99
Patriot Viper Xtreme 5 RGB 48 GB,DDR5-8000,2 x 24GB,9.5 ns,38,$12.52,Black,0.0,0,,,,,,,,,,,,,,,,,,,,,,,,,,,,,,,,,,,,,,,,,,,,,,,"$1,502.47","$1,502.47","$1,452.39","$1,402.31","$1,352.23","$1,302.14","$1,252.06","$1,201.98","$1,151.90","$1,101.82","$1,051.73","$1,001.65",$951.57,$901.49,$866.43,$831.37,$796.31,$761.25,$726.20,$691.14,$656.08,$621.02,$585.97,$550.91,$515.85,$480.79,$465.77,$450.74,$435.72,$420.69,$405.67,$390.64,$375.62,$360.59,$345.57,$330.54,$315.52,$300.50,$310.51,$320.53,$330.54,$340.56,$350.58,$510.84,$525.87,$540.89,$555.92,$252.42,$408.67,$600.99,$763.26,$715.18,$715.18
Corsair ValueSelect 16 GB,DDR4-2666,1 x 16GB,13.503 ns,18,$5.19,Black,0.0,0,$116.88,$117.57,$118.26,$118.95,$119.64,$120.34,$121.03,$121.72,$122.41,$123.10,$123.79,$124.48,$103.74,$99.59,$95.44,$91.29,$87.14,$82.99,$78.84,$74.69,$70.54,$66.39,$62.24,$58.09,$50.49,$51.18,$51.87,$52.56,$53.25,$53.94,$54.64,$55.33,$56.02,$56.71,$57.40,$58.09,$59.48,$60.86,$62.24,$63.63,$65.01,$66.39,$67.78,$69.16,$70.54,$71.92,$73.31,$74.69,$72.62,$70.54,$68.47,$66.39,$64.32,$62.24,$60.17,$58.09,$56.02,$53.94,$51.87,$49.79,$48.41,$47.03,$45.64,$44.26,$42.88,$41.49,$40.11,$38.73,$37.35,$35.96,$34.58,$33.20,$33.89,$34.58,$35.27,$35.96,$36.65,$37.35,$38.04,$38.73,$39.42,$40.11,$40.80,$41.49,$42.88,$44.26,$45.64,$47.03,$48.41,$70.54,$72.62,$74.69,$76.77,$34.86,$56.43,$82.99,$121.17,$132.78,$120.34
G.Skill Ripjaws V 128 GB,DDR4-3600,4 x 32GB,10 ns,18,$5.23,Black,0.0,0,$943.57,$949.15,$954.74,$960.32,$965.90,$971.49,$977.07,$982.65,$988.24,$993.82,$999.40,"$1,004.99",$837.49,$803.99,$770.49,$736.99,$703.49,$669.99,$636.49,$602.99,$569.49,$535.99,$502.49,$468.99,$407.58,$413.16,$418.74,$424.33,$429.91,$435.49,$441.08,$446.66,$452.24,$457.83,$463.41,$468.99,$480.16,$491.33,$502.49,$513.66,$524.83,$535.99,$547.16,$558.32,$569.49,$580.66,$591.82,$602.99,$586.24,$569.49,$552.74,$535.99,$519.24,$502.49,$485.74,$468.99,$452.24,$435.49,$418.74,$401.99,$390.83,$379.66,$368.49,$357.33,$346.16,$335.00,$323.83,$312.66,$301.50,$290.33,$279.16,$268.00,$273.58,$279.16,$284.75,$290.33,$295.91,$301.50,$307.08,$312.66,$318.25,$323.83,$329.41,$335.00,$346.16,$357.33,$368.49,$379.66,$390.83,$569.49,$586.24,$602.99,$619.74,$281.40,$455.59,$669.99,$978.19,"$1,071.98",$971.49
TEAMGROUP T-Force Delta RGB 32 GB,DDR5-7200,2 x 16GB,9.444 ns,34,$15.31,Black / White,4.5,6,,,,,,,,,,,,,,,,,,,,,,,,,,,,,,,,,,,,,,,,,,,,,,,"$1,224.97","$1,224.97","$1,184.14","$1,143.31","$1,102.48","$1,061.64","$1,020.81",$979.98,$939.15,$898.32,$857.48,$816.65,$775.82,$734.99,$706.40,$677.82,$649.24,$620.65,$592.07,$563.49,$534.91,$506.32,$477.74,$449.16,$420.57,$391.99,$379.74,$367.49,$355.24,$342.99,$330.74,$318.49,$306.24,$293.99,$281.74,$269.49,$257.24,$245.00,$253.16,$261.33,$269.49,$277.66,$285.83,$416.49,$428.74,$440.99,$453.24,$205.80,$333.19,$489.99,$622.29,$583.09,$583.09
TEAMGROUP T-Create Expert 32 GB,DDR5-6400,2 x 16GB,10 ns,32,$13.44,White,5.0,1,,,,,,,,,,,,,,,,,,,,,,,,,,,,,,,,,,,,,,,,,,,,,,,"$1,074.97","$1,074.97","$1,039.14","$1,003.31",$967.48,$931.64,$895.81,$859.98,$824.15,$788.32,$752.48,$716.65,$680.82,$644.99,$619.90,$594.82,$569.74,$544.65,$519.57,$494.49,$469.41,$444.32,$419.24,$394.16,$369.07,$343.99,$333.24,$322.49,$311.74,$300.99,$290.24,$279.49,$268.74,$257.99,$247.24,$236.49,$225.74,$215.00,$222.16,$229.33,$236.49,$243.66,$250.83,$365.49,$376.24,$386.99,$397.74,$180.60,$292.39,$429.99,$546.09,$511.69,$511.69
G.Skill Trident Z5 RGB 48 GB,DDR5-8400,2 x 24GB,9.524 ns,40,$11.88,White,0.0,0,,,,,,,,,,,,,,,,,,,,,,,,,,,,,,,,,,,,,,,,,,,,,,,"$1,424.97","$1,424.97","$1,377.48","$1,329.98","$1,282.48","$1,234.98","$1,187.48","$1,139.98","$1,092.48","$1,044.98",$997.48,$949.98,$902.48,$854.99,$821.74,$788.49,$755.24,$721.99,$688.74,$655.49,$622.24,$588.99,$555.74,$522.49,$489.24,$455.99,$441.74,$427.49,$413.24,$398.99,$384.74,$370.49,$356.24,$341.99,$327.74,$313.49,$299.24,$285.00,$294.49,$303.99,$313.49,$322.99,$332.49,$484.49,$498.74,$512.99,$527.24,$239.40,$387.59,$569.99,$723.89,$678.29,$678.29
Corsair Vengeance 64 GB,DDR5-6600,2 x 32GB,9.697 ns,32,$13.81,Black / Gray,5.0,1,,,,,,,,,,,,,,,,,,,,,,,,,,,,,,,,,,,,,,,,,,,,,,,"$2,209.97","$2,209.97","$2,136.31","$2,062.64","$1,988.98","$1,915.31","$1,841.65","$1,767.98","$1,694.31","$1,620.65","$1,546.98","$1,473.32","$1,399.65","$1,325.99","$1,274.42","$1,222.85","$1,171.29","$1,119.72","$1,068.15","$1,016.59",$965.02,$913.46,$861.89,$810.32,$758.76,$707.19,$685.09,$662.99,$640.89,$618.79,$596.69,$574.59,$552.49,$530.39,$508.29,$486.19,$464.09,$442.00,$456.73,$471.46,$486.19,$500.93,$515.66,$751.39,$773.49,$795.59,$817.69,$371.28,$601.11,$883.99,"$1,122.67","$1,051.95","$1,051.95"
TEAMGROUP Elite 8 GB,DDR4-3200,1 x 8GB,13.75 ns,22,$7.62,Black,0.0,0,$85.89,$86.40,$86.91,$87.42,$87.93,$88.44,$88.94,$89.45,$89.96,$90.47,$90.98,$91.48,$76.24,$73.19,$70.14,$67.09,$64.04,$60.99,$57.94,$54.89,$51.84,$48.79,$45.74,$42.69,$37.10,$37.61,$38.12,$38.63,$39.14,$39.64,$40.15,$40.66,$41.17,$41.68,$42.18,$42.69,$43.71,$44.73,$45.74,$46.76,$47.78,$48.79,$49.81,$50.82,$51.84,$52.86,$53.87,$54.89,$53.37,$51.84,$50.32,$48.79,$47.27,$45.74,$44.22,$42.69,$41.17,$39.64,$38.12,$36.59,$35.58,$34.56,$33.54,$32.53,$31.51,$30.50,$29.48,$28.46,$27.45,$26.43,$25.41,$24.40,$24.90,$25.41,$25.92,$26.43,$26.94,$27.45,$27.95,$28.46,$28.97,$29.48,$29.99,$30.50,$31.51,$32.53,$33.54,$34.56,$35.58,$51.84,$53.37,$54.89,$56.42,$25.62,$41.47,$60.99,$89.05,$97.58,$88.44
Samsung Green 8 GB,DDR4-2133,1 x 8GB,14.065 ns,15,$5.87,Green / Black,0.0,0,$66.18,$66.57,$66.96,$67.35,$67.74,$68.14,$68.53,$68.92,$69.31,$69.70,$70.09,$70.48,$58.74,$56.39,$54.04,$51.69,$49.34,$46.99,$44.64,$42.29,$39.94,$37.59,$35.24,$32.89,$28.59,$28.98,$29.37,$29.76,$30.15,$30.54,$30.94,$31.33,$31.72,$32.11,$32.50,$32.89,$33.68,$34.46,$35.24,$36.03,$36.81,$37.59,$38.38,$39.16,$39.94,$40.72,$41.51,$42.29,$41.12,$39.94,$38.77,$37.59,$36.42,$35.24,$34.07,$32.89,$31.72,$30.54,$29.37,$28.19,$27.41,$26.63,$25.84,$25.06,$24.28,$23.50,$22.71,$21.93,$21.15,$20.36,$19.58,$18.80,$19.19,$19.58,$19.97,$20.36,$20.75,$21.15,$21.54,$21.93,$22.32,$22.71,$23.10,$23.50,$24.28,$25.06,$25.84,$26.63,$27.41,$39.94,$41.12,$42.29,$43.47,$19.74,$31.95,$46.99,$68.61,$75.18,$68.14
Corsair Vengeance 32 GB,DDR5-7200,2 x 16GB,9.444 ns,34,$14.53,Gray,3.0,1,,,,,,,,,,,,,,,,,,,,,,,,,,,,,,,,,,,,,,,,,,,,,,,"$1,162.47","$1,162.47","$1,123.73","$1,084.98","$1,046.23","$1,007.48",$968.73,$929.98,$891.23,$852.48,$813.73,$774.98,$736.23,$697.49,$670.36,$643.24,$616.11,$588.99,$561.86,$534.74,$507.61,$480.49,$453.37,$426.24,$399.12,$371.99,$360.37,$348.74,$337.12,$325.49,$313.87,$302.24,$290.62,$278.99,$267.37,$255.74,$244.12,$232.50,$240.24,$247.99,$255.74,$263.49,$271.24,$395.24,$406.87,$418.49,$430.12,$195.30,$316.19,$464.99,$590.54,$553.34,$553.34
G.Skill Ripjaws S5 32 GB,DDR5-6000,2 x 16GB,10.667 ns,32,$14.69,White,5.0,1,,,,,,,,,,,,,,,,,,,,,,,,,,,,,,,,,,,,,,,,,,,,,,,"$1,174.97","$1,174.97","$1,135.81","$1,096.64","$1,057.48","$1,018.31",$979.15,$939.98,$900.81,$861.65,$822.48,$783.32,$744.15,$704.99,$677.57,$650.15,$622.74,$595.32,$567.90,$540.49,$513.07,$485.66,$458.24,$430.82,$403.41,$375.99,$364.24,$352.49,$340.74,$328.99,$317.24,$305.49,$293.74,$281.99,$270.24,$258.49,$246.74,$235.00,$242.83,$250.66,$258.49,$266.33,$274.16,$399.49,$411.24,$422.99,$434.74,$197.40,$319.59,$469.99,$596.89,$559.29,$559.29
PNY MN32GK2D43200-TB 32 GB,DDR4-3200,2 x 16GB,13.75 ns,22,$4.53,Black,0.0,0,$204.19,$205.40,$206.61,$207.82,$209.03,$210.24,$211.44,$212.65,$213.86,$215.07,$216.28,$217.49,$181.24,$173.99,$166.74,$159.49,$152.24,$144.99,$137.74,$130.49,$123.24,$115.99,$108.74,$101.49,$88.20,$89.41,$90.62,$91.83,$93.04,$94.24,$95.45,$96.66,$97.87,$99.08,$100.28,$101.49,$103.91,$106.33,$108.74,$111.16,$113.58,$115.99,$118.41,$120.83,$123.24,$125.66,$128.07,$130.49,$126.87,$123.24,$119.62,$115.99,$112.37,$108.74,$105.12,$101.49,$97.87,$94.24,$90.62,$86.99,$84.58,$82.16,$79.74,$77.33,$74.91,$72.50,$70.08,$67.66,$65.25,$62.83,$60.41,$58.00,$59.20,$60.41,$61.62,$62.83,$64.04,$65.25,$66.45,$67.66,$68.87,$70.08,$71.29,$72.50,$74.91,$77.33,$79.74,$82.16,$84.58,$123.24,$126.87,$130.49,$134.12,$60.90,$98.59,$144.99,$211.69,$231.98,$210.24
Corsair Dominator Titanium 32 GB,DDR5-7000,2 x 16GB,9.714 ns,34,$15.91,White,0.0,0,,,,,,,,,,,,,,,,,,,,,,,,,,,,,,,,,,,,,,,,,,,,,,,"$1,272.47","$1,272.47","$1,230.06","$1,187.64","$1,145.23","$1,102.81","$1,060.40","$1,017.98",$975.56,$933.15,$890.73,$848.32,$805.90,$763.49,$733.79,$704.10,$674.41,$644.72,$615.03,$585.34,$555.65,$525.96,$496.27,$466.57,$436.88,$407.19,$394.47,$381.74,$369.02,$356.29,$343.57,$330.84,$318.12,$305.39,$292.67,$279.94,$267.22,$254.50,$262.98,$271.46,$279.94,$288.43,$296.91,$432.64,$445.37,$458.09,$470.82,$213.78,$346.11,$508.99,$646.42,$605.70,$605.70
V-Color Manta XSky RGB 32 GB,DDR5-6400,2 x 16GB,10 ns,32,$11.88,Black,0.0,0,,,,,,,,,,,,,,,,,,,,,,,,,,,,,,,,,,,,,,,,,,,,,,,$949.98,$949.98,$918.31,$886.64,$854.98,$823.31,$791.65,$759.98,$728.31,$696.65,$664.98,$633.32,$601.65,$569.99,$547.82,$525.65,$503.49,$481.32,$459.15,$436.99,$414.82,$392.66,$370.49,$348.32,$326.16,$303.99,$294.49,$284.99,$275.49,$265.99,$256.49,$246.99,$237.49,$227.99,$218.49,$208.99,$199.49,$190.00,$196.33,$202.66,$208.99,$215.33,$221.66,$322.99,$332.49,$341.99,$351.49,$159.60,$258.39,$379.99,$482.59,$452.19,$452.19
G.Skill Trident Z Neo 32 GB,DDR4-3600,2 x 16GB,10 ns,18,$6.56,Black / Silver,4.5,30,$295.74,$297.49,$299.24,$300.99,$302.74,$304.49,$306.24,$307.99,$309.74,$311.49,$313.24,$314.99,$262.49,$251.99,$241.49,$230.99,$220.49,$209.99,$199.49,$188.99,$178.49,$167.99,$157.49,$146.99,$127.74,$129.49,$131.24,$132.99,$134.74,$136.49,$138.24,$139.99,$141.74,$143.49,$145.24,$146.99,$150.49,$153.99,$157.49,$160.99,$164.49,$167.99,$171.49,$174.99,$178.49,$181.99,$185.49,$188.99,$183.74,$178.49,$173.24,$167.99,$162.74,$157.49,$152.24,$146.99,$141.74,$136.49,$131.24,$125.99,$122.49,$118.99,$115.49,$111.99,$108.49,$105.00,$101.50,$98.00,$94.50,$91.00,$87.50,$84.00,$85.75,$87.50,$89.25,$91.00,$92.75,$94.50,$96.25,$98.00,$99.75,$101.50,$103.25,$105.00,$108.49,$111.99,$115.49,$118.99,$122.49,$178.49,$183.74,$188.99,$194.24,$88.20,$142.79,$209.99,$306.59,$335.98,$304.49
Corsair Dominator Platinum RGB 64 GB,DDR5-6400,2 x 32GB,10 ns,32,$14.70,Black,5.0,1,,,,,,,,,,,,,,,,,,,,,,,,,,,,,,,,,,,,,,,,,,,,,,,"$2,352.47","$2,352.47","$2,274.06","$2,195.64","$2,117.23","$2,038.81","$1,960.40","$1,881.98","$1,803.56","$1,725.15","$1,646.73","$1,568.32","$1,489.90","$1,411.49","$1,356.59","$1,301.70","$1,246.81","$1,191.92","$1,137.03","$1,082.14","$1,027.25",$972.36,$917.47,$862.57,$807.68,$752.79,$729.27,$705.74,$682.22,$658.69,$635.17,$611.64,$588.12,$564.59,$541.07,$517.54,$494.02,$470.50,$486.18,$501.86,$517.54,$533.23,$548.91,$799.84,$823.37,$846.89,$870.42,$395.22,$639.87,$940.99,"$1,195.06","$1,119.78","$1,119.78"
G.Skill Flare X5 64 GB,DDR5-5600,2 x 32GB,12.857 ns,36,$10.61,Black / White,5.0,2,,,,,,,,,,,,,,,,,,,,,,,,,,,,,,,,,,,,,,,,,,,,,,,"$1,697.50","$1,697.50","$1,640.92","$1,584.33","$1,527.75","$1,471.17","$1,414.58","$1,358.00","$1,301.42","$1,244.83","$1,188.25","$1,131.67","$1,075.08","$1,018.50",$978.89,$939.28,$899.67,$860.07,$820.46,$780.85,$741.24,$701.63,$662.03,$622.42,$582.81,$543.20,$526.23,$509.25,$492.28,$475.30,$458.33,$441.35,$424.38,$407.40,$390.43,$373.45,$356.48,$339.50,$350.82,$362.13,$373.45,$384.77,$396.08,$577.15,$594.12,$611.10,$628.07,$285.18,$461.72,$679.00,$862.33,$808.01,$808.01
TEAMGROUP T-Create Expert 64 GB,DDR5-6000,2 x 32GB,11.333 ns,34,$11.72,White,5.0,3,,,,,,,,,,,,,,,,,,,,,,,,,,,,,,,,,,,,,,,,,,,,,,,"$1,874.97","$1,874.97","$1,812.48","$1,749.98","$1,687.48","$1,624.98","$1,562.48","$1,499.98","$1,437.48","$1,374.98","$1,312.48","$1,249.98","$1,187.48","$1,124.99","$1,081.24","$1,037.49",$993.74,$949.99,$906.24,$862.49,$818.74,$774.99,$731.24,$687.49,$643.74,$599.99,$581.24,$562.49,$543.74,$524.99,$506.24,$487.49,$468.74,$449.99,$431.24,$412.49,$393.74,$375.00,$387.49,$399.99,$412.49,$424.99,$437.49,$637.49,$656.24,$674.99,$693.74,$315.00,$509.99,$749.99,$952.49,$892.49,$892.49
G.Skill Ripjaws S5 32 GB,DDR5-5600,2 x 16GB,12.857 ns,36,$12.28,White,0.0,0,,,,,,,,,,,,,,,,,,,,,,,,,,,,,,,,,,,,,,,,,,,,,,,$982.48,$982.48,$949.73,$916.98,$884.23,$851.48,$818.73,$785.98,$753.23,$720.48,$687.73,$654.98,$622.23,$589.49,$566.56,$543.64,$520.71,$497.79,$474.86,$451.94,$429.01,$406.09,$383.17,$360.24,$337.32,$314.39,$304.57,$294.74,$284.92,$275.09,$265.27,$255.44,$245.62,$235.79,$225.97,$216.14,$206.32,$196.50,$203.04,$209.59,$216.14,$222.69,$229.24,$334.04,$343.87,$353.69,$363.52,$165.06,$267.23,$392.99,$499.10,$467.66,$467.66
G.Skill Aegis 16 GB,DDR4-3200,1 x 16GB,10 ns,16,$8.05,Red / Black,4.0,4,$181.41,$182.48,$183.55,$184.63,$185.70,$186.77,$187.85,$188.92,$189.99,$191.07,$192.14,$193.22,$161.01,$154.57,$148.13,$141.69,$135.25,$128.81,$122.37,$115.93,$109.49,$103.05,$96.61,$90.17,$78.36,$79.43,$80.51,$81.58,$82.65,$83.73,$84.80,$85.87,$86.95,$88.02,$89.09,$90.17,$92.31,$94.46,$96.61,$98.75,$100.90,$103.05,$105.19,$107.34,$109.49,$111.64,$113.78,$115.93,$112.71,$109.49,$106.27,$103.05,$99.83,$96.61,$93.39,$90.17,$86.95,$83.73,$80.51,$77.29,$75.14,$72.99,$70.85,$68.70,$66.55,$64.41,$62.26,$60.11,$57.96,$55.82,$53.67,$51.52,$52.60,$53.67,$54.74,$55.82,$56.89,$57.96,$59.04,$60.11,$61.18,$62.26,$63.33,$64.41,$66.55,$68.70,$70.85,$72.99,$75.14,$109.49,$112.71,$115.93,$119.15,$54.10,$87.59,$128.81,$188.06,$206.10,$186.77
Patriot Viper Venom RGB 16 GB,DDR5-6000,1 x 16GB,10 ns,30,$13.12,Black / White,0.0,0,,,,,,,,,,,,,,,,,,,,,,,,,,,,,,,,,,,,,,,,,,,,,,,$524.98,$524.98,$507.48,$489.98,$472.48,$454.98,$437.48,$419.98,$402.48,$384.98,$367.48,$349.98,$332.48,$314.99,$302.74,$290.49,$278.24,$265.99,$253.74,$241.49,$229.24,$216.99,$204.74,$192.49,$180.24,$167.99,$162.74,$157.49,$152.24,$146.99,$141.74,$136.49,$131.24,$125.99,$120.74,$115.49,$110.24,$105.00,$108.49,$111.99,$115.49,$118.99,$122.49,$178.49,$183.74,$188.99,$194.24,$88.20,$142.79,$209.99,$266.69,$249.89,$249.89
Corsair Vengeance RGB 64 GB,DDR5-6600,2 x 32GB,9.697 ns,32,$13.95,Black / Gray,0.0,0,,,,,,,,,,,,,,,,,,,,,,,,,,,,,,,,,,,,,,,,,,,,,,,"$2,232.47","$2,232.47","$2,158.06","$2,083.64","$2,009.23","$1,934.81","$1,860.40","$1,785.98","$1,711.56","$1,637.15","$1,562.73","$1,488.32","$1,413.90","$1,339.49","$1,287.39","$1,235.30","$1,183.21","$1,131.12","$1,079.03","$1,026.94",$974.85,$922.76,$870.67,$818.57,$766.48,$714.39,$692.07,$669.74,$647.42,$625.09,$602.77,$580.44,$558.12,$535.79,$513.47,$491.14,$468.82,$446.50,$461.38,$476.26,$491.14,$506.03,$520.91,$759.04,$781.37,$803.69,$826.02,$375.06,$607.23,$892.99,"$1,134.10","$1,062.66","$1,062.66"
ADATA XPG LANCER NEON RGB 32 GB,DDR5-8000,2 x 16GB,9.5 ns,38,$47.10,Black,0.0,0,,,,,,,,,,,,,,,,,,,,,,,,,,,,,,,,,,,,,,,,,,,,,,,"$3,767.67","$3,767.67","$3,642.09","$3,516.50","$3,390.91","$3,265.32","$3,139.73","$3,014.14","$2,888.55","$2,762.96","$2,637.37","$2,511.78","$2,386.19","$2,260.61","$2,172.69","$2,084.78","$1,996.87","$1,908.96","$1,821.04","$1,733.13","$1,645.22","$1,557.31","$1,469.39","$1,381.48","$1,293.57","$1,205.66","$1,167.98","$1,130.30","$1,092.63","$1,054.95","$1,017.27",$979.60,$941.92,$904.24,$866.57,$828.89,$791.21,$753.53,$778.65,$803.77,$828.89,$854.01,$879.12,"$1,281.01","$1,318.69","$1,356.36","$1,394.04",$632.97,"$1,024.81","$1,507.07","$1,913.98","$1,793.41","$1,793.41"
G.Skill Ripjaws V 16 GB,DDR4-3000,2 x 8GB,10.667 ns,16,$7.12,Red / Black,4.5,4,$160.54,$161.49,$162.44,$163.39,$164.34,$165.29,$166.24,$167.19,$168.14,$169.09,$170.04,$170.98,$142.49,$136.79,$131.09,$125.39,$119.69,$113.99,$108.29,$102.59,$96.89,$91.19,$85.49,$79.79,$69.34,$70.29,$71.24,$72.19,$73.14,$74.09,$75.04,$75.99,$76.94,$77.89,$78.84,$79.79,$81.69,$83.59,$85.49,$87.39,$89.29,$91.19,$93.09,$94.99,$96.89,$98.79,$100.69,$102.59,$99.74,$96.89,$94.04,$91.19,$88.34,$85.49,$82.64,$79.79,$76.94,$74.09,$71.24,$68.39,$66.49,$64.59,$62.69,$60.79,$58.89,$56.99,$55.10,$53.20,$51.30,$49.40,$47.50,$45.60,$46.55,$47.50,$48.45,$49.40,$50.35,$51.30,$52.25,$53.20,$54.15,$55.10,$56.05,$56.99,$58.89,$60.79,$62.69,$64.59,$66.49,$96.89,$99.74,$102.59,$105.44,$47.88,$77.51,$113.99,$166.43,$182.38,$129.99
Crucial CT2K32G56C46S5 64 GB,DDR5-5600,2 x 32GB,16.429 ns,46,$7.64,Black,0.0,0,,,,,,,,,,,,,,,,,,,,,,,,,,,,,,,,,,,,,,,,,,,,,,,"$1,222.47","$1,222.47","$1,181.73","$1,140.98","$1,100.23","$1,059.48","$1,018.73",$977.98,$937.23,$896.48,$855.73,$814.98,$774.23,$733.49,$704.96,$676.44,$647.91,$619.39,$590.86,$562.34,$533.81,$505.29,$476.77,$448.24,$419.72,$391.19,$378.97,$366.74,$354.52,$342.29,$330.07,$317.84,$305.62,$293.39,$281.17,$268.94,$256.72,$244.50,$252.64,$260.79,$268.94,$277.09,$285.24,$415.64,$427.87,$440.09,$452.32,$205.38,$332.51,$488.99,$621.02,$581.90,$581.90
G.Skill Trident Z5 Neo 32 GB,DDR5-6000,2 x 16GB,12 ns,36,$12.50,Black,0.0,0,,,,,,,,,,,,,,,,,,,,,,,,,,,,,,,,,,,,,,,,,,,,,,,$999.98,$999.98,$966.64,$933.31,$899.98,$866.64,$833.31,$799.98,$766.65,$733.32,$699.98,$666.65,$633.32,$599.99,$576.65,$553.32,$529.99,$506.65,$483.32,$459.99,$436.66,$413.32,$389.99,$366.66,$343.32,$319.99,$309.99,$299.99,$289.99,$279.99,$269.99,$259.99,$249.99,$239.99,$229.99,$219.99,$209.99,$200.00,$206.66,$213.33,$219.99,$226.66,$233.33,$339.99,$349.99,$359.99,$369.99,$168.00,$271.99,$399.99,$507.99,$475.99,$475.99
Kingston FURY Renegade 64 GB,DDR4-3200,2 x 32GB,10 ns,16,$14.83,Black,0.0,0,"$1,336.64","$1,344.54","$1,352.45","$1,360.36","$1,368.27","$1,376.18","$1,384.09","$1,392.00","$1,399.91","$1,407.82","$1,415.73","$1,423.63","$1,186.36","$1,138.91","$1,091.45","$1,044.00",$996.54,$949.09,$901.64,$854.18,$806.73,$759.27,$711.82,$664.36,$577.36,$585.27,$593.18,$601.09,$609.00,$616.91,$624.82,$632.73,$640.64,$648.54,$656.45,$664.36,$680.18,$696.00,$711.82,$727.64,$743.45,$759.27,$775.09,$790.91,$806.73,$822.54,$838.36,$854.18,$830.45,$806.73,$783.00,$759.27,$735.54,$711.82,$688.09,$664.36,$640.64,$616.91,$593.18,$569.45,$553.64,$537.82,$522.00,$506.18,$490.36,$474.55,$458.73,$442.91,$427.09,$411.27,$395.45,$379.64,$387.55,$395.45,$403.36,$411.27,$419.18,$427.09,$435.00,$442.91,$450.82,$458.73,$466.64,$474.55,$490.36,$506.18,$522.00,$537.82,$553.64,$806.73,$830.45,$854.18,$877.91,$398.62,$645.38,$949.09,"$1,385.67","$1,518.54","$1,376.18"
Corsair Vengeance RGB 32 GB,DDR5-6000,2 x 16GB,13.333 ns,40,$12.59,Black,4.5,19,,,,,,,,,,,,,,,,,,,,,,,,,,,,,,,,,,,,,,,,,,,,,,,"$1,007.48","$1,007.48",$973.89,$940.31,$906.73,$873.14,$839.56,$805.98,$772.40,$738.82,$705.23,$671.65,$638.07,$604.49,$580.98,$557.47,$533.96,$510.45,$486.95,$463.44,$439.93,$416.42,$392.92,$369.41,$345.90,$322.39,$312.32,$302.24,$292.17,$282.09,$272.02,$261.94,$251.87,$241.79,$231.72,$221.64,$211.57,$201.50,$208.21,$214.93,$221.64,$228.36,$235.08,$342.54,$352.62,$362.69,$372.77,$169.26,$274.03,$402.99,$511.80,$479.56,$439.99
Crucial CT32G56C46S5 32 GB,DDR5-5600,1 x 32GB,16.429 ns,46,$9.99,Black,0.0,0,,,,,,,,,,,,,,,,,,,,,,,,,,,,,,,,,,,,,,,,,,,,,,,$799.50,$799.50,$772.85,$746.20,$719.55,$692.90,$666.25,$639.60,$612.95,$586.30,$559.65,$533.00,$506.35,$479.70,$461.05,$442.39,$423.74,$405.08,$386.43,$367.77,$349.12,$330.46,$311.81,$293.15,$274.50,$255.84,$247.85,$239.85,$231.86,$223.86,$215.87,$207.87,$199.88,$191.88,$183.89,$175.89,$167.90,$159.90,$165.23,$170.56,$175.89,$181.22,$186.55,$271.83,$279.82,$287.82,$295.81,$134.32,$217.46,$319.80,$406.15,$380.56,$380.56
G.Skill Trident Z5 Neo RGB 32 GB,DDR5-6400,2 x 16GB,9.375 ns,30,$15.31,White,0.0,0,,,,,,,,,,,,,,,,,,,,,,,,,,,,,,,,,,,,,,,,,,,,,,,"$1,224.97","$1,224.97","$1,184.14","$1,143.31","$1,102.48","$1,061.64","$1,020.81",$979.98,$939.15,$898.32,$857.48,$816.65,$775.82,$734.99,$706.40,$677.82,$649.24,$620.65,$592.07,$563.49,$534.91,$506.32,$477.74,$449.16,$420.57,$391.99,$379.74,$367.49,$355.24,$342.99,$330.74,$318.49,$306.24,$293.99,$281.74,$269.49,$257.24,$245.00,$253.16,$261.33,$269.49,$277.66,$285.83,$416.49,$428.74,$440.99,$453.24,$205.80,$333.19,$489.99,$622.29,$583.09,$583.09
G.Skill Trident Z5 RGB 32 GB,DDR5-8000,2 x 16GB,9.5 ns,38,$16.25,Black,5.0,1,,,,,,,,,,,,,,,,,,,,,,,,,,,,,,,,,,,,,,,,,,,,,,,"$1,299.97","$1,299.97","$1,256.64","$1,213.31","$1,169.98","$1,126.64","$1,083.31","$1,039.98",$996.65,$953.32,$909.98,$866.65,$823.32,$779.99,$749.65,$719.32,$688.99,$658.65,$628.32,$597.99,$567.66,$537.32,$506.99,$476.66,$446.32,$415.99,$402.99,$389.99,$376.99,$363.99,$350.99,$337.99,$324.99,$311.99,$298.99,$285.99,$272.99,$260.00,$268.66,$277.33,$285.99,$294.66,$303.33,$441.99,$454.99,$467.99,$480.99,$218.40,$353.59,$519.99,$660.39,$618.79,$618.79
Corsair Vengeance 32 GB,DDR5-5600,1 x 32GB,14.286 ns,40,$11.88,Black / Gray,0.0,0,,,,,,,,,,,,,,,,,,,,,,,,,,,,,,,,,,,,,,,,,,,,,,,$949.98,$949.98,$918.31,$886.64,$854.98,$823.31,$791.65,$759.98,$728.31,$696.65,$664.98,$633.32,$601.65,$569.99,$547.82,$525.65,$503.49,$481.32,$459.15,$436.99,$414.82,$392.66,$370.49,$348.32,$326.16,$303.99,$294.49,$284.99,$275.49,$265.99,$256.49,$246.99,$237.49,$227.99,$218.49,$208.99,$199.49,$190.00,$196.33,$202.66,$208.99,$215.33,$221.66,$322.99,$332.49,$341.99,$351.49,$159.60,$258.39,$379.99,$482.59,$452.19,$452.19
G.Skill Ripjaws S5 32 GB,DDR5-6000,2 x 16GB,10 ns,30,$14.06,White,4.5,12,,,,,,,,,,,,,,,,,,,,,,,,,,,,,,,,,,,,,,,,,,,,,,,"$1,124.97","$1,124.97","$1,087.48","$1,049.98","$1,012.48",$974.98,$937.48,$899.98,$862.48,$824.98,$787.48,$749.98,$712.48,$674.99,$648.74,$622.49,$596.24,$569.99,$543.74,$517.49,$491.24,$464.99,$438.74,$412.49,$386.24,$359.99,$348.74,$337.49,$326.24,$314.99,$303.74,$292.49,$281.24,$269.99,$258.74,$247.49,$236.24,$225.00,$232.49,$239.99,$247.49,$254.99,$262.49,$382.49,$393.74,$404.99,$416.24,$189.00,$305.99,$449.99,$571.49,$535.49,$535.49
Corsair Vengeance LPX 16 GB,DDR4-3200,2 x 8GB,10 ns,16,$7.06,White,4.5,57,$159.13,$160.07,$161.01,$161.95,$162.89,$163.84,$164.78,$165.72,$166.66,$167.60,$168.54,$169.48,$141.24,$135.59,$129.94,$124.29,$118.64,$112.99,$107.34,$101.69,$96.04,$90.39,$84.74,$79.09,$68.74,$69.68,$70.62,$71.56,$72.50,$73.44,$74.39,$75.33,$76.27,$77.21,$78.15,$79.09,$80.98,$82.86,$84.74,$86.63,$88.51,$90.39,$92.28,$94.16,$96.04,$97.92,$99.81,$101.69,$98.87,$96.04,$93.22,$90.39,$87.57,$84.74,$81.92,$79.09,$76.27,$73.44,$70.62,$67.79,$65.91,$64.03,$62.14,$60.26,$58.38,$56.49,$54.61,$52.73,$50.85,$48.96,$47.08,$45.20,$46.14,$47.08,$48.02,$48.96,$49.90,$50.85,$51.79,$52.73,$53.67,$54.61,$55.55,$56.49,$58.38,$60.26,$62.14,$64.03,$65.91,$96.04,$98.87,$101.69,$104.52,$47.46,$76.83,$112.99,$164.97,$180.78,$144.99
Thermaltake TOUGHRAM XG RGB 64 GB,DDR4-4000,2 x 32GB,9.5 ns,19,$8.67,White / Silver,0.0,0,$781.60,$786.22,$790.85,$795.47,$800.10,$804.72,$809.35,$813.97,$818.60,$823.22,$827.85,$832.47,$693.73,$665.98,$638.23,$610.48,$582.73,$554.98,$527.23,$499.48,$471.73,$443.98,$416.24,$388.49,$337.61,$342.24,$346.86,$351.49,$356.11,$360.74,$365.36,$369.99,$374.61,$379.24,$383.86,$388.49,$397.74,$406.99,$416.24,$425.48,$434.73,$443.98,$453.23,$462.48,$471.73,$480.98,$490.23,$499.48,$485.61,$471.73,$457.86,$443.98,$430.11,$416.24,$402.36,$388.49,$374.61,$360.74,$346.86,$332.99,$323.74,$314.49,$305.24,$295.99,$286.74,$277.49,$268.24,$258.99,$249.74,$240.49,$231.24,$221.99,$226.62,$231.24,$235.87,$240.49,$245.12,$249.74,$254.37,$258.99,$263.62,$268.24,$272.87,$277.49,$286.74,$295.99,$305.24,$314.49,$323.74,$471.73,$485.61,$499.48,$513.36,$233.09,$377.39,$554.98,$810.27,$887.97,$804.72
TEAMGROUP T-Force Vulcan Z 8 GB,DDR4-3200,1 x 8GB,10 ns,16,$12.98,Black,5.0,3,$146.23,$147.09,$147.96,$148.82,$149.69,$150.55,$151.42,$152.28,$153.15,$154.01,$154.88,$155.75,$129.79,$124.60,$119.40,$114.21,$109.02,$103.83,$98.64,$93.45,$88.26,$83.06,$77.87,$72.68,$63.16,$64.03,$64.89,$65.76,$66.62,$67.49,$68.35,$69.22,$70.09,$70.95,$71.82,$72.68,$74.41,$76.14,$77.87,$79.60,$81.33,$83.06,$84.79,$86.52,$88.26,$89.99,$91.72,$93.45,$90.85,$88.26,$85.66,$83.06,$80.47,$77.87,$75.28,$72.68,$70.09,$67.49,$64.89,$62.30,$60.57,$58.84,$57.11,$55.38,$53.65,$51.91,$50.18,$48.45,$46.72,$44.99,$43.26,$41.53,$42.40,$43.26,$44.13,$44.99,$45.86,$46.72,$47.59,$48.45,$49.32,$50.18,$51.05,$51.91,$53.65,$55.38,$57.11,$58.84,$60.57,$88.26,$90.85,$93.45,$96.04,$43.61,$70.60,$103.83,$151.59,$166.13,$150.55
G.Skill Trident Z RGB 96 GB,DDR5-6400,2 x 48GB,10 ns,32,$10.21,Black,0.0,0,,,,,,,,,,,,,,,,,,,,,,,,,,,,,,,,,,,,,,,,,,,,,,,"$2,449.97","$2,449.97","$2,368.31","$2,286.64","$2,204.98","$2,123.31","$2,041.65","$1,959.98","$1,878.31","$1,796.65","$1,714.98","$1,633.32","$1,551.65","$1,469.99","$1,412.82","$1,355.65","$1,298.49","$1,241.32","$1,184.15","$1,126.99","$1,069.82","$1,012.66",$955.49,$898.32,$841.16,$783.99,$759.49,$734.99,$710.49,$685.99,$661.49,$636.99,$612.49,$587.99,$563.49,$538.99,$514.49,$490.00,$506.33,$522.66,$538.99,$555.33,$571.66,$832.99,$857.49,$881.99,$906.49,$411.60,$666.39,$979.99,"$1,244.59","$1,166.19","$1,166.19"
G.Skill TridentZ RGB 16 GB,DDR4-4000,2 x 8GB,8.5 ns,17,$10.25,Black,0.0,0,$230.97,$232.33,$233.70,$235.07,$236.43,$237.80,$239.17,$240.53,$241.90,$243.27,$244.63,$246.00,$205.00,$196.80,$188.60,$180.40,$172.20,$164.00,$155.80,$147.60,$139.40,$131.20,$123.00,$114.80,$99.77,$101.13,$102.50,$103.87,$105.23,$106.60,$107.97,$109.33,$110.70,$112.07,$113.43,$114.80,$117.53,$120.27,$123.00,$125.73,$128.47,$131.20,$133.93,$136.67,$139.40,$142.13,$144.87,$147.60,$143.50,$139.40,$135.30,$131.20,$127.10,$123.00,$118.90,$114.80,$110.70,$106.60,$102.50,$98.40,$95.67,$92.93,$90.20,$87.47,$84.73,$82.00,$79.27,$76.53,$73.80,$71.07,$68.33,$65.60,$66.97,$68.33,$69.70,$71.07,$72.43,$73.80,$75.17,$76.53,$77.90,$79.27,$80.63,$82.00,$84.73,$87.47,$90.20,$92.93,$95.67,$139.40,$143.50,$147.60,$151.70,$68.88,$111.52,$164.00,$239.44,$262.40,$237.80
G.Skill Flare X5 32 GB,DDR5-6000,2 x 16GB,10 ns,30,$15.00,Black,0.0,0,,,,,,,,,,,,,,,,,,,,,,,,,,,,,,,,,,,,,,,,,,,,,,,"$1,199.97","$1,199.97","$1,159.98","$1,119.98","$1,079.98","$1,039.98",$999.98,$959.98,$919.98,$879.98,$839.98,$799.98,$759.98,$719.99,$691.99,$663.99,$635.99,$607.99,$579.99,$551.99,$523.99,$495.99,$467.99,$439.99,$411.99,$383.99,$371.99,$359.99,$347.99,$335.99,$323.99,$311.99,$299.99,$287.99,$275.99,$263.99,$251.99,$240.00,$247.99,$255.99,$263.99,$271.99,$279.99,$407.99,$419.99,$431.99,$443.99,$201.60,$326.39,$479.99,$609.59,$571.19,$449.99
Corsair Vengeance RGB Pro 16 GB,DDR4-3000,2 x 8GB,10.667 ns,16,$6.81,Black,4.5,53,$153.49,$154.40,$155.31,$156.22,$157.13,$158.04,$158.94,$159.85,$160.76,$161.67,$162.58,$163.48,$136.24,$130.79,$125.34,$119.89,$114.44,$108.99,$103.54,$98.09,$92.64,$87.19,$81.74,$76.29,$66.30,$67.21,$68.12,$69.03,$69.94,$70.84,$71.75,$72.66,$73.57,$74.48,$75.38,$76.29,$78.11,$79.93,$81.74,$83.56,$85.38,$87.19,$89.01,$90.82,$92.64,$94.46,$96.27,$98.09,$95.37,$92.64,$89.92,$87.19,$84.47,$81.74,$79.02,$76.29,$73.57,$70.84,$68.12,$65.39,$63.58,$61.76,$59.94,$58.13,$56.31,$54.49,$52.68,$50.86,$49.05,$47.23,$45.41,$43.60,$44.50,$45.41,$46.32,$47.23,$48.14,$49.05,$49.95,$50.86,$51.77,$52.68,$53.59,$54.49,$56.31,$58.13,$59.94,$61.76,$63.58,$92.64,$95.37,$98.09,$100.82,$45.78,$74.11,$108.99,$159.13,$174.38,$158.04
G.Skill Trident Z5 RGB 32 GB,DDR5-6000,2 x 16GB,12 ns,36,$12.50,Black,4.5,2,,,,,,,,,,,,,,,,,,,,,,,,,,,,,,,,,,,,,,,,,,,,,,,$999.98,$999.98,$966.64,$933.31,$899.98,$866.64,$833.31,$799.98,$766.65,$733.32,$699.98,$666.65,$633.32,$599.99,$576.65,$553.32,$529.99,$506.65,$483.32,$459.99,$436.66,$413.32,$389.99,$366.66,$343.32,$319.99,$309.99,$299.99,$289.99,$279.99,$269.99,$259.99,$249.99,$239.99,$229.99,$219.99,$209.99,$200.00,$206.66,$213.33,$219.99,$226.66,$233.33,$339.99,$349.99,$359.99,$369.99,$168.00,$271.99,$399.99,$507.99,$475.99,$475.99
TEAMGROUP T-Create Expert 32 GB,DDR5-6400,2 x 16GB,10 ns,32,$14.69,Black,5.0,1,,,,,,,,,,,,,,,,,,,,,,,,,,,,,,,,,,,,,,,,,,,,,,,"$1,174.97","$1,174.97","$1,135.81","$1,096.64","$1,057.48","$1,018.31",$979.15,$939.98,$900.81,$861.65,$822.48,$783.32,$744.15,$704.99,$677.57,$650.15,$622.74,$595.32,$567.90,$540.49,$513.07,$485.66,$458.24,$430.82,$403.41,$375.99,$364.24,$352.49,$340.74,$328.99,$317.24,$305.49,$293.74,$281.99,$270.24,$258.49,$246.74,$235.00,$242.83,$250.66,$258.49,$266.33,$274.16,$399.49,$411.24,$422.99,$434.74,$197.40,$319.59,$469.99,$596.89,$559.29,$559.29
G.Skill Trident Z5 Royal Neo RGB 32 GB,DDR5-6000,2 x 16GB,9.333 ns,28,$16.88,Gold,0.0,0,,,,,,,,,,,,,,,,,,,,,,,,,,,,,,,,,,,,,,,,,,,,,,,"$1,349.97","$1,349.97","$1,304.98","$1,259.98","$1,214.98","$1,169.98","$1,124.98","$1,079.98","$1,034.98",$989.98,$944.98,$899.98,$854.98,$809.99,$778.49,$746.99,$715.49,$683.99,$652.49,$620.99,$589.49,$557.99,$526.49,$494.99,$463.49,$431.99,$418.49,$404.99,$391.49,$377.99,$364.49,$350.99,$337.49,$323.99,$310.49,$296.99,$283.49,$270.00,$278.99,$287.99,$296.99,$305.99,$314.99,$458.99,$472.49,$485.99,$499.49,$226.80,$367.19,$539.99,$685.79,$642.59,$642.59
G.Skill Trident Z5 RGB 64 GB,DDR5-6000,2 x 32GB,10 ns,30,$13.59,White / Black,4.5,5,,,,,,,,,,,,,,,,,,,,,,,,,,,,,,,,,,,,,,,,,,,,,,,"$2,174.97","$2,174.97","$2,102.48","$2,029.98","$1,957.48","$1,884.98","$1,812.48","$1,739.98","$1,667.48","$1,594.98","$1,522.48","$1,449.98","$1,377.48","$1,304.99","$1,254.24","$1,203.49","$1,152.74","$1,101.99","$1,051.24","$1,000.49",$949.74,$898.99,$848.24,$797.49,$746.74,$695.99,$674.24,$652.49,$630.74,$608.99,$587.24,$565.49,$543.74,$521.99,$500.24,$478.49,$456.74,$435.00,$449.49,$463.99,$478.49,$492.99,$507.49,$739.49,$761.24,$782.99,$804.74,$365.40,$591.59,$869.99,"$1,104.89","$1,035.29","$1,035.29"
G.Skill Flare X5 256 GB,DDR5-6000,4 x 64GB,12 ns,36,$10.94,Black,0.0,0,,,,,,,,,,,,,,,,,,,,,,,,,,,,,,,,,,,,,,,,,,,,,,,"$6,999.97","$6,999.97","$6,766.64","$6,533.31","$6,299.98","$6,066.64","$5,833.31","$5,599.98","$5,366.65","$5,133.31","$4,899.98","$4,666.65","$4,433.32","$4,199.98","$4,036.65","$3,873.32","$3,709.99","$3,546.65","$3,383.32","$3,219.99","$3,056.66","$2,893.32","$2,729.99","$2,566.66","$2,403.32","$2,239.99","$2,169.99","$2,099.99","$2,029.99","$1,959.99","$1,889.99","$1,819.99","$1,749.99","$1,679.99","$1,609.99","$1,539.99","$1,469.99","$1,399.99","$1,446.66","$1,493.33","$1,539.99","$1,586.66","$1,633.33","$2,379.99","$2,449.99","$2,519.99","$2,589.99","$1,176.00","$1,903.99","$2,799.99","$3,555.99","$3,331.99","$3,331.99"
Corsair Dominator Titanium 48 GB,DDR5-7000,2 x 24GB,10.286 ns,36,$13.50,White,5.0,2,,,,,,,,,,,,,,,,,,,,,,,,,,,,,,,,,,,,,,,,,,,,,,,"$1,619.97","$1,619.97","$1,565.98","$1,511.98","$1,457.98","$1,403.98","$1,349.98","$1,295.98","$1,241.98","$1,187.98","$1,133.98","$1,079.98","$1,025.98",$971.99,$934.19,$896.39,$858.59,$820.79,$782.99,$745.19,$707.39,$669.59,$631.79,$593.99,$556.19,$518.39,$502.19,$485.99,$469.79,$453.59,$437.39,$421.19,$404.99,$388.79,$372.59,$356.39,$340.19,$324.00,$334.79,$345.59,$356.39,$367.19,$377.99,$550.79,$566.99,$583.19,$599.39,$272.16,$440.63,$647.99,$822.95,$771.11,$771.11
Corsair Vengeance RGB 96 GB,DDR5-6600,2 x 48GB,9.697 ns,32,$12.27,Black / Silver,5.0,1,,,,,,,,,,,,,,,,,,,,,,,,,,,,,,,,,,,,,,,,,,,,,,,"$2,944.97","$2,944.97","$2,846.81","$2,748.64","$2,650.48","$2,552.31","$2,454.15","$2,355.98","$2,257.81","$2,159.65","$2,061.48","$1,963.32","$1,865.15","$1,766.99","$1,698.27","$1,629.55","$1,560.84","$1,492.12","$1,423.40","$1,354.69","$1,285.97","$1,217.26","$1,148.54","$1,079.82","$1,011.11",$942.39,$912.94,$883.49,$854.04,$824.59,$795.14,$765.69,$736.24,$706.79,$677.34,$647.89,$618.44,$589.00,$608.63,$628.26,$647.89,$667.53,$687.16,"$1,001.29","$1,030.74","$1,060.19","$1,089.64",$494.76,$801.03,"$1,177.99","$1,496.05","$1,401.81","$1,401.81"
Crucial CT2K8G48C40S5 16 GB,DDR5-4800,2 x 8GB,16.667 ns,40,,Black,0.0,0,,,,,,,,,,,,,,,,,,,,,,,,,,,,,,,,,,,,,,,,,,,,,,,$359.98,$359.98,$347.98,$335.98,$323.98,$311.98,$299.98,$287.98,$275.98,$263.98,$251.98,$239.98,$227.98,$215.99,$207.59,$199.19,$190.79,$182.39,$173.99,$165.59,$157.19,$148.79,$140.39,$131.99,$123.59,$115.19,$111.59,$107.99,$104.39,$100.79,$97.19,$93.59,$89.99,$86.39,$82.79,$79.19,$75.59,$72.00,$74.39,$76.79,$79.19,$81.59,$83.99,$122.39,$125.99,$129.59,$133.19,$60.48,$97.91,$143.99,$182.87,$171.35,$171.35
Crucial Pro 48 GB,DDR5-5600,2 x 24GB,16.429 ns,46,$8.48,Black,0.0,0,,,,,,,,,,,,,,,,,,,,,,,,,,,,,,,,,,,,,,,,,,,,,,,"$1,017.48","$1,017.48",$983.56,$949.64,$915.73,$881.81,$847.90,$813.98,$780.06,$746.15,$712.23,$678.32,$644.40,$610.49,$586.74,$563.00,$539.26,$515.52,$491.78,$468.04,$444.30,$420.56,$396.82,$373.07,$349.33,$325.59,$315.42,$305.24,$295.07,$284.89,$274.72,$264.54,$254.37,$244.19,$234.02,$223.84,$213.67,$203.50,$210.28,$217.06,$223.84,$230.63,$237.41,$345.94,$356.12,$366.29,$376.47,$170.94,$276.75,$406.99,$516.88,$484.32,$484.32
G.Skill Trident Z5 RGB 32 GB,DDR5-7600,2 x 16GB,9.474 ns,36,$15.53,Black,5.0,3,,,,,,,,,,,,,,,,,,,,,,,,,,,,,,,,,,,,,,,,,,,,,,,"$1,242.47","$1,242.47","$1,201.06","$1,159.64","$1,118.23","$1,076.81","$1,035.40",$993.98,$952.56,$911.15,$869.73,$828.32,$786.90,$745.49,$716.49,$687.50,$658.51,$629.52,$600.53,$571.54,$542.55,$513.56,$484.57,$455.57,$426.58,$397.59,$385.17,$372.74,$360.32,$347.89,$335.47,$323.04,$310.62,$298.19,$285.77,$273.34,$260.92,$248.50,$256.78,$265.06,$273.34,$281.63,$289.91,$422.44,$434.87,$447.29,$459.72,$208.74,$337.95,$496.99,$631.18,$591.42,$591.42
G.Skill Ripjaws S5 32 GB,DDR5-5200,2 x 16GB,15.385 ns,40,$12.19,White,0.0,0,,,,,,,,,,,,,,,,,,,,,,,,,,,,,,,,,,,,,,,,,,,,,,,$974.98,$974.98,$942.48,$909.98,$877.48,$844.98,$812.48,$779.98,$747.48,$714.98,$682.48,$649.98,$617.48,$584.99,$562.24,$539.49,$516.74,$493.99,$471.24,$448.49,$425.74,$402.99,$380.24,$357.49,$334.74,$311.99,$302.24,$292.49,$282.74,$272.99,$263.24,$253.49,$243.74,$233.99,$224.24,$214.49,$204.74,$195.00,$201.49,$207.99,$214.49,$220.99,$227.49,$331.49,$341.24,$350.99,$360.74,$163.80,$265.19,$389.99,$495.29,$464.09,$464.09
G.Skill Ripjaws M5 RGB 64 GB,DDR5-6400,2 x 32GB,10 ns,32,$14.53,White,5.0,1,,,,,,,,,,,,,,,,,,,,,,,,,,,,,,,,,,,,,,,,,,,,,,,"$2,324.97","$2,324.97","$2,247.48","$2,169.98","$2,092.48","$2,014.98","$1,937.48","$1,859.98","$1,782.48","$1,704.98","$1,627.48","$1,549.98","$1,472.48","$1,394.99","$1,340.74","$1,286.49","$1,232.24","$1,177.99","$1,123.74","$1,069.49","$1,015.24",$960.99,$906.74,$852.49,$798.24,$743.99,$720.74,$697.49,$674.24,$650.99,$627.74,$604.49,$581.24,$557.99,$534.74,$511.49,$488.24,$465.00,$480.49,$495.99,$511.49,$526.99,$542.49,$790.49,$813.74,$836.99,$860.24,$390.60,$632.39,$929.99,"$1,181.09","$1,106.69","$1,106.69"
Silicon Power XPOWER Zenith Gaming 64 GB,DDR5-6000,2 x 32GB,10 ns,30,$11.83,White,4.5,2,,,,,,,,,,,,,,,,,,,,,,,,,,,,,,,,,,,,,,,,,,,,,,,"$1,891.97","$1,891.97","$1,828.91","$1,765.84","$1,702.78","$1,639.71","$1,576.65","$1,513.58","$1,450.51","$1,387.45","$1,324.38","$1,261.32","$1,198.25","$1,135.18","$1,091.04","$1,046.89","$1,002.75",$958.60,$914.45,$870.31,$826.16,$782.02,$737.87,$693.72,$649.58,$605.43,$586.51,$567.59,$548.67,$529.75,$510.83,$491.91,$472.99,$454.07,$435.15,$416.23,$397.31,$378.39,$391.01,$403.62,$416.23,$428.85,$441.46,$643.27,$662.19,$681.11,$700.03,$317.85,$514.62,$756.79,$961.12,$900.58,$900.58
Kingston ValueRAM 4 GB,DDR4-3200,1 x 4GB,13.75 ns,22,$7.72,Green,0.0,0,$43.50,$43.76,$44.02,$44.28,$44.53,$44.79,$45.05,$45.31,$45.56,$45.82,$46.08,$46.34,$38.61,$37.07,$35.52,$33.98,$32.43,$30.89,$29.35,$27.80,$26.26,$24.71,$23.17,$21.62,$18.79,$19.05,$19.31,$19.56,$19.82,$20.08,$20.34,$20.59,$20.85,$21.11,$21.37,$21.62,$22.14,$22.65,$23.17,$23.68,$24.20,$24.71,$25.23,$25.74,$26.26,$26.77,$27.29,$27.80,$27.03,$26.26,$25.48,$24.71,$23.94,$23.17,$22.40,$21.62,$20.85,$20.08,$19.31,$18.53,$18.02,$17.50,$16.99,$16.47,$15.96,$15.45,$14.93,$14.42,$13.90,$13.39,$12.87,$12.36,$12.61,$12.87,$13.13,$13.39,$13.64,$13.90,$14.16,$14.42,$14.67,$14.93,$15.19,$15.45,$15.96,$16.47,$16.99,$17.50,$18.02,$26.26,$27.03,$27.80,$28.57,$12.97,$21.01,$30.89,$45.10,$49.42,$44.79
Corsair Dominator Titanium 96 GB,DDR5-6400,4 x 24GB,10 ns,32,$13.11,Black,0.0,0,,,,,,,,,,,,,,,,,,,,,,,,,,,,,,,,,,,,,,,,,,,,,,,"$3,147.47","$3,147.47","$3,042.56","$2,937.64","$2,832.73","$2,727.81","$2,622.90","$2,517.98","$2,413.06","$2,308.15","$2,203.23","$2,098.32","$1,993.40","$1,888.49","$1,815.04","$1,741.60","$1,668.16","$1,594.72","$1,521.28","$1,447.84","$1,374.40","$1,300.96","$1,227.52","$1,154.07","$1,080.63","$1,007.19",$975.72,$944.24,$912.77,$881.29,$849.82,$818.34,$786.87,$755.39,$723.92,$692.44,$660.97,$629.50,$650.48,$671.46,$692.44,$713.43,$734.41,"$1,070.14","$1,101.62","$1,133.09","$1,164.57",$528.78,$856.11,"$1,258.99","$1,598.92","$1,498.20","$1,498.20"
Crucial CT32G48C40S5 32 GB,DDR5-4800,1 x 32GB,16.667 ns,40,$8.38,Black,0.0,0,,,,,,,,,,,,,,,,,,,,,,,,,,,,,,,,,,,,,,,,,,,,,,,$669.98,$669.98,$647.64,$625.31,$602.98,$580.64,$558.31,$535.98,$513.65,$491.32,$468.98,$446.65,$424.32,$401.99,$386.35,$370.72,$355.09,$339.45,$323.82,$308.19,$292.56,$276.92,$261.29,$245.66,$230.02,$214.39,$207.69,$200.99,$194.29,$187.59,$180.89,$174.19,$167.49,$160.79,$154.09,$147.39,$140.69,$134.00,$138.46,$142.93,$147.39,$151.86,$156.33,$227.79,$234.49,$241.19,$247.89,$112.56,$182.23,$267.99,$340.35,$318.91,$318.91
Corsair Vengeance 96 GB,DDR5-6800,2 x 48GB,11.765 ns,40,$12.22,Black,0.0,0,,,,,,,,,,,,,,,,,,,,,,,,,,,,,,,,,,,,,,,,,,,,,,,"$2,932.47","$2,932.47","$2,834.73","$2,736.98","$2,639.23","$2,541.48","$2,443.73","$2,345.98","$2,248.23","$2,150.48","$2,052.73","$1,954.98","$1,857.23","$1,759.49","$1,691.06","$1,622.64","$1,554.21","$1,485.79","$1,417.36","$1,348.94","$1,280.51","$1,212.09","$1,143.67","$1,075.24","$1,006.82",$938.39,$909.07,$879.74,$850.42,$821.09,$791.77,$762.44,$733.12,$703.79,$674.47,$645.14,$615.82,$586.50,$606.04,$625.59,$645.14,$664.69,$684.24,$997.04,"$1,026.37","$1,055.69","$1,085.02",$492.66,$797.63,"$1,172.99","$1,489.70","$1,395.86","$1,395.86"
Corsair Vengeance RGB 48 GB,DDR5-7000,2 x 24GB,10.286 ns,36,$12.73,Black,5.0,1,,,,,,,,,,,,,,,,,,,,,,,,,,,,,,,,,,,,,,,,,,,,,,,"$1,527.47","$1,527.47","$1,476.56","$1,425.64","$1,374.73","$1,323.81","$1,272.90","$1,221.98","$1,171.06","$1,120.15","$1,069.23","$1,018.32",$967.40,$916.49,$880.84,$845.20,$809.56,$773.92,$738.28,$702.64,$667.00,$631.36,$595.72,$560.07,$524.43,$488.79,$473.52,$458.24,$442.97,$427.69,$412.42,$397.14,$381.87,$366.59,$351.32,$336.04,$320.77,$305.50,$315.68,$325.86,$336.04,$346.23,$356.41,$519.34,$534.62,$549.89,$565.17,$256.62,$415.47,$610.99,$775.96,$727.08,$727.08
G.Skill Trident Z5 RGB 128 GB,DDR5-6000,2 x 64GB,11.333 ns,34,$11.48,Black,0.0,0,,,,,,,,,,,,,,,,,,,,,,,,,,,,,,,,,,,,,,,,,,,,,,,"$3,674.97","$3,674.97","$3,552.48","$3,429.98","$3,307.48","$3,184.98","$3,062.48","$2,939.98","$2,817.48","$2,694.98","$2,572.48","$2,449.98","$2,327.48","$2,204.99","$2,119.24","$2,033.49","$1,947.74","$1,861.99","$1,776.24","$1,690.49","$1,604.74","$1,518.99","$1,433.24","$1,347.49","$1,261.74","$1,175.99","$1,139.24","$1,102.49","$1,065.74","$1,028.99",$992.24,$955.49,$918.74,$881.99,$845.24,$808.49,$771.74,$735.00,$759.49,$783.99,$808.49,$832.99,$857.49,"$1,249.49","$1,286.24","$1,322.99","$1,359.74",$617.40,$999.59,"$1,469.99","$1,866.89","$1,749.29","$1,749.29"
Crucial CT2K16G48C40S5 32 GB,DDR5-4800,2 x 16GB,16.667 ns,40,$10.00,Black,0.0,0,,,,,,,,,,,,,,,,,,,,,,,,,,,,,,,,,,,,,,,,,,,,,,,$799.98,$799.98,$773.31,$746.64,$719.98,$693.31,$666.65,$639.98,$613.31,$586.65,$559.98,$533.32,$506.65,$479.99,$461.32,$442.65,$423.99,$405.32,$386.65,$367.99,$349.32,$330.66,$311.99,$293.32,$274.66,$255.99,$247.99,$239.99,$231.99,$223.99,$215.99,$207.99,$199.99,$191.99,$183.99,$175.99,$167.99,$160.00,$165.33,$170.66,$175.99,$181.33,$186.66,$271.99,$279.99,$287.99,$295.99,$134.40,$217.59,$319.99,$406.39,$380.79,$380.79
G.Skill Ripjaws S5 96 GB,DDR5-6400,2 x 48GB,10 ns,32,$9.90,Black,5.0,1,,,,,,,,,,,,,,,,,,,,,,,,,,,,,,,,,,,,,,,,,,,,,,,"$2,374.97","$2,374.97","$2,295.81","$2,216.64","$2,137.48","$2,058.31","$1,979.15","$1,899.98","$1,820.81","$1,741.65","$1,662.48","$1,583.32","$1,504.15","$1,424.99","$1,369.57","$1,314.15","$1,258.74","$1,203.32","$1,147.90","$1,092.49","$1,037.07",$981.66,$926.24,$870.82,$815.41,$759.99,$736.24,$712.49,$688.74,$664.99,$641.24,$617.49,$593.74,$569.99,$546.24,$522.49,$498.74,$475.00,$490.83,$506.66,$522.49,$538.33,$554.16,$807.49,$831.24,$854.99,$878.74,$399.00,$645.99,$949.99,"$1,206.49","$1,130.49","$1,130.49"
Corsair Vengeance LPX 32 GB,DDR4-2666,4 x 8GB,12.003 ns,16,$6.06,Black / Yellow,5.0,4,$273.20,$274.82,$276.44,$278.05,$279.67,$281.29,$282.90,$284.52,$286.14,$287.75,$289.37,$290.99,$242.49,$232.79,$223.09,$213.39,$203.69,$193.99,$184.29,$174.59,$164.89,$155.19,$145.49,$135.79,$118.01,$119.63,$121.24,$122.86,$124.48,$126.09,$127.71,$129.33,$130.94,$132.56,$134.18,$135.79,$139.03,$142.26,$145.49,$148.73,$151.96,$155.19,$158.43,$161.66,$164.89,$168.12,$171.36,$174.59,$169.74,$164.89,$160.04,$155.19,$150.34,$145.49,$140.64,$135.79,$130.94,$126.09,$121.24,$116.39,$113.16,$109.93,$106.69,$103.46,$100.23,$97.00,$93.76,$90.53,$87.30,$84.06,$80.83,$77.60,$79.21,$80.83,$82.45,$84.06,$85.68,$87.30,$88.91,$90.53,$92.15,$93.76,$95.38,$97.00,$100.23,$103.46,$106.69,$109.93,$113.16,$164.89,$169.74,$174.59,$179.44,$81.48,$131.91,$193.99,$283.23,$310.38,$269.00
G.Skill Aegis 8 GB,DDR4-3000,1 x 8GB,10.667 ns,16,$11.15,Black / Red,4.5,27,$125.60,$126.34,$127.08,$127.82,$128.57,$129.31,$130.05,$130.80,$131.54,$132.28,$133.03,$133.77,$111.48,$107.02,$102.56,$98.10,$93.64,$89.18,$84.72,$80.26,$75.80,$71.34,$66.89,$62.43,$54.25,$54.99,$55.74,$56.48,$57.22,$57.97,$58.71,$59.45,$60.20,$60.94,$61.68,$62.43,$63.91,$65.40,$66.89,$68.37,$69.86,$71.34,$72.83,$74.32,$75.80,$77.29,$78.78,$80.26,$78.03,$75.80,$73.57,$71.34,$69.11,$66.89,$64.66,$62.43,$60.20,$57.97,$55.74,$53.51,$52.02,$50.54,$49.05,$47.56,$46.08,$44.59,$43.10,$41.62,$40.13,$38.64,$37.16,$35.67,$36.42,$37.16,$37.90,$38.64,$39.39,$40.13,$40.87,$41.62,$42.36,$43.10,$43.85,$44.59,$46.08,$47.56,$49.05,$50.54,$52.02,$75.80,$78.03,$80.26,$82.49,$37.46,$60.64,$89.18,$130.20,$142.69,$129.31
Patriot Viper Elite II 16 GB,DDR4-4000,1 x 16GB,10 ns,20,$7.50,Red / Black,0.0,0,$168.99,$169.99,$170.99,$171.99,$172.99,$173.99,$174.99,$175.99,$176.99,$177.99,$178.99,$179.98,$149.99,$143.99,$137.99,$131.99,$125.99,$119.99,$113.99,$107.99,$101.99,$95.99,$89.99,$83.99,$72.99,$73.99,$74.99,$75.99,$76.99,$77.99,$78.99,$79.99,$80.99,$81.99,$82.99,$83.99,$85.99,$87.99,$89.99,$91.99,$93.99,$95.99,$97.99,$99.99,$101.99,$103.99,$105.99,$107.99,$104.99,$101.99,$98.99,$95.99,$92.99,$89.99,$86.99,$83.99,$80.99,$77.99,$74.99,$71.99,$69.99,$67.99,$65.99,$63.99,$61.99,$59.99,$58.00,$56.00,$54.00,$52.00,$50.00,$48.00,$49.00,$50.00,$51.00,$52.00,$53.00,$54.00,$55.00,$56.00,$57.00,$58.00,$59.00,$59.99,$61.99,$63.99,$65.99,$67.99,$69.99,$101.99,$104.99,$107.99,$110.99,$50.40,$81.59,$119.99,$175.19,$191.98,$173.99
Corsair Vengeance RGB Pro 16 GB,DDR4-2666,2 x 8GB,12.003 ns,16,$6.62,Black,4.5,6,$149.27,$150.15,$151.04,$151.92,$152.80,$153.69,$154.57,$155.45,$156.34,$157.22,$158.10,$158.98,$132.49,$127.19,$121.89,$116.59,$111.29,$105.99,$100.69,$95.39,$90.09,$84.79,$79.49,$74.19,$64.48,$65.36,$66.24,$67.13,$68.01,$68.89,$69.78,$70.66,$71.54,$72.43,$73.31,$74.19,$75.96,$77.73,$79.49,$81.26,$83.03,$84.79,$86.56,$88.32,$90.09,$91.86,$93.62,$95.39,$92.74,$90.09,$87.44,$84.79,$82.14,$79.49,$76.84,$74.19,$71.54,$68.89,$66.24,$63.59,$61.83,$60.06,$58.29,$56.53,$54.76,$52.99,$51.23,$49.46,$47.70,$45.93,$44.16,$42.40,$43.28,$44.16,$45.05,$45.93,$46.81,$47.70,$48.58,$49.46,$50.35,$51.23,$52.11,$52.99,$54.76,$56.53,$58.29,$60.06,$61.83,$90.09,$92.74,$95.39,$98.04,$44.52,$72.07,$105.99,$154.75,$169.58,$153.69
Patriot Viper Venom 64 GB,DDR5-6000,2 x 32GB,12 ns,36,$10.94,Black / White,0.0,0,,,,,,,,,,,,,,,,,,,,,,,,,,,,,,,,,,,,,,,,,,,,,,,"$1,749.97","$1,749.97","$1,691.64","$1,633.31","$1,574.98","$1,516.64","$1,458.31","$1,399.98","$1,341.65","$1,283.32","$1,224.98","$1,166.65","$1,108.32","$1,049.99","$1,009.15",$968.32,$927.49,$886.65,$845.82,$804.99,$764.16,$723.32,$682.49,$641.66,$600.82,$559.99,$542.49,$524.99,$507.49,$489.99,$472.49,$454.99,$437.49,$419.99,$402.49,$384.99,$367.49,$350.00,$361.66,$373.33,$384.99,$396.66,$408.33,$594.99,$612.49,$629.99,$647.49,$294.00,$475.99,$699.99,$888.99,$832.99,$832.99
Patriot Viper Elite 5 Ultra 48 GB,DDR5-6000,2 x 24GB,9.333 ns,28,$11.77,Black,0.0,0,,,,,,,,,,,,,,,,,,,,,,,,,,,,,,,,,,,,,,,,,,,,,,,"$1,412.47","$1,412.47","$1,365.39","$1,318.31","$1,271.23","$1,224.14","$1,177.06","$1,129.98","$1,082.90","$1,035.82",$988.73,$941.65,$894.57,$847.49,$814.53,$781.57,$748.61,$715.65,$682.70,$649.74,$616.78,$583.82,$550.87,$517.91,$484.95,$451.99,$437.87,$423.74,$409.62,$395.49,$381.37,$367.24,$353.12,$338.99,$324.87,$310.74,$296.62,$282.50,$291.91,$301.33,$310.74,$320.16,$329.58,$480.24,$494.37,$508.49,$522.62,$237.30,$384.19,$564.99,$717.54,$672.34,$672.34
Corsair Vengeance RGB RS 16 GB,DDR4-3600,1 x 16GB,10 ns,18,$6.81,Black,0.0,0,$153.49,$154.40,$155.31,$156.22,$157.13,$158.04,$158.94,$159.85,$160.76,$161.67,$162.58,$163.48,$136.24,$130.79,$125.34,$119.89,$114.44,$108.99,$103.54,$98.09,$92.64,$87.19,$81.74,$76.29,$66.30,$67.21,$68.12,$69.03,$69.94,$70.84,$71.75,$72.66,$73.57,$74.48,$75.38,$76.29,$78.11,$79.93,$81.74,$83.56,$85.38,$87.19,$89.01,$90.82,$92.64,$94.46,$96.27,$98.09,$95.37,$92.64,$89.92,$87.19,$84.47,$81.74,$79.02,$76.29,$73.57,$70.84,$68.12,$65.39,$63.58,$61.76,$59.94,$58.13,$56.31,$54.49,$52.68,$50.86,$49.05,$47.23,$45.41,$43.60,$44.50,$45.41,$46.32,$47.23,$48.14,$49.05,$49.95,$50.86,$51.77,$52.68,$53.59,$54.49,$56.31,$58.13,$59.94,$61.76,$63.58,$92.64,$95.37,$98.09,$100.82,$45.78,$74.11,$108.99,$159.13,$174.38,$158.04
Patriot Viper Elite 5 Ultra 48 GB,DDR5-6400,2 x 24GB,10 ns,32,$12.08,Black,0.0,0,,,,,,,,,,,,,,,,,,,,,,,,,,,,,,,,,,,,,,,,,,,,,,,"$1,449.97","$1,449.97","$1,401.64","$1,353.31","$1,304.98","$1,256.64","$1,208.31","$1,159.98","$1,111.65","$1,063.32","$1,014.98",$966.65,$918.32,$869.99,$836.15,$802.32,$768.49,$734.65,$700.82,$666.99,$633.16,$599.32,$565.49,$531.66,$497.82,$463.99,$449.49,$434.99,$420.49,$405.99,$391.49,$376.99,$362.49,$347.99,$333.49,$318.99,$304.49,$290.00,$299.66,$309.33,$318.99,$328.66,$338.33,$492.99,$507.49,$521.99,$536.49,$243.60,$394.39,$579.99,$736.59,$690.19,$690.19
G.Skill Trident Z5 RGB 64 GB,DDR5-6000,2 x 32GB,12 ns,36,$11.41,White / Black,5.0,3,,,,,,,,,,,,,,,,,,,,,,,,,,,,,,,,,,,,,,,,,,,,,,,"$1,824.97","$1,824.97","$1,764.14","$1,703.31","$1,642.48","$1,581.64","$1,520.81","$1,459.98","$1,399.15","$1,338.32","$1,277.48","$1,216.65","$1,155.82","$1,094.99","$1,052.40","$1,009.82",$967.24,$924.65,$882.07,$839.49,$796.91,$754.32,$711.74,$669.16,$626.57,$583.99,$565.74,$547.49,$529.24,$510.99,$492.74,$474.49,$456.24,$437.99,$419.74,$401.49,$383.24,$365.00,$377.16,$389.33,$401.49,$413.66,$425.83,$620.49,$638.74,$656.99,$675.24,$306.60,$496.39,$729.99,$927.09,$868.69,$868.69
G.Skill Ripjaws S5 64 GB,DDR5-6800,2 x 32GB,10 ns,34,$14.69,Black,0.0,0,,,,,,,,,,,,,,,,,,,,,,,,,,,,,,,,,,,,,,,,,,,,,,,"$2,349.97","$2,349.97","$2,271.64","$2,193.31","$2,114.98","$2,036.64","$1,958.31","$1,879.98","$1,801.65","$1,723.32","$1,644.98","$1,566.65","$1,488.32","$1,409.99","$1,355.15","$1,300.32","$1,245.49","$1,190.65","$1,135.82","$1,080.99","$1,026.16",$971.32,$916.49,$861.66,$806.82,$751.99,$728.49,$704.99,$681.49,$657.99,$634.49,$610.99,$587.49,$563.99,$540.49,$516.99,$493.49,$470.00,$485.66,$501.33,$516.99,$532.66,$548.33,$798.99,$822.49,$845.99,$869.49,$394.80,$639.19,$939.99,"$1,193.79","$1,118.59","$1,118.59"
Crucial CT16G4WFD8213 16 GB,DDR4-2133,1 x 16GB,14.065 ns,15,$6.95,Green,5.0,3,$156.61,$157.53,$158.46,$159.39,$160.31,$161.24,$162.17,$163.09,$164.02,$164.95,$165.87,$166.80,$139.00,$133.44,$127.88,$122.32,$116.76,$111.20,$105.64,$100.08,$94.52,$88.96,$83.40,$77.84,$67.65,$68.57,$69.50,$70.43,$71.35,$72.28,$73.21,$74.13,$75.06,$75.99,$76.91,$77.84,$79.69,$81.55,$83.40,$85.25,$87.11,$88.96,$90.81,$92.67,$94.52,$96.37,$98.23,$100.08,$97.30,$94.52,$91.74,$88.96,$86.18,$83.40,$80.62,$77.84,$75.06,$72.28,$69.50,$66.72,$64.87,$63.01,$61.16,$59.31,$57.45,$55.60,$53.75,$51.89,$50.04,$48.19,$46.33,$44.48,$45.41,$46.33,$47.26,$48.19,$49.11,$50.04,$50.97,$51.89,$52.82,$53.75,$54.67,$55.60,$57.45,$59.31,$61.16,$63.01,$64.87,$94.52,$97.30,$100.08,$102.86,$46.70,$75.62,$111.20,$162.35,$177.92,$161.24
Kingston FURY Beast 32 GB,DDR5-5200,1 x 32GB,15.385 ns,40,$17.12,Black,0.0,0,,,,,,,,,,,,,,,,,,,,,,,,,,,,,,,,,,,,,,,,,,,,,,,"$1,369.93","$1,369.93","$1,324.26","$1,278.60","$1,232.93","$1,187.27","$1,141.60","$1,095.94","$1,050.28","$1,004.61",$958.95,$913.28,$867.62,$821.96,$789.99,$758.03,$726.06,$694.10,$662.13,$630.17,$598.20,$566.24,$534.27,$502.31,$470.34,$438.38,$424.68,$410.98,$397.28,$383.58,$369.88,$356.18,$342.48,$328.78,$315.08,$301.38,$287.68,$273.99,$283.12,$292.25,$301.38,$310.52,$319.65,$465.77,$479.47,$493.17,$506.87,$230.15,$372.62,$547.97,$695.92,$652.08,$652.08
TEAMGROUP T-Force Delta RGB 32 GB,DDR5-7200,2 x 16GB,9.444 ns,34,$15.31,White / Gray,4.5,4,,,,,,,,,,,,,,,,,,,,,,,,,,,,,,,,,,,,,,,,,,,,,,,"$1,224.97","$1,224.97","$1,184.14","$1,143.31","$1,102.48","$1,061.64","$1,020.81",$979.98,$939.15,$898.32,$857.48,$816.65,$775.82,$734.99,$706.40,$677.82,$649.24,$620.65,$592.07,$563.49,$534.91,$506.32,$477.74,$449.16,$420.57,$391.99,$379.74,$367.49,$355.24,$342.99,$330.74,$318.49,$306.24,$293.99,$281.74,$269.49,$257.24,$245.00,$253.16,$261.33,$269.49,$277.66,$285.83,$416.49,$428.74,$440.99,$453.24,$205.80,$333.19,$489.99,$622.29,$583.09,$583.09
Crucial CT8G56C46S5 8 GB,DDR5-5600,1 x 8GB,16.429 ns,46,$9.12,Black,0.0,0,,,,,,,,,,,,,,,,,,,,,,,,,,,,,,,,,,,,,,,,,,,,,,,$182.47,$182.47,$176.39,$170.31,$164.23,$158.14,$152.06,$145.98,$139.90,$133.81,$127.73,$121.65,$115.57,$109.48,$105.23,$100.97,$96.71,$92.45,$88.20,$83.94,$79.68,$75.42,$71.17,$66.91,$62.65,$58.39,$56.57,$54.74,$52.92,$51.09,$49.27,$47.44,$45.62,$43.79,$41.97,$40.14,$38.32,$36.49,$37.71,$38.93,$40.14,$41.36,$42.58,$62.04,$63.87,$65.69,$67.52,$30.66,$49.63,$72.99,$92.70,$86.86,$86.86
TEAMGROUP T-Create Expert 48 GB,DDR5-7200,2 x 24GB,9.444 ns,34,,Black,5.0,3,,,,,,,,,,,,,,,,,,,,,,,,,,,,,,,,,,,,,,,,,,,,,,,"$1,412.47","$1,412.47","$1,365.39","$1,318.31","$1,271.23","$1,224.14","$1,177.06","$1,129.98","$1,082.90","$1,035.82",$988.73,$941.65,$894.57,$847.49,$814.53,$781.57,$748.61,$715.65,$682.70,$649.74,$616.78,$583.82,$550.87,$517.91,$484.95,$451.99,$437.87,$423.74,$409.62,$395.49,$381.37,$367.24,$353.12,$338.99,$324.87,$310.74,$296.62,$282.50,$291.91,$301.33,$310.74,$320.16,$329.58,$480.24,$494.37,$508.49,$522.62,$237.30,$384.19,$564.99,$717.54,$672.34,$672.34
Corsair Vengeance LPX 16 GB,DDR4-2666,1 x 16GB,12.003 ns,16,$5.37,Black / Yellow,5.0,3,$121.10,$121.82,$122.54,$123.25,$123.97,$124.69,$125.40,$126.12,$126.84,$127.55,$128.27,$128.98,$107.49,$103.19,$98.89,$94.59,$90.29,$85.99,$81.69,$77.39,$73.09,$68.79,$64.49,$60.19,$52.31,$53.03,$53.74,$54.46,$55.18,$55.89,$56.61,$57.33,$58.04,$58.76,$59.48,$60.19,$61.63,$63.06,$64.49,$65.93,$67.36,$68.79,$70.23,$71.66,$73.09,$74.52,$75.96,$77.39,$75.24,$73.09,$70.94,$68.79,$66.64,$64.49,$62.34,$60.19,$58.04,$55.89,$53.74,$51.59,$50.16,$48.73,$47.29,$45.86,$44.43,$42.99,$41.56,$40.13,$38.70,$37.26,$35.83,$34.40,$35.11,$35.83,$36.55,$37.26,$37.98,$38.70,$39.41,$40.13,$40.85,$41.56,$42.28,$42.99,$44.43,$45.86,$47.29,$48.73,$50.16,$73.09,$75.24,$77.39,$79.54,$36.12,$58.47,$85.99,$125.55,$137.58,$144.99
G.Skill Trident Z5 RGB 64 GB,DDR5-6400,2 x 32GB,10 ns,32,$14.05,White / Black,5.0,3,,,,,,,,,,,,,,,,,,,,,,,,,,,,,,,,,,,,,,,,,,,,,,,"$2,247.50","$2,247.50","$2,172.58","$2,097.67","$2,022.75","$1,947.83","$1,872.92","$1,798.00","$1,723.08","$1,648.17","$1,573.25","$1,498.33","$1,423.42","$1,348.50","$1,296.06","$1,243.62","$1,191.17","$1,138.73","$1,086.29","$1,033.85",$981.41,$928.97,$876.53,$824.08,$771.64,$719.20,$696.73,$674.25,$651.78,$629.30,$606.83,$584.35,$561.88,$539.40,$516.93,$494.45,$471.98,$449.50,$464.48,$479.47,$494.45,$509.43,$524.42,$764.15,$786.62,$809.10,$831.57,$377.58,$611.32,$899.00,"$1,141.73","$1,069.81","$1,069.81"
G.Skill Value 8 GB,DDR4-2400,2 x 4GB,14.167 ns,17,$8.75,Black,0.0,0,$98.54,$99.12,$99.71,$100.29,$100.87,$101.46,$102.04,$102.62,$103.21,$103.79,$104.37,$104.95,$87.46,$83.96,$80.47,$76.97,$73.47,$69.97,$66.47,$62.97,$59.47,$55.98,$52.48,$48.98,$42.57,$43.15,$43.73,$44.31,$44.90,$45.48,$46.06,$46.65,$47.23,$47.81,$48.40,$48.98,$50.15,$51.31,$52.48,$53.64,$54.81,$55.98,$57.14,$58.31,$59.47,$60.64,$61.81,$62.97,$61.22,$59.47,$57.73,$55.98,$54.23,$52.48,$50.73,$48.98,$47.23,$45.48,$43.73,$41.98,$40.82,$39.65,$38.48,$37.32,$36.15,$34.98,$33.82,$32.65,$31.49,$30.32,$29.15,$27.99,$28.57,$29.15,$29.74,$30.32,$30.90,$31.49,$32.07,$32.65,$33.24,$33.82,$34.40,$34.98,$36.15,$37.32,$38.48,$39.65,$40.82,$59.47,$61.22,$62.97,$64.72,$29.39,$47.58,$69.97,$102.16,$111.95,$101.46
PNY XLR8 Gaming EPIC-X RGB 32 GB,DDR4-3200,2 x 16GB,10 ns,16,,White,0.0,0,$197.15,$198.32,$199.49,$200.65,$201.82,$202.99,$204.15,$205.32,$206.49,$207.65,$208.82,$209.99,$174.99,$167.99,$160.99,$153.99,$146.99,$139.99,$132.99,$125.99,$118.99,$111.99,$104.99,$97.99,$85.16,$86.33,$87.49,$88.66,$89.83,$90.99,$92.16,$93.33,$94.49,$95.66,$96.83,$97.99,$100.33,$102.66,$104.99,$107.33,$109.66,$111.99,$114.33,$116.66,$118.99,$121.32,$123.66,$125.99,$122.49,$118.99,$115.49,$111.99,$108.49,$104.99,$101.49,$97.99,$94.49,$90.99,$87.49,$83.99,$81.66,$79.33,$76.99,$74.66,$72.33,$70.00,$67.66,$65.33,$63.00,$60.66,$58.33,$56.00,$57.16,$58.33,$59.50,$60.66,$61.83,$63.00,$64.16,$65.33,$66.50,$67.66,$68.83,$70.00,$72.33,$74.66,$76.99,$79.33,$81.66,$118.99,$122.49,$125.99,$129.49,$58.80,$95.19,$139.99,$204.39,$223.98,$202.99
Corsair Vengeance 96 GB,DDR5-6000,2 x 48GB,10 ns,30,$12.25,Black,5.0,1,,,,,,,,,,,,,,,,,,,,,,,,,,,,,,,,,,,,,,,,,,,,,,,"$2,939.97","$2,939.97","$2,841.98","$2,743.98","$2,645.98","$2,547.98","$2,449.98","$2,351.98","$2,253.98","$2,155.98","$2,057.98","$1,959.98","$1,861.98","$1,763.99","$1,695.39","$1,626.79","$1,558.19","$1,489.59","$1,420.99","$1,352.39","$1,283.79","$1,215.19","$1,146.59","$1,077.99","$1,009.39",$940.79,$911.39,$881.99,$852.59,$823.19,$793.79,$764.39,$734.99,$705.59,$676.19,$646.79,$617.39,$588.00,$607.59,$627.19,$646.79,$666.39,$685.99,$999.59,"$1,028.99","$1,058.39","$1,087.79",$493.92,$799.67,"$1,175.99","$1,493.51","$1,399.43","$1,399.43"
Crucial CT2K4G4DFS8213 8 GB,DDR4-2133,2 x 4GB,14.065 ns,15,$7.22,Black / Green,4.5,25,$81.39,$81.87,$82.35,$82.83,$83.31,$83.80,$84.28,$84.76,$85.24,$85.72,$86.20,$86.69,$72.24,$69.35,$66.46,$63.57,$60.68,$57.79,$54.90,$52.01,$49.12,$46.23,$43.34,$40.45,$35.16,$35.64,$36.12,$36.60,$37.08,$37.56,$38.05,$38.53,$39.01,$39.49,$39.97,$40.45,$41.42,$42.38,$43.34,$44.31,$45.27,$46.23,$47.20,$48.16,$49.12,$50.08,$51.05,$52.01,$50.57,$49.12,$47.68,$46.23,$44.79,$43.34,$41.90,$40.45,$39.01,$37.56,$36.12,$34.67,$33.71,$32.75,$31.78,$30.82,$29.86,$28.89,$27.93,$26.97,$26.01,$25.04,$24.08,$23.12,$23.60,$24.08,$24.56,$25.04,$25.52,$26.01,$26.49,$26.97,$27.45,$27.93,$28.41,$28.89,$29.86,$30.82,$31.78,$32.75,$33.71,$49.12,$50.57,$52.01,$53.46,$24.27,$39.30,$57.79,$84.37,$92.46,$83.80
G.Skill Ripjaws M5 RGB 32 GB,DDR5-6000,2 x 16GB,12 ns,36,$11.66,White,0.0,0,,,,,,,,,,,,,,,,,,,,,,,,,,,,,,,,,,,,,,,,,,,,,,,$932.48,$932.48,$901.39,$870.31,$839.23,$808.14,$777.06,$745.98,$714.90,$683.82,$652.73,$621.65,$590.57,$559.49,$537.73,$515.97,$494.21,$472.45,$450.70,$428.94,$407.18,$385.42,$363.67,$341.91,$320.15,$298.39,$289.07,$279.74,$270.42,$261.09,$251.77,$242.44,$233.12,$223.79,$214.47,$205.14,$195.82,$186.50,$192.71,$198.93,$205.14,$211.36,$217.58,$317.04,$326.37,$335.69,$345.02,$156.66,$253.63,$372.99,$473.70,$443.86,$443.86
Corsair Vengeance RGB Pro SL 32 GB,DDR4-3600,2 x 16GB,10 ns,18,$6.84,Black,4.5,10,$308.41,$310.24,$312.06,$313.89,$315.71,$317.54,$319.36,$321.19,$323.01,$324.84,$326.66,$328.49,$273.74,$262.79,$251.84,$240.89,$229.94,$218.99,$208.04,$197.09,$186.14,$175.19,$164.24,$153.29,$133.22,$135.04,$136.87,$138.69,$140.52,$142.34,$144.17,$145.99,$147.82,$149.64,$151.47,$153.29,$156.94,$160.59,$164.24,$167.89,$171.54,$175.19,$178.84,$182.49,$186.14,$189.79,$193.44,$197.09,$191.62,$186.14,$180.67,$175.19,$169.72,$164.24,$158.77,$153.29,$147.82,$142.34,$136.87,$131.39,$127.74,$124.09,$120.44,$116.79,$113.14,$109.50,$105.85,$102.20,$98.55,$94.90,$91.25,$87.60,$89.42,$91.25,$93.07,$94.90,$96.72,$98.55,$100.37,$102.20,$104.02,$105.85,$107.67,$109.50,$113.14,$116.79,$120.44,$124.09,$127.74,$186.14,$191.62,$197.09,$202.57,$91.98,$148.91,$218.99,$319.73,$350.38,$317.54
Corsair Vengeance 64 GB,DDR5-5600,2 x 32GB,14.286 ns,40,$11.86,White / Gray,0.0,0,,,,,,,,,,,,,,,,,,,,,,,,,,,,,,,,,,,,,,,,,,,,,,,"$1,897.47","$1,897.47","$1,834.23","$1,770.98","$1,707.73","$1,644.48","$1,581.23","$1,517.98","$1,454.73","$1,391.48","$1,328.23","$1,264.98","$1,201.73","$1,138.49","$1,094.21","$1,049.94","$1,005.66",$961.39,$917.11,$872.84,$828.56,$784.29,$740.02,$695.74,$651.47,$607.19,$588.22,$569.24,$550.27,$531.29,$512.32,$493.34,$474.37,$455.39,$436.42,$417.44,$398.47,$379.50,$392.14,$404.79,$417.44,$430.09,$442.74,$645.14,$664.12,$683.09,$702.07,$318.78,$516.11,$758.99,$963.92,$903.20,$903.20
Corsair Vengeance RGB Pro 8 GB,DDR4-3200,1 x 8GB,10 ns,16,$8.12,Black,0.0,0,$91.51,$92.05,$92.60,$93.14,$93.68,$94.22,$94.76,$95.30,$95.85,$96.39,$96.93,$97.47,$81.23,$77.98,$74.73,$71.48,$68.23,$64.98,$61.73,$58.48,$55.23,$51.98,$48.74,$45.49,$39.53,$40.07,$40.61,$41.15,$41.70,$42.24,$42.78,$43.32,$43.86,$44.40,$44.94,$45.49,$46.57,$47.65,$48.73,$49.82,$50.90,$51.98,$53.07,$54.15,$55.23,$56.32,$57.40,$58.48,$56.86,$55.23,$53.61,$51.98,$50.36,$48.73,$47.11,$45.49,$43.86,$42.24,$40.61,$38.99,$37.90,$36.82,$35.74,$34.66,$33.57,$32.49,$31.41,$30.32,$29.24,$28.16,$27.07,$25.99,$26.53,$27.08,$27.62,$28.16,$28.70,$29.24,$29.78,$30.32,$30.87,$31.41,$31.95,$32.49,$33.57,$34.66,$35.74,$36.82,$37.91,$55.23,$56.86,$58.48,$60.11,$27.29,$44.19,$64.98,$94.87,$103.97,$94.22
G.Skill Ripjaws S5 128 GB,DDR5-6000,2 x 64GB,11.333 ns,34,$11.41,Black,0.0,0,,,,,,,,,,,,,,,,,,,,,,,,,,,,,,,,,,,,,,,,,,,,,,,"$3,649.97","$3,649.97","$3,528.31","$3,406.64","$3,284.98","$3,163.31","$3,041.65","$2,919.98","$2,798.31","$2,676.65","$2,554.98","$2,433.32","$2,311.65","$2,189.99","$2,104.82","$2,019.65","$1,934.49","$1,849.32","$1,764.15","$1,678.99","$1,593.82","$1,508.66","$1,423.49","$1,338.32","$1,253.16","$1,167.99","$1,131.49","$1,094.99","$1,058.49","$1,021.99",$985.49,$948.99,$912.49,$875.99,$839.49,$802.99,$766.49,$730.00,$754.33,$778.66,$802.99,$827.33,$851.66,"$1,240.99","$1,277.49","$1,313.99","$1,350.49",$613.20,$992.79,"$1,459.99","$1,854.19","$1,737.39","$1,737.39"
Corsair Vengeance RGB Pro SL 32 GB,DDR4-3200,2 x 16GB,10 ns,16,$5.91,Black,4.5,3,$266.16,$267.74,$269.31,$270.89,$272.46,$274.04,$275.61,$277.19,$278.76,$280.34,$281.91,$283.49,$236.24,$226.79,$217.34,$207.89,$198.44,$188.99,$179.54,$170.09,$160.64,$151.19,$141.74,$132.29,$114.97,$116.54,$118.12,$119.69,$121.27,$122.84,$124.42,$125.99,$127.57,$129.14,$130.72,$132.29,$135.44,$138.59,$141.74,$144.89,$148.04,$151.19,$154.34,$157.49,$160.64,$163.79,$166.94,$170.09,$165.37,$160.64,$155.92,$151.19,$146.47,$141.74,$137.02,$132.29,$127.57,$122.84,$118.12,$113.39,$110.24,$107.09,$103.94,$100.79,$97.64,$94.50,$91.35,$88.20,$85.05,$81.90,$78.75,$75.60,$77.17,$78.75,$80.32,$81.90,$83.47,$85.05,$86.62,$88.20,$89.77,$91.35,$92.92,$94.50,$97.64,$100.79,$103.94,$107.09,$110.24,$160.64,$165.37,$170.09,$174.82,$79.38,$128.51,$188.99,$275.93,$302.38,$274.04
G.Skill Trident Z5 Royal Neo RGB 48 GB,DDR5-8000,2 x 24GB,10 ns,40,$14.58,Silver,5.0,1,,,,,,,,,,,,,,,,,,,,,,,,,,,,,,,,,,,,,,,,,,,,,,,"$1,749.97","$1,749.97","$1,691.64","$1,633.31","$1,574.98","$1,516.64","$1,458.31","$1,399.98","$1,341.65","$1,283.32","$1,224.98","$1,166.65","$1,108.32","$1,049.99","$1,009.15",$968.32,$927.49,$886.65,$845.82,$804.99,$764.16,$723.32,$682.49,$641.66,$600.82,$559.99,$542.49,$524.99,$507.49,$489.99,$472.49,$454.99,$437.49,$419.99,$402.49,$384.99,$367.49,$350.00,$361.66,$373.33,$384.99,$396.66,$408.33,$594.99,$612.49,$629.99,$647.49,$294.00,$475.99,$699.99,$888.99,$832.99,$832.99
Samsung M393A2G40EB1-CRC 16 GB,DDR4-2400,1 x 16GB,14.167 ns,17,$3.44,Black / Green,0.0,0,$77.46,$77.92,$78.37,$78.83,$79.29,$79.75,$80.21,$80.67,$81.12,$81.58,$82.04,$82.50,$68.75,$66.00,$63.25,$60.50,$57.75,$55.00,$52.25,$49.50,$46.75,$44.00,$41.25,$38.50,$33.46,$33.92,$34.38,$34.83,$35.29,$35.75,$36.21,$36.67,$37.12,$37.58,$38.04,$38.50,$39.42,$40.33,$41.25,$42.17,$43.08,$44.00,$44.92,$45.83,$46.75,$47.67,$48.58,$49.50,$48.12,$46.75,$45.38,$44.00,$42.62,$41.25,$39.88,$38.50,$37.12,$35.75,$34.38,$33.00,$32.08,$31.17,$30.25,$29.33,$28.42,$27.50,$26.58,$25.67,$24.75,$23.83,$22.92,$22.00,$22.46,$22.92,$23.38,$23.83,$24.29,$24.75,$25.21,$25.67,$26.13,$26.58,$27.04,$27.50,$28.42,$29.33,$30.25,$31.17,$32.08,$46.75,$48.12,$49.50,$50.87,$23.10,$37.40,$55.00,$80.30,$88.00,$79.75
Crucial CT2K32G4DFD832A 64 GB,DDR4-3200,2 x 32GB,13.75 ns,22,$5.95,Green / Black,5.0,1,$536.56,$539.74,$542.91,$546.09,$549.26,$552.44,$555.61,$558.79,$561.96,$565.14,$568.31,$571.49,$476.24,$457.19,$438.14,$419.09,$400.04,$380.99,$361.94,$342.89,$323.84,$304.79,$285.74,$266.69,$231.77,$234.94,$238.12,$241.29,$244.47,$247.64,$250.82,$253.99,$257.17,$260.34,$263.52,$266.69,$273.04,$279.39,$285.74,$292.09,$298.44,$304.79,$311.14,$317.49,$323.84,$330.19,$336.54,$342.89,$333.37,$323.84,$314.32,$304.79,$295.27,$285.74,$276.22,$266.69,$257.17,$247.64,$238.12,$228.59,$222.24,$215.89,$209.54,$203.19,$196.84,$190.50,$184.15,$177.80,$171.45,$165.10,$158.75,$152.40,$155.57,$158.75,$161.92,$165.10,$168.27,$171.45,$174.62,$177.80,$180.97,$184.15,$187.32,$190.50,$196.84,$203.19,$209.54,$215.89,$222.24,$323.84,$333.37,$342.89,$352.42,$160.02,$259.07,$380.99,$556.25,$609.58,$552.44
G.Skill Trident Z5 RGB 64 GB,DDR5-6400,2 x 32GB,10 ns,32,$14.38,Silver / Black,4.5,6,,,,,,,,,,,,,,,,,,,,,,,,,,,,,,,,,,,,,,,,,,,,,,,"$2,299.97","$2,299.97","$2,223.31","$2,146.64","$2,069.98","$1,993.31","$1,916.65","$1,839.98","$1,763.31","$1,686.65","$1,609.98","$1,533.32","$1,456.65","$1,379.99","$1,326.32","$1,272.65","$1,218.99","$1,165.32","$1,111.65","$1,057.99","$1,004.32",$950.66,$896.99,$843.32,$789.66,$735.99,$712.99,$689.99,$666.99,$643.99,$620.99,$597.99,$574.99,$551.99,$528.99,$505.99,$482.99,$460.00,$475.33,$490.66,$505.99,$521.33,$536.66,$781.99,$804.99,$827.99,$850.99,$386.40,$625.59,$919.99,"$1,168.39","$1,094.79","$1,094.79"
Patriot Signature Line 32 GB,DDR4-2666,1 x 32GB,14.254 ns,19,$4.84,Black,0.0,0,$218.28,$219.57,$220.86,$222.15,$223.44,$224.74,$226.03,$227.32,$228.61,$229.90,$231.19,$232.49,$193.74,$185.99,$178.24,$170.49,$162.74,$154.99,$147.24,$139.49,$131.74,$123.99,$116.24,$108.49,$94.29,$95.58,$96.87,$98.16,$99.45,$100.74,$102.04,$103.33,$104.62,$105.91,$107.20,$108.49,$111.08,$113.66,$116.24,$118.83,$121.41,$123.99,$126.58,$129.16,$131.74,$134.32,$136.91,$139.49,$135.62,$131.74,$127.87,$123.99,$120.12,$116.24,$112.37,$108.49,$104.62,$100.74,$96.87,$92.99,$90.41,$87.83,$85.24,$82.66,$80.08,$77.50,$74.91,$72.33,$69.75,$67.16,$64.58,$62.00,$63.29,$64.58,$65.87,$67.16,$68.45,$69.75,$71.04,$72.33,$73.62,$74.91,$76.20,$77.50,$80.08,$82.66,$85.24,$87.83,$90.41,$131.74,$135.62,$139.49,$143.37,$65.10,$105.39,$154.99,$226.29,$247.98,$224.74
G.Skill Trident Z5 Royal Neo 64 GB,DDR5-6000,2 x 32GB,9.333 ns,28,$15.31,Silver,0.0,0,,,,,,,,,,,,,,,,,,,,,,,,,,,,,,,,,,,,,,,,,,,,,,,"$2,449.97","$2,449.97","$2,368.31","$2,286.64","$2,204.98","$2,123.31","$2,041.65","$1,959.98","$1,878.31","$1,796.65","$1,714.98","$1,633.32","$1,551.65","$1,469.99","$1,412.82","$1,355.65","$1,298.49","$1,241.32","$1,184.15","$1,126.99","$1,069.82","$1,012.66",$955.49,$898.32,$841.16,$783.99,$759.49,$734.99,$710.49,$685.99,$661.49,$636.99,$612.49,$587.99,$563.49,$538.99,$514.49,$490.00,$506.33,$522.66,$538.99,$555.33,$571.66,$832.99,$857.49,$881.99,$906.49,$411.60,$666.39,$979.99,"$1,244.59","$1,166.19","$1,166.19"
Silicon Power XPOWER Storm RGB 64 GB,DDR5-6000,2 x 32GB,12.667 ns,38,$10.94,Gold,0.0,0,,,,,,,,,,,,,,,,,,,,,,,,,,,,,,,,,,,,,,,,,,,,,,,"$1,749.97","$1,749.97","$1,691.64","$1,633.31","$1,574.98","$1,516.64","$1,458.31","$1,399.98","$1,341.65","$1,283.32","$1,224.98","$1,166.65","$1,108.32","$1,049.99","$1,009.15",$968.32,$927.49,$886.65,$845.82,$804.99,$764.16,$723.32,$682.49,$641.66,$600.82,$559.99,$542.49,$524.99,$507.49,$489.99,$472.49,$454.99,$437.49,$419.99,$402.49,$384.99,$367.49,$350.00,$361.66,$373.33,$384.99,$396.66,$408.33,$594.99,$612.49,$629.99,$647.49,$294.00,$475.99,$699.99,$888.99,$832.99,$832.99
Kingston FURY Beast RGB 32 GB,DDR5-5600,1 x 32GB,14.286 ns,40,$10.00,Black,0.0,0,,,,,,,,,,,,,,,,,,,,,,,,,,,,,,,,,,,,,,,,,,,,,,,$799.98,$799.98,$773.31,$746.64,$719.98,$693.31,$666.65,$639.98,$613.31,$586.65,$559.98,$533.32,$506.65,$479.99,$461.32,$442.65,$423.99,$405.32,$386.65,$367.99,$349.32,$330.66,$311.99,$293.32,$274.66,$255.99,$247.99,$239.99,$231.99,$223.99,$215.99,$207.99,$199.99,$191.99,$183.99,$175.99,$167.99,$160.00,$165.33,$170.66,$175.99,$181.33,$186.66,$271.99,$279.99,$287.99,$295.99,$134.40,$217.59,$319.99,$406.39,$380.79,$380.79
G.Skill Trident Z Royal 32 GB,DDR4-3200,2 x 16GB,10 ns,16,$7.81,Silver,4.5,14,$352.07,$354.15,$356.24,$358.32,$360.40,$362.49,$364.57,$366.65,$368.74,$370.82,$372.90,$374.99,$312.49,$299.99,$287.49,$274.99,$262.49,$249.99,$237.49,$224.99,$212.49,$199.99,$187.49,$174.99,$152.08,$154.16,$156.24,$158.33,$160.41,$162.49,$164.58,$166.66,$168.74,$170.83,$172.91,$174.99,$179.16,$183.33,$187.49,$191.66,$195.83,$199.99,$204.16,$208.32,$212.49,$216.66,$220.82,$224.99,$218.74,$212.49,$206.24,$199.99,$193.74,$187.49,$181.24,$174.99,$168.74,$162.49,$156.24,$149.99,$145.83,$141.66,$137.49,$133.33,$129.16,$125.00,$120.83,$116.66,$112.50,$108.33,$104.16,$100.00,$102.08,$104.16,$106.25,$108.33,$110.41,$112.50,$114.58,$116.66,$118.75,$120.83,$122.91,$125.00,$129.16,$133.33,$137.49,$141.66,$145.83,$212.49,$218.74,$224.99,$231.24,$105.00,$169.99,$249.99,$364.99,$399.98,$362.49
Corsair Dominator Platinum RGB 64 GB,DDR5-5600,2 x 32GB,14.286 ns,40,$12.89,Black,0.0,0,,,,,,,,,,,,,,,,,,,,,,,,,,,,,,,,,,,,,,,,,,,,,,,"$2,062.47","$2,062.47","$1,993.73","$1,924.98","$1,856.23","$1,787.48","$1,718.73","$1,649.98","$1,581.23","$1,512.48","$1,443.73","$1,374.98","$1,306.23","$1,237.49","$1,189.36","$1,141.24","$1,093.11","$1,044.99",$996.86,$948.74,$900.61,$852.49,$804.37,$756.24,$708.12,$659.99,$639.37,$618.74,$598.12,$577.49,$556.87,$536.24,$515.62,$494.99,$474.37,$453.74,$433.12,$412.50,$426.24,$439.99,$453.74,$467.49,$481.24,$701.24,$721.87,$742.49,$763.12,$346.50,$560.99,$824.99,"$1,047.74",$981.74,$981.74
Kingston FURY Beast RGB 64 GB,DDR5-5200,2 x 32GB,15.385 ns,40,$10.47,Black,4.0,1,,,,,,,,,,,,,,,,,,,,,,,,,,,,,,,,,,,,,,,,,,,,,,,"$1,674.97","$1,674.97","$1,619.14","$1,563.31","$1,507.48","$1,451.64","$1,395.81","$1,339.98","$1,284.15","$1,228.32","$1,172.48","$1,116.65","$1,060.82","$1,004.99",$965.90,$926.82,$887.74,$848.65,$809.57,$770.49,$731.41,$692.32,$653.24,$614.16,$575.07,$535.99,$519.24,$502.49,$485.74,$468.99,$452.24,$435.49,$418.74,$401.99,$385.24,$368.49,$351.74,$335.00,$346.16,$357.33,$368.49,$379.66,$390.83,$569.49,$586.24,$602.99,$619.74,$281.40,$455.59,$669.99,$850.89,$797.29,$797.29
Kingston FURY Beast RGB 64 GB,DDR5-5600,2 x 32GB,12.857 ns,36,$16.41,Black,0.0,0,,,,,,,,,,,,,,,,,,,,,,,,,,,,,,,,,,,,,,,,,,,,,,,"$2,624.97","$2,624.97","$2,537.48","$2,449.98","$2,362.48","$2,274.98","$2,187.48","$2,099.98","$2,012.48","$1,924.98","$1,837.48","$1,749.98","$1,662.48","$1,574.99","$1,513.74","$1,452.49","$1,391.24","$1,329.99","$1,268.74","$1,207.49","$1,146.24","$1,084.99","$1,023.74",$962.49,$901.24,$839.99,$813.74,$787.49,$761.24,$734.99,$708.74,$682.49,$656.24,$629.99,$603.74,$577.49,$551.24,$525.00,$542.49,$559.99,$577.49,$594.99,$612.49,$892.49,$918.74,$944.99,$971.24,$441.00,$713.99,"$1,049.99","$1,333.49","$1,249.49","$1,249.49"
Corsair Vengeance 64 GB,DDR5-6600,4 x 16GB,9.697 ns,32,$14.31,Black / Gray,3.0,1,,,,,,,,,,,,,,,,,,,,,,,,,,,,,,,,,,,,,,,,,,,,,,,"$2,289.97","$2,289.97","$2,213.64","$2,137.31","$2,060.98","$1,984.64","$1,908.31","$1,831.98","$1,755.65","$1,679.32","$1,602.98","$1,526.65","$1,450.32","$1,373.99","$1,320.55","$1,267.12","$1,213.69","$1,160.25","$1,106.82","$1,053.39",$999.96,$946.52,$893.09,$839.66,$786.22,$732.79,$709.89,$686.99,$664.09,$641.19,$618.29,$595.39,$572.49,$549.59,$526.69,$503.79,$480.89,$458.00,$473.26,$488.53,$503.79,$519.06,$534.33,$778.59,$801.49,$824.39,$847.29,$384.72,$622.87,$915.99,"$1,163.31","$1,090.03","$1,090.03"
G.Skill Trident Z5 RGB 48 GB,DDR5-8000,2 x 24GB,9.5 ns,38,$11.88,Black,0.0,0,,,,,,,,,,,,,,,,,,,,,,,,,,,,,,,,,,,,,,,,,,,,,,,"$1,424.97","$1,424.97","$1,377.48","$1,329.98","$1,282.48","$1,234.98","$1,187.48","$1,139.98","$1,092.48","$1,044.98",$997.48,$949.98,$902.48,$854.99,$821.74,$788.49,$755.24,$721.99,$688.74,$655.49,$622.24,$588.99,$555.74,$522.49,$489.24,$455.99,$441.74,$427.49,$413.24,$398.99,$384.74,$370.49,$356.24,$341.99,$327.74,$313.49,$299.24,$285.00,$294.49,$303.99,$313.49,$322.99,$332.49,$484.49,$498.74,$512.99,$527.24,$239.40,$387.59,$569.99,$723.89,$678.29,$678.29
G.Skill Ripjaws S5 64 GB,DDR5-6400,2 x 32GB,10 ns,32,$14.38,Black,4.5,2,,,,,,,,,,,,,,,,,,,,,,,,,,,,,,,,,,,,,,,,,,,,,,,"$2,299.97","$2,299.97","$2,223.31","$2,146.64","$2,069.98","$1,993.31","$1,916.65","$1,839.98","$1,763.31","$1,686.65","$1,609.98","$1,533.32","$1,456.65","$1,379.99","$1,326.32","$1,272.65","$1,218.99","$1,165.32","$1,111.65","$1,057.99","$1,004.32",$950.66,$896.99,$843.32,$789.66,$735.99,$712.99,$689.99,$666.99,$643.99,$620.99,$597.99,$574.99,$551.99,$528.99,$505.99,$482.99,$460.00,$475.33,$490.66,$505.99,$521.33,$536.66,$781.99,$804.99,$827.99,$850.99,$386.40,$625.59,$919.99,"$1,168.39","$1,094.79","$1,094.79"
G.Skill Trident Z5 CK 48 GB,DDR5-8400,2 x 24GB,9.524 ns,40,$12.08,Black,0.0,0,,,,,,,,,,,,,,,,,,,,,,,,,,,,,,,,,,,,,,,,,,,,,,,"$1,449.97","$1,449.97","$1,401.64","$1,353.31","$1,304.98","$1,256.64","$1,208.31","$1,159.98","$1,111.65","$1,063.32","$1,014.98",$966.65,$918.32,$869.99,$836.15,$802.32,$768.49,$734.65,$700.82,$666.99,$633.16,$599.32,$565.49,$531.66,$497.82,$463.99,$449.49,$434.99,$420.49,$405.99,$391.49,$376.99,$362.49,$347.99,$333.49,$318.99,$304.49,$290.00,$299.66,$309.33,$318.99,$328.66,$338.33,$492.99,$507.49,$521.99,$536.49,$243.60,$394.39,$579.99,$736.59,$690.19,$690.19
G.Skill Trident Z5 RGB 32 GB,DDR5-6000,2 x 16GB,12 ns,36,$12.50,Silver / Black,5.0,2,,,,,,,,,,,,,,,,,,,,,,,,,,,,,,,,,,,,,,,,,,,,,,,$999.98,$999.98,$966.64,$933.31,$899.98,$866.64,$833.31,$799.98,$766.65,$733.32,$699.98,$666.65,$633.32,$599.99,$576.65,$553.32,$529.99,$506.65,$483.32,$459.99,$436.66,$413.32,$389.99,$366.66,$343.32,$319.99,$309.99,$299.99,$289.99,$279.99,$269.99,$259.99,$249.99,$239.99,$229.99,$219.99,$209.99,$200.00,$206.66,$213.33,$219.99,$226.66,$233.33,$339.99,$349.99,$359.99,$369.99,$168.00,$271.99,$399.99,$507.99,$475.99,$475.99
Corsair Vengeance 32 GB,DDR5-6200,2 x 16GB,11.613 ns,36,$12.38,Black,5.0,1,,,,,,,,,,,,,,,,,,,,,,,,,,,,,,,,,,,,,,,,,,,,,,,$989.98,$989.98,$956.98,$923.98,$890.98,$857.98,$824.98,$791.98,$758.98,$725.98,$692.98,$659.98,$626.98,$593.99,$570.89,$547.79,$524.69,$501.59,$478.49,$455.39,$432.29,$409.19,$386.09,$362.99,$339.89,$316.79,$306.89,$296.99,$287.09,$277.19,$267.29,$257.39,$247.49,$237.59,$227.69,$217.79,$207.89,$198.00,$204.59,$211.19,$217.79,$224.39,$230.99,$336.59,$346.49,$356.39,$366.29,$166.32,$269.27,$395.99,$502.91,$471.23,$471.23
G.Skill Aegis 32 GB,DDR4-2666,2 x 16GB,14.254 ns,19,$5.63,Black / Red,4.5,2,$253.49,$254.99,$256.49,$257.99,$259.49,$260.99,$262.49,$263.99,$265.49,$266.99,$268.49,$269.99,$224.99,$215.99,$206.99,$197.99,$188.99,$179.99,$170.99,$161.99,$152.99,$143.99,$134.99,$125.99,$109.49,$110.99,$112.49,$113.99,$115.49,$116.99,$118.49,$119.99,$121.49,$122.99,$124.49,$125.99,$128.99,$131.99,$134.99,$137.99,$140.99,$143.99,$146.99,$149.99,$152.99,$155.99,$158.99,$161.99,$157.49,$152.99,$148.49,$143.99,$139.49,$134.99,$130.49,$125.99,$121.49,$116.99,$112.49,$107.99,$104.99,$101.99,$98.99,$95.99,$92.99,$90.00,$87.00,$84.00,$81.00,$78.00,$75.00,$72.00,$73.50,$75.00,$76.50,$78.00,$79.50,$81.00,$82.50,$84.00,$85.50,$87.00,$88.50,$90.00,$92.99,$95.99,$98.99,$101.99,$104.99,$152.99,$157.49,$161.99,$166.49,$75.60,$122.39,$179.99,$262.79,$287.98,$260.99
G.Skill Trident Z RGB 16 GB,DDR4-3600,2 x 8GB,10 ns,18,$8.44,Black,5.0,3,$190.11,$191.24,$192.36,$193.49,$194.61,$195.74,$196.86,$197.99,$199.11,$200.24,$201.36,$202.49,$168.74,$161.99,$155.24,$148.49,$141.74,$134.99,$128.24,$121.49,$114.74,$107.99,$101.24,$94.49,$82.12,$83.24,$84.37,$85.49,$86.62,$87.74,$88.87,$89.99,$91.12,$92.24,$93.37,$94.49,$96.74,$98.99,$101.24,$103.49,$105.74,$107.99,$110.24,$112.49,$114.74,$116.99,$119.24,$121.49,$118.12,$114.74,$111.37,$107.99,$104.62,$101.24,$97.87,$94.49,$91.12,$87.74,$84.37,$80.99,$78.74,$76.49,$74.24,$71.99,$69.74,$67.50,$65.25,$63.00,$60.75,$58.50,$56.25,$54.00,$55.12,$56.25,$57.37,$58.50,$59.62,$60.75,$61.87,$63.00,$64.12,$65.25,$66.37,$67.50,$69.74,$71.99,$74.24,$76.49,$78.74,$114.74,$118.12,$121.49,$124.87,$56.70,$91.79,$134.99,$197.09,$215.98,$195.74
TEAMGROUP T-Create Expert 48 GB,DDR5-6400,2 x 24GB,10 ns,32,,White,5.0,1,,,,,,,,,,,,,,,,,,,,,,,,,,,,,,,,,,,,,,,,,,,,,,,"$1,214.88","$1,214.88","$1,174.38","$1,133.88","$1,093.39","$1,052.89","$1,012.40",$971.90,$931.40,$890.91,$850.41,$809.92,$769.42,$728.92,$700.58,$672.23,$643.88,$615.54,$587.19,$558.84,$530.50,$502.15,$473.80,$445.45,$417.11,$388.76,$376.61,$364.46,$352.31,$340.17,$328.02,$315.87,$303.72,$291.57,$279.42,$267.27,$255.12,$242.97,$251.07,$259.17,$267.27,$275.37,$283.47,$413.06,$425.21,$437.35,$449.50,$204.10,$330.45,$485.95,$617.16,$578.28,$578.28
G.Skill Trident Z5 Royal Neo 32 GB,DDR5-6000,2 x 16GB,8.667 ns,26,$19.06,Gold,0.0,0,,,,,,,,,,,,,,,,,,,,,,,,,,,,,,,,,,,,,,,,,,,,,,,"$1,524.97","$1,524.97","$1,474.14","$1,423.31","$1,372.48","$1,321.64","$1,270.81","$1,219.98","$1,169.15","$1,118.32","$1,067.48","$1,016.65",$965.82,$914.99,$879.40,$843.82,$808.24,$772.65,$737.07,$701.49,$665.91,$630.32,$594.74,$559.16,$523.57,$487.99,$472.74,$457.49,$442.24,$426.99,$411.74,$396.49,$381.24,$365.99,$350.74,$335.49,$320.24,$305.00,$315.16,$325.33,$335.49,$345.66,$355.83,$518.49,$533.74,$548.99,$564.24,$256.20,$414.79,$609.99,$774.69,$725.89,$725.89
Corsair Dominator Titanium 48 GB,DDR5-7600,2 x 24GB,9.474 ns,36,$13.69,Black,0.0,0,,,,,,,,,,,,,,,,,,,,,,,,,,,,,,,,,,,,,,,,,,,,,,,"$1,642.47","$1,642.47","$1,587.73","$1,532.98","$1,478.23","$1,423.48","$1,368.73","$1,313.98","$1,259.23","$1,204.48","$1,149.73","$1,094.98","$1,040.23",$985.49,$947.16,$908.84,$870.51,$832.19,$793.86,$755.54,$717.21,$678.89,$640.57,$602.24,$563.92,$525.59,$509.17,$492.74,$476.32,$459.89,$443.47,$427.04,$410.62,$394.19,$377.77,$361.34,$344.92,$328.50,$339.44,$350.39,$361.34,$372.29,$383.24,$558.44,$574.87,$591.29,$607.72,$275.94,$446.75,$656.99,$834.38,$781.82,$781.82
Corsair Vengeance RGB Pro SL 32 GB,DDR4-3200,4 x 8GB,10 ns,16,$6.78,Black,0.0,0,$305.59,$307.40,$309.21,$311.02,$312.83,$314.64,$316.44,$318.25,$320.06,$321.87,$323.68,$325.49,$271.24,$260.39,$249.54,$238.69,$227.84,$216.99,$206.14,$195.29,$184.44,$173.59,$162.74,$151.89,$132.00,$133.81,$135.62,$137.43,$139.24,$141.04,$142.85,$144.66,$146.47,$148.28,$150.08,$151.89,$155.51,$159.13,$162.74,$166.36,$169.98,$173.59,$177.21,$180.82,$184.44,$188.06,$191.67,$195.29,$189.87,$184.44,$179.02,$173.59,$168.17,$162.74,$157.32,$151.89,$146.47,$141.04,$135.62,$130.19,$126.58,$122.96,$119.34,$115.73,$112.11,$108.50,$104.88,$101.26,$97.65,$94.03,$90.41,$86.80,$88.60,$90.41,$92.22,$94.03,$95.84,$97.65,$99.45,$101.26,$103.07,$104.88,$106.69,$108.50,$112.11,$115.73,$119.34,$122.96,$126.58,$184.44,$189.87,$195.29,$200.72,$91.14,$147.55,$216.99,$316.81,$347.18,$314.64
PNY Performance 16 GB,DDR5-4800,1 x 16GB,16.667 ns,40,,Black,0.0,0,,,,,,,,,,,,,,,,,,,,,,,,,,,,,,,,,,,,,,,,,,,,,,,$339.93,$339.93,$328.59,$317.26,$305.93,$294.60,$283.27,$271.94,$260.61,$249.28,$237.95,$226.62,$215.29,$203.95,$196.02,$188.09,$180.16,$172.23,$164.30,$156.37,$148.43,$140.50,$132.57,$124.64,$116.71,$108.78,$105.38,$101.98,$98.58,$95.18,$91.78,$88.38,$84.98,$81.58,$78.18,$74.78,$71.38,$67.98,$70.25,$72.52,$74.78,$77.05,$79.32,$115.57,$118.97,$122.37,$125.77,$57.11,$92.46,$135.97,$172.68,$161.80,$161.80
Corsair ValueSelect 16 GB,DDR4-2133,1 x 16GB,14.065 ns,15,$5.19,Black,0.0,0,$116.88,$117.57,$118.26,$118.95,$119.64,$120.34,$121.03,$121.72,$122.41,$123.10,$123.79,$124.48,$103.74,$99.59,$95.44,$91.29,$87.14,$82.99,$78.84,$74.69,$70.54,$66.39,$62.24,$58.09,$50.49,$51.18,$51.87,$52.56,$53.25,$53.94,$54.64,$55.33,$56.02,$56.71,$57.40,$58.09,$59.48,$60.86,$62.24,$63.63,$65.01,$66.39,$67.78,$69.16,$70.54,$71.92,$73.31,$74.69,$72.62,$70.54,$68.47,$66.39,$64.32,$62.24,$60.17,$58.09,$56.02,$53.94,$51.87,$49.79,$48.41,$47.03,$45.64,$44.26,$42.88,$41.49,$40.11,$38.73,$37.35,$35.96,$34.58,$33.20,$33.89,$34.58,$35.27,$35.96,$36.65,$37.35,$38.04,$38.73,$39.42,$40.11,$40.80,$41.49,$42.88,$44.26,$45.64,$47.03,$48.41,$70.54,$72.62,$74.69,$76.77,$34.86,$56.43,$82.99,$121.17,$132.78,$120.34
G.Skill Ripjaws M5 RGB 64 GB,DDR5-6800,2 x 32GB,10 ns,34,$15.31,White,0.0,0,,,,,,,,,,,,,,,,,,,,,,,,,,,,,,,,,,,,,,,,,,,,,,,"$2,449.97","$2,449.97","$2,368.31","$2,286.64","$2,204.98","$2,123.31","$2,041.65","$1,959.98","$1,878.31","$1,796.65","$1,714.98","$1,633.32","$1,551.65","$1,469.99","$1,412.82","$1,355.65","$1,298.49","$1,241.32","$1,184.15","$1,126.99","$1,069.82","$1,012.66",$955.49,$898.32,$841.16,$783.99,$759.49,$734.99,$710.49,$685.99,$661.49,$636.99,$612.49,$587.99,$563.49,$538.99,$514.49,$490.00,$506.33,$522.66,$538.99,$555.33,$571.66,$832.99,$857.49,$881.99,$906.49,$411.60,$666.39,$979.99,"$1,244.59","$1,166.19","$1,166.19"
Kingston FURY Renegade Pro 16 GB,DDR5-5600,1 x 16GB,12.857 ns,36,,Black,0.0,0,,,,,,,,,,,,,,,,,,,,,,,,,,,,,,,,,,,,,,,,,,,,,,,$999.98,$999.98,$966.64,$933.31,$899.98,$866.64,$833.31,$799.98,$766.65,$733.32,$699.98,$666.65,$633.32,$599.99,$576.65,$553.32,$529.99,$506.65,$483.32,$459.99,$436.66,$413.32,$389.99,$366.66,$343.32,$319.99,$309.99,$299.99,$289.99,$279.99,$269.99,$259.99,$249.99,$239.99,$229.99,$219.99,$209.99,$200.00,$206.66,$213.33,$219.99,$226.66,$233.33,$339.99,$349.99,$359.99,$369.99,$168.00,$271.99,$399.99,$507.99,$475.99,$475.99
Corsair Vengeance RGB 48 GB,DDR5-6000,2 x 24GB,10 ns,30,$12.58,Black / Silver,0.0,0,,,,,,,,,,,,,,,,,,,,,,,,,,,,,,,,,,,,,,,,,,,,,,,"$1,509.97","$1,509.97","$1,459.64","$1,409.31","$1,358.98","$1,308.64","$1,258.31","$1,207.98","$1,157.65","$1,107.32","$1,056.98","$1,006.65",$956.32,$905.99,$870.75,$835.52,$800.29,$765.05,$729.82,$694.59,$659.36,$624.12,$588.89,$553.66,$518.42,$483.19,$468.09,$452.99,$437.89,$422.79,$407.69,$392.59,$377.49,$362.39,$347.29,$332.19,$317.09,$302.00,$312.06,$322.13,$332.19,$342.26,$352.33,$513.39,$528.49,$543.59,$558.69,$253.68,$410.71,$603.99,$767.07,$718.75,$718.75
G.Skill Trident Z5 Neo RGB 32 GB,DDR5-6400,2 x 16GB,9.375 ns,30,$15.31,Black,0.0,0,,,,,,,,,,,,,,,,,,,,,,,,,,,,,,,,,,,,,,,,,,,,,,,"$1,224.97","$1,224.97","$1,184.14","$1,143.31","$1,102.48","$1,061.64","$1,020.81",$979.98,$939.15,$898.32,$857.48,$816.65,$775.82,$734.99,$706.40,$677.82,$649.24,$620.65,$592.07,$563.49,$534.91,$506.32,$477.74,$449.16,$420.57,$391.99,$379.74,$367.49,$355.24,$342.99,$330.74,$318.49,$306.24,$293.99,$281.74,$269.49,$257.24,$245.00,$253.16,$261.33,$269.49,$277.66,$285.83,$416.49,$428.74,$440.99,$453.24,$205.80,$333.19,$489.99,$622.29,$583.09,$583.09
G.Skill Trident Z5 RGB 32 GB,DDR5-6000,2 x 16GB,10 ns,30,$14.06,Black,4.0,3,,,,,,,,,,,,,,,,,,,,,,,,,,,,,,,,,,,,,,,,,,,,,,,"$1,124.97","$1,124.97","$1,087.48","$1,049.98","$1,012.48",$974.98,$937.48,$899.98,$862.48,$824.98,$787.48,$749.98,$712.48,$674.99,$648.74,$622.49,$596.24,$569.99,$543.74,$517.49,$491.24,$464.99,$438.74,$412.49,$386.24,$359.99,$348.74,$337.49,$326.24,$314.99,$303.74,$292.49,$281.24,$269.99,$258.74,$247.49,$236.24,$225.00,$232.49,$239.99,$247.49,$254.99,$262.49,$382.49,$393.74,$404.99,$416.24,$189.00,$305.99,$449.99,$571.49,$535.49,$535.49
Corsair Vengeance RGB 32 GB,DDR5-6200,2 x 16GB,11.613 ns,36,$13.81,White,5.0,1,,,,,,,,,,,,,,,,,,,,,,,,,,,,,,,,,,,,,,,,,,,,,,,"$1,104.97","$1,104.97","$1,068.14","$1,031.31",$994.48,$957.64,$920.81,$883.98,$847.15,$810.32,$773.48,$736.65,$699.82,$662.99,$637.20,$611.42,$585.64,$559.85,$534.07,$508.29,$482.51,$456.72,$430.94,$405.16,$379.37,$353.59,$342.54,$331.49,$320.44,$309.39,$298.34,$287.29,$276.24,$265.19,$254.14,$243.09,$232.04,$221.00,$228.36,$235.73,$243.09,$250.46,$257.83,$375.69,$386.74,$397.79,$408.84,$185.64,$300.55,$441.99,$561.33,$525.97,$439.99
G.Skill Ripjaws V 16 GB,DDR4-3200,2 x 8GB,10 ns,16,$7.81,Red,4.5,26,$176.03,$177.07,$178.11,$179.15,$180.19,$181.24,$182.28,$183.32,$184.36,$185.40,$186.44,$187.48,$156.24,$149.99,$143.74,$137.49,$131.24,$124.99,$118.74,$112.49,$106.24,$99.99,$93.74,$87.49,$76.04,$77.08,$78.12,$79.16,$80.20,$81.24,$82.29,$83.33,$84.37,$85.41,$86.45,$87.49,$89.58,$91.66,$93.74,$95.83,$97.91,$99.99,$102.08,$104.16,$106.24,$108.32,$110.41,$112.49,$109.37,$106.24,$103.12,$99.99,$96.87,$93.74,$90.62,$87.49,$84.37,$81.24,$78.12,$74.99,$72.91,$70.83,$68.74,$66.66,$64.58,$62.49,$60.41,$58.33,$56.25,$54.16,$52.08,$50.00,$51.04,$52.08,$53.12,$54.16,$55.20,$56.25,$57.29,$58.33,$59.37,$60.41,$61.45,$62.49,$64.58,$66.66,$68.74,$70.83,$72.91,$106.24,$109.37,$112.49,$115.62,$52.50,$84.99,$124.99,$182.49,$199.98,$129.99
Patriot Viper Venom 32 GB,DDR5-5600,2 x 16GB,12.857 ns,36,$12.19,Black / White,5.0,2,,,,,,,,,,,,,,,,,,,,,,,,,,,,,,,,,,,,,,,,,,,,,,,$974.98,$974.98,$942.48,$909.98,$877.48,$844.98,$812.48,$779.98,$747.48,$714.98,$682.48,$649.98,$617.48,$584.99,$562.24,$539.49,$516.74,$493.99,$471.24,$448.49,$425.74,$402.99,$380.24,$357.49,$334.74,$311.99,$302.24,$292.49,$282.74,$272.99,$263.24,$253.49,$243.74,$233.99,$224.24,$214.49,$204.74,$195.00,$201.49,$207.99,$214.49,$220.99,$227.49,$331.49,$341.24,$350.99,$360.74,$163.80,$265.19,$389.99,$495.29,$464.09,$464.09
Kingston FURY Beast RGB 32 GB,DDR5-6000,1 x 32GB,12 ns,36,$12.78,Black,0.0,0,,,,,,,,,,,,,,,,,,,,,,,,,,,,,,,,,,,,,,,,,,,,,,,"$1,022.50","$1,022.50",$988.42,$954.33,$920.25,$886.17,$852.08,$818.00,$783.92,$749.83,$715.75,$681.67,$647.58,$613.50,$589.64,$565.78,$541.92,$518.07,$494.21,$470.35,$446.49,$422.63,$398.78,$374.92,$351.06,$327.20,$316.98,$306.75,$296.53,$286.30,$276.08,$265.85,$255.62,$245.40,$235.18,$224.95,$214.73,$204.50,$211.32,$218.13,$224.95,$231.77,$238.58,$347.65,$357.88,$368.10,$378.32,$171.78,$278.12,$409.00,$519.43,$486.71,$486.71
Corsair Vengeance RGB 32 GB,DDR5-6200,2 x 16GB,11.613 ns,36,$12.66,Black,4.0,1,,,,,,,,,,,,,,,,,,,,,,,,,,,,,,,,,,,,,,,,,,,,,,,"$1,012.48","$1,012.48",$978.73,$944.98,$911.23,$877.48,$843.73,$809.98,$776.23,$742.48,$708.73,$674.98,$641.23,$607.49,$583.86,$560.24,$536.61,$512.99,$489.36,$465.74,$442.11,$418.49,$394.87,$371.24,$347.62,$323.99,$313.87,$303.74,$293.62,$283.49,$273.37,$263.24,$253.12,$242.99,$232.87,$222.74,$212.62,$202.50,$209.24,$215.99,$222.74,$229.49,$236.24,$344.24,$354.37,$364.49,$374.62,$170.10,$275.39,$404.99,$514.34,$481.94,$439.99
Corsair Vengeance LPX 16 GB,DDR4-2400,2 x 8GB,11.667 ns,14,$6.06,Black / Yellow,4.5,11,$136.59,$137.40,$138.21,$139.02,$139.83,$140.64,$141.44,$142.25,$143.06,$143.87,$144.68,$145.48,$121.24,$116.39,$111.54,$106.69,$101.84,$96.99,$92.14,$87.29,$82.44,$77.59,$72.74,$67.89,$59.00,$59.81,$60.62,$61.43,$62.24,$63.04,$63.85,$64.66,$65.47,$66.28,$67.08,$67.89,$69.51,$71.13,$72.74,$74.36,$75.98,$77.59,$79.21,$80.82,$82.44,$84.06,$85.67,$87.29,$84.87,$82.44,$80.02,$77.59,$75.17,$72.74,$70.32,$67.89,$65.47,$63.04,$60.62,$58.19,$56.58,$54.96,$53.34,$51.73,$50.11,$48.49,$46.88,$45.26,$43.65,$42.03,$40.41,$38.80,$39.60,$40.41,$41.22,$42.03,$42.84,$43.65,$44.45,$45.26,$46.07,$46.88,$47.69,$48.49,$50.11,$51.73,$53.34,$54.96,$56.58,$82.44,$84.87,$87.29,$89.72,$40.74,$65.95,$96.99,$141.61,$155.18,$144.99
Kingston FURY Beast 8 GB,DDR4-3733,1 x 8GB,10.179 ns,19,$11.25,Black,0.0,0,$126.74,$127.49,$128.24,$128.99,$129.74,$130.49,$131.24,$131.99,$132.74,$133.49,$134.24,$134.98,$112.49,$107.99,$103.49,$98.99,$94.49,$89.99,$85.49,$80.99,$76.49,$71.99,$67.49,$62.99,$54.74,$55.49,$56.24,$56.99,$57.74,$58.49,$59.24,$59.99,$60.74,$61.49,$62.24,$62.99,$64.49,$65.99,$67.49,$68.99,$70.49,$71.99,$73.49,$74.99,$76.49,$77.99,$79.49,$80.99,$78.74,$76.49,$74.24,$71.99,$69.74,$67.49,$65.24,$62.99,$60.74,$58.49,$56.24,$53.99,$52.49,$50.99,$49.49,$47.99,$46.49,$44.99,$43.50,$42.00,$40.50,$39.00,$37.50,$36.00,$36.75,$37.50,$38.25,$39.00,$39.75,$40.50,$41.25,$42.00,$42.75,$43.50,$44.25,$44.99,$46.49,$47.99,$49.49,$50.99,$52.49,$76.49,$78.74,$80.99,$83.24,$37.80,$61.19,$89.99,$131.39,$143.98,$130.49
Kingston FURY Beast 8 GB,DDR4-3600,1 x 8GB,9.444 ns,17,$9.37,Black,0.0,0,$105.60,$106.22,$106.85,$107.47,$108.10,$108.72,$109.35,$109.97,$110.60,$111.22,$111.85,$112.47,$93.73,$89.98,$86.23,$82.48,$78.73,$74.98,$71.23,$67.48,$63.73,$59.98,$56.24,$52.49,$45.61,$46.24,$46.86,$47.49,$48.11,$48.74,$49.36,$49.99,$50.61,$51.24,$51.86,$52.49,$53.74,$54.99,$56.23,$57.48,$58.73,$59.98,$61.23,$62.48,$63.73,$64.98,$66.23,$67.48,$65.61,$63.73,$61.86,$59.98,$58.11,$56.23,$54.36,$52.49,$50.61,$48.74,$46.86,$44.99,$43.74,$42.49,$41.24,$39.99,$38.74,$37.49,$36.24,$34.99,$33.74,$32.49,$31.24,$29.99,$30.62,$31.24,$31.87,$32.49,$33.12,$33.74,$34.37,$34.99,$35.62,$36.24,$36.87,$37.49,$38.74,$39.99,$41.24,$42.49,$43.74,$63.73,$65.61,$67.48,$69.36,$31.49,$50.99,$74.98,$109.47,$119.97,$108.72
Corsair Vengeance 64 GB,DDR5-6400,2 x 32GB,13.125 ns,42,$11.84,Gray,0.0,0,,,,,,,,,,,,,,,,,,,,,,,,,,,,,,,,,,,,,,,,,,,,,,,"$1,894.97","$1,894.97","$1,831.81","$1,768.64","$1,705.48","$1,642.31","$1,579.15","$1,515.98","$1,452.81","$1,389.65","$1,326.48","$1,263.32","$1,200.15","$1,136.99","$1,092.77","$1,048.55","$1,004.34",$960.12,$915.90,$871.69,$827.47,$783.26,$739.04,$694.82,$650.61,$606.39,$587.44,$568.49,$549.54,$530.59,$511.64,$492.69,$473.74,$454.79,$435.84,$416.89,$397.94,$379.00,$391.63,$404.26,$416.89,$429.53,$442.16,$644.29,$663.24,$682.19,$701.14,$318.36,$515.43,$757.99,$962.65,$902.01,$902.01
Corsair Vengeance RGB RS 16 GB,DDR4-3200,1 x 16GB,10 ns,16,$5.75,Black / Gray,1.0,1,$129.55,$130.32,$131.09,$131.85,$132.62,$133.39,$134.15,$134.92,$135.69,$136.45,$137.22,$137.98,$114.99,$110.39,$105.79,$101.19,$96.59,$91.99,$87.39,$82.79,$78.19,$73.59,$68.99,$64.39,$55.96,$56.73,$57.49,$58.26,$59.03,$59.79,$60.56,$61.33,$62.09,$62.86,$63.63,$64.39,$65.93,$67.46,$68.99,$70.53,$72.06,$73.59,$75.13,$76.66,$78.19,$79.72,$81.26,$82.79,$80.49,$78.19,$75.89,$73.59,$71.29,$68.99,$66.69,$64.39,$62.09,$59.79,$57.49,$55.19,$53.66,$52.13,$50.59,$49.06,$47.53,$45.99,$44.46,$42.93,$41.40,$39.86,$38.33,$36.80,$37.56,$38.33,$39.10,$39.86,$40.63,$41.40,$42.16,$42.93,$43.70,$44.46,$45.23,$45.99,$47.53,$49.06,$50.59,$52.13,$53.66,$78.19,$80.49,$82.79,$85.09,$38.64,$62.55,$91.99,$134.31,$147.18,$133.39
TEAMGROUP T-Create Classic 32 GB,DDR4-3200,2 x 16GB,13.75 ns,22,$7.19,Silver,4.0,7,$323.90,$325.82,$327.74,$329.65,$331.57,$333.49,$335.40,$337.32,$339.24,$341.15,$343.07,$344.99,$287.49,$275.99,$264.49,$252.99,$241.49,$229.99,$218.49,$206.99,$195.49,$183.99,$172.49,$160.99,$139.91,$141.83,$143.74,$145.66,$147.58,$149.49,$151.41,$153.33,$155.24,$157.16,$159.08,$160.99,$164.83,$168.66,$172.49,$176.33,$180.16,$183.99,$187.83,$191.66,$195.49,$199.32,$203.16,$206.99,$201.24,$195.49,$189.74,$183.99,$178.24,$172.49,$166.74,$160.99,$155.24,$149.49,$143.74,$137.99,$134.16,$130.33,$126.49,$122.66,$118.83,$115.00,$111.16,$107.33,$103.50,$99.66,$95.83,$92.00,$93.91,$95.83,$97.75,$99.66,$101.58,$103.50,$105.41,$107.33,$109.25,$111.16,$113.08,$115.00,$118.83,$122.66,$126.49,$130.33,$134.16,$195.49,$201.24,$206.99,$212.74,$96.60,$156.39,$229.99,$335.79,$367.98,$333.49
G.Skill Value 16 GB,DDR4-2133,4 x 4GB,14.065 ns,15,$5.49,Black,5.0,2,$123.65,$124.38,$125.11,$125.85,$126.58,$127.31,$128.04,$128.77,$129.50,$130.24,$130.97,$131.70,$109.75,$105.36,$100.97,$96.58,$92.19,$87.80,$83.41,$79.02,$74.63,$70.24,$65.85,$61.46,$53.41,$54.14,$54.88,$55.61,$56.34,$57.07,$57.80,$58.53,$59.27,$60.00,$60.73,$61.46,$62.92,$64.39,$65.85,$67.31,$68.78,$70.24,$71.70,$73.17,$74.63,$76.09,$77.56,$79.02,$76.83,$74.63,$72.44,$70.24,$68.05,$65.85,$63.65,$61.46,$59.27,$57.07,$54.88,$52.68,$51.22,$49.75,$48.29,$46.83,$45.36,$43.90,$42.44,$40.97,$39.51,$38.05,$36.58,$35.12,$35.85,$36.58,$37.32,$38.05,$38.78,$39.51,$40.24,$40.97,$41.70,$42.44,$43.17,$43.90,$45.36,$46.83,$48.29,$49.75,$51.22,$74.63,$76.83,$79.02,$81.21,$36.88,$59.70,$87.80,$128.19,$140.48,$127.31
TEAMGROUP Elite 16 GB,DDR4-3200,2 x 8GB,13.75 ns,22,$7.69,Black,5.0,1,$173.21,$174.24,$175.26,$176.29,$177.31,$178.34,$179.36,$180.39,$181.41,$182.44,$183.46,$184.48,$153.74,$147.59,$141.44,$135.29,$129.14,$122.99,$116.84,$110.69,$104.54,$98.39,$92.24,$86.09,$74.82,$75.84,$76.87,$77.89,$78.92,$79.94,$80.97,$81.99,$83.02,$84.04,$85.07,$86.09,$88.14,$90.19,$92.24,$94.29,$96.34,$98.39,$100.44,$102.49,$104.54,$106.59,$108.64,$110.69,$107.62,$104.54,$101.47,$98.39,$95.32,$92.24,$89.17,$86.09,$83.02,$79.94,$76.87,$73.79,$71.74,$69.69,$67.64,$65.59,$63.54,$61.49,$59.45,$57.40,$55.35,$53.30,$51.25,$49.20,$50.22,$51.25,$52.27,$53.30,$54.32,$55.35,$56.37,$57.40,$58.42,$59.45,$60.47,$61.49,$63.54,$65.59,$67.64,$69.69,$71.74,$104.54,$107.62,$110.69,$113.77,$51.66,$83.63,$122.99,$179.57,$196.78,$178.34
Patriot Viper Venom 32 GB,DDR5-7200,2 x 16GB,9.444 ns,34,$14.84,Black / White,0.0,0,,,,,,,,,,,,,,,,,,,,,,,,,,,,,,,,,,,,,,,,,,,,,,,"$1,187.47","$1,187.47","$1,147.89","$1,108.31","$1,068.73","$1,029.14",$989.56,$949.98,$910.40,$870.82,$831.23,$791.65,$752.07,$712.49,$684.78,$657.07,$629.36,$601.65,$573.95,$546.24,$518.53,$490.82,$463.12,$435.41,$407.70,$379.99,$368.12,$356.24,$344.37,$332.49,$320.62,$308.74,$296.87,$284.99,$273.12,$261.24,$249.37,$237.50,$245.41,$253.33,$261.24,$269.16,$277.08,$403.74,$415.62,$427.49,$439.37,$199.50,$322.99,$474.99,$603.24,$565.24,$565.24
Patriot Viper Elite 5 RGB 16 GB,DDR5-5600,1 x 16GB,13.571 ns,38,$15.54,White,4.0,1,,,,,,,,,,,,,,,,,,,,,,,,,,,,,,,,,,,,,,,,,,,,,,,$621.53,$621.53,$600.81,$580.09,$559.37,$538.65,$517.94,$497.22,$476.50,$455.79,$435.07,$414.35,$393.63,$372.92,$358.41,$343.91,$329.41,$314.91,$300.40,$285.90,$271.40,$256.90,$242.39,$227.89,$213.39,$198.89,$192.67,$186.46,$180.24,$174.03,$167.81,$161.60,$155.38,$149.17,$142.95,$136.74,$130.52,$124.31,$128.45,$132.59,$136.74,$140.88,$145.02,$211.32,$217.53,$223.75,$229.96,$104.42,$169.05,$248.61,$315.73,$295.85,$295.85
Corsair Vengeance LPX 16 GB,DDR4-3600,2 x 8GB,10 ns,18,$7.19,Black / Yellow,4.5,8,$161.94,$162.90,$163.86,$164.82,$165.78,$166.74,$167.69,$168.65,$169.61,$170.57,$171.53,$172.48,$143.74,$137.99,$132.24,$126.49,$120.74,$114.99,$109.24,$103.49,$97.74,$91.99,$86.24,$80.49,$69.95,$70.91,$71.87,$72.83,$73.79,$74.74,$75.70,$76.66,$77.62,$78.58,$79.53,$80.49,$82.41,$84.33,$86.24,$88.16,$90.08,$91.99,$93.91,$95.82,$97.74,$99.66,$101.57,$103.49,$100.62,$97.74,$94.87,$91.99,$89.12,$86.24,$83.37,$80.49,$77.62,$74.74,$71.87,$68.99,$67.08,$65.16,$63.24,$61.33,$59.41,$57.49,$55.58,$53.66,$51.75,$49.83,$47.91,$46.00,$46.95,$47.91,$48.87,$49.83,$50.79,$51.75,$52.70,$53.66,$54.62,$55.58,$56.54,$57.49,$59.41,$61.33,$63.24,$65.16,$67.08,$97.74,$100.62,$103.49,$106.37,$48.30,$78.19,$114.99,$167.89,$183.98,$144.99
Corsair Vengeance RGB Pro 32 GB,DDR4-2666,2 x 16GB,12.003 ns,16,$5.84,Black,4.0,3,$263.34,$264.90,$266.46,$268.02,$269.58,$271.14,$272.69,$274.25,$275.81,$277.37,$278.93,$280.49,$233.74,$224.39,$215.04,$205.69,$196.34,$186.99,$177.64,$168.29,$158.94,$149.59,$140.24,$130.89,$113.75,$115.31,$116.87,$118.43,$119.99,$121.54,$123.10,$124.66,$126.22,$127.78,$129.33,$130.89,$134.01,$137.13,$140.24,$143.36,$146.48,$149.59,$152.71,$155.82,$158.94,$162.06,$165.17,$168.29,$163.62,$158.94,$154.27,$149.59,$144.92,$140.24,$135.57,$130.89,$126.22,$121.54,$116.87,$112.19,$109.08,$105.96,$102.84,$99.73,$96.61,$93.50,$90.38,$87.26,$84.15,$81.03,$77.91,$74.80,$76.35,$77.91,$79.47,$81.03,$82.59,$84.15,$85.70,$87.26,$88.82,$90.38,$91.94,$93.50,$96.61,$99.73,$102.84,$105.96,$109.08,$158.94,$163.62,$168.29,$172.97,$78.54,$127.15,$186.99,$273.01,$299.18,$271.14
Kingston ValueRAM 8 GB,DDR4-2133,1 x 8GB,14.065 ns,15,$5.87,Black / Green,4.5,5,$66.18,$66.57,$66.96,$67.35,$67.74,$68.14,$68.53,$68.92,$69.31,$69.70,$70.09,$70.48,$58.74,$56.39,$54.04,$51.69,$49.34,$46.99,$44.64,$42.29,$39.94,$37.59,$35.24,$32.89,$28.59,$28.98,$29.37,$29.76,$30.15,$30.54,$30.94,$31.33,$31.72,$32.11,$32.50,$32.89,$33.68,$34.46,$35.24,$36.03,$36.81,$37.59,$38.38,$39.16,$39.94,$40.72,$41.51,$42.29,$41.12,$39.94,$38.77,$37.59,$36.42,$35.24,$34.07,$32.89,$31.72,$30.54,$29.37,$28.19,$27.41,$26.63,$25.84,$25.06,$24.28,$23.50,$22.71,$21.93,$21.15,$20.36,$19.58,$18.80,$19.19,$19.58,$19.97,$20.36,$20.75,$21.15,$21.54,$21.93,$22.32,$22.71,$23.10,$23.50,$24.28,$25.06,$25.84,$26.63,$27.41,$39.94,$41.12,$42.29,$43.47,$19.74,$31.95,$46.99,$68.61,$75.18,$68.14
Corsair Dominator Platinum RGB 32 GB,DDR5-6000,2 x 16GB,10 ns,30,$14.69,Black,2.0,1,,,,,,,,,,,,,,,,,,,,,,,,,,,,,,,,,,,,,,,,,,,,,,,"$1,174.97","$1,174.97","$1,135.81","$1,096.64","$1,057.48","$1,018.31",$979.15,$939.98,$900.81,$861.65,$822.48,$783.32,$744.15,$704.99,$677.57,$650.15,$622.74,$595.32,$567.90,$540.49,$513.07,$485.66,$458.24,$430.82,$403.41,$375.99,$364.24,$352.49,$340.74,$328.99,$317.24,$305.49,$293.74,$281.99,$270.24,$258.49,$246.74,$235.00,$242.83,$250.66,$258.49,$266.33,$274.16,$399.49,$411.24,$422.99,$434.74,$197.40,$319.59,$469.99,$596.89,$559.29,$559.29
Corsair Dominator Platinum RGB 64 GB,DDR5-5200,2 x 32GB,15.385 ns,40,$12.69,White,4.0,1,,,,,,,,,,,,,,,,,,,,,,,,,,,,,,,,,,,,,,,,,,,,,,,"$2,029.97","$2,029.97","$1,962.31","$1,894.64","$1,826.98","$1,759.31","$1,691.65","$1,623.98","$1,556.31","$1,488.65","$1,420.98","$1,353.32","$1,285.65","$1,217.99","$1,170.62","$1,123.25","$1,075.89","$1,028.52",$981.15,$933.79,$886.42,$839.06,$791.69,$744.32,$696.96,$649.59,$629.29,$608.99,$588.69,$568.39,$548.09,$527.79,$507.49,$487.19,$466.89,$446.59,$426.29,$406.00,$419.53,$433.06,$446.59,$460.13,$473.66,$690.19,$710.49,$730.79,$751.09,$341.04,$552.15,$811.99,"$1,031.23",$966.27,$966.27
Kingston FURY Beast 16 GB,DDR4-3200,1 x 16GB,10 ns,16,$8.62,Black,5.0,1,$194.34,$195.49,$196.64,$197.79,$198.94,$200.09,$201.24,$202.39,$203.54,$204.69,$205.84,$206.99,$172.49,$165.59,$158.69,$151.79,$144.89,$137.99,$131.09,$124.19,$117.29,$110.39,$103.49,$96.59,$83.94,$85.09,$86.24,$87.39,$88.54,$89.69,$90.84,$91.99,$93.14,$94.29,$95.44,$96.59,$98.89,$101.19,$103.49,$105.79,$108.09,$110.39,$112.69,$114.99,$117.29,$119.59,$121.89,$124.19,$120.74,$117.29,$113.84,$110.39,$106.94,$103.49,$100.04,$96.59,$93.14,$89.69,$86.24,$82.79,$80.49,$78.19,$75.89,$73.59,$71.29,$69.00,$66.70,$64.40,$62.10,$59.80,$57.50,$55.20,$56.35,$57.50,$58.65,$59.80,$60.95,$62.10,$63.25,$64.40,$65.55,$66.70,$67.85,$69.00,$71.29,$73.59,$75.89,$78.19,$80.49,$117.29,$120.74,$124.19,$127.64,$57.96,$93.83,$137.99,$201.47,$220.78,$200.09
Crucial CT32G4LFD424A 32 GB,DDR4-2400,1 x 32GB,14.167 ns,17,$6.25,Green / Black,0.0,0,$281.61,$283.28,$284.94,$286.61,$288.28,$289.94,$291.61,$293.27,$294.94,$296.61,$298.27,$299.94,$249.95,$239.95,$229.95,$219.96,$209.96,$199.96,$189.96,$179.96,$169.97,$159.97,$149.97,$139.97,$121.64,$123.31,$124.98,$126.64,$128.31,$129.97,$131.64,$133.31,$134.97,$136.64,$138.31,$139.97,$143.30,$146.64,$149.97,$153.30,$156.64,$159.97,$163.30,$166.63,$169.97,$173.30,$176.63,$179.96,$174.97,$169.97,$164.97,$159.97,$154.97,$149.97,$144.97,$139.97,$134.97,$129.97,$124.98,$119.98,$116.64,$113.31,$109.98,$106.65,$103.31,$99.98,$96.65,$93.31,$89.98,$86.65,$83.32,$79.98,$81.65,$83.32,$84.98,$86.65,$88.32,$89.98,$91.65,$93.31,$94.98,$96.65,$98.31,$99.98,$103.31,$106.65,$109.98,$113.31,$116.64,$169.97,$174.97,$179.96,$184.96,$83.98,$135.97,$199.96,$291.94,$319.94,$289.94
G.Skill Flare X5 64 GB,DDR5-6000,2 x 32GB,9.333 ns,28,$14.06,White,0.0,0,,,,,,,,,,,,,,,,,,,,,,,,,,,,,,,,,,,,,,,,,,,,,,,"$2,249.97","$2,249.97","$2,174.98","$2,099.98","$2,024.98","$1,949.98","$1,874.98","$1,799.98","$1,724.98","$1,649.98","$1,574.98","$1,499.98","$1,424.98","$1,349.99","$1,297.49","$1,244.99","$1,192.49","$1,139.99","$1,087.49","$1,034.99",$982.49,$929.99,$877.49,$824.99,$772.49,$719.99,$697.49,$674.99,$652.49,$629.99,$607.49,$584.99,$562.49,$539.99,$517.49,$494.99,$472.49,$450.00,$464.99,$479.99,$494.99,$509.99,$524.99,$764.99,$787.49,$809.99,$832.49,$378.00,$611.99,$899.99,"$1,142.99","$1,070.99","$1,070.99"
Patriot Viper Steel 8 GB,DDR4-3200,2 x 4GB,10 ns,16,,Silver / Black,5.0,3,$70.40,$70.82,$71.24,$71.65,$72.07,$72.49,$72.90,$73.32,$73.74,$74.15,$74.57,$74.98,$62.49,$59.99,$57.49,$54.99,$52.49,$49.99,$47.49,$44.99,$42.49,$39.99,$37.49,$34.99,$30.41,$30.83,$31.24,$31.66,$32.08,$32.49,$32.91,$33.33,$33.74,$34.16,$34.58,$34.99,$35.83,$36.66,$37.49,$38.33,$39.16,$39.99,$40.83,$41.66,$42.49,$43.32,$44.16,$44.99,$43.74,$42.49,$41.24,$39.99,$38.74,$37.49,$36.24,$34.99,$33.74,$32.49,$31.24,$29.99,$29.16,$28.33,$27.49,$26.66,$25.83,$25.00,$24.16,$23.33,$22.50,$21.66,$20.83,$20.00,$20.41,$20.83,$21.25,$21.66,$22.08,$22.50,$22.91,$23.33,$23.75,$24.16,$24.58,$25.00,$25.83,$26.66,$27.49,$28.33,$29.16,$42.49,$43.74,$44.99,$46.24,$21.00,$33.99,$49.99,$72.99,$79.98,$72.49
TEAMGROUP T-Force Vulcan 32 GB,DDR5-5200,2 x 16GB,15.385 ns,40,$12.06,Black,4.5,4,,,,,,,,,,,,,,,,,,,,,,,,,,,,,,,,,,,,,,,,,,,,,,,$964.98,$964.98,$932.81,$900.64,$868.48,$836.31,$804.15,$771.98,$739.81,$707.65,$675.48,$643.32,$611.15,$578.99,$556.47,$533.95,$511.44,$488.92,$466.40,$443.89,$421.37,$398.86,$376.34,$353.82,$331.31,$308.79,$299.14,$289.49,$279.84,$270.19,$260.54,$250.89,$241.24,$231.59,$221.94,$212.29,$202.64,$193.00,$199.43,$205.86,$212.29,$218.73,$225.16,$328.09,$337.74,$347.39,$357.04,$162.12,$262.47,$385.99,$490.21,$459.33,$459.33
Corsair Vengeance 32 GB,DDR5-5200,2 x 16GB,15.385 ns,40,$12.22,Gray,0.0,0,,,,,,,,,,,,,,,,,,,,,,,,,,,,,,,,,,,,,,,,,,,,,,,$977.48,$977.48,$944.89,$912.31,$879.73,$847.14,$814.56,$781.98,$749.40,$716.82,$684.23,$651.65,$619.07,$586.49,$563.68,$540.87,$518.06,$495.25,$472.45,$449.64,$426.83,$404.02,$381.22,$358.41,$335.60,$312.79,$303.02,$293.24,$283.47,$273.69,$263.92,$254.14,$244.37,$234.59,$224.82,$215.04,$205.27,$195.50,$202.01,$208.53,$215.04,$221.56,$228.08,$332.34,$342.12,$351.89,$361.67,$164.22,$265.87,$390.99,$496.56,$465.28,$465.28
Corsair ValueSelect 8 GB,DDR4-2666,1 x 8GB,13.503 ns,18,$7.25,Black / Yellow,5.0,1,$81.66,$82.14,$82.62,$83.10,$83.59,$84.07,$84.55,$85.04,$85.52,$86.00,$86.49,$86.97,$72.47,$69.58,$66.68,$63.78,$60.88,$57.98,$55.08,$52.18,$49.28,$46.38,$43.49,$40.59,$35.27,$35.75,$36.24,$36.72,$37.20,$37.69,$38.17,$38.65,$39.14,$39.62,$40.10,$40.59,$41.55,$42.52,$43.48,$44.45,$45.42,$46.38,$47.35,$48.32,$49.28,$50.25,$51.22,$52.18,$50.73,$49.28,$47.83,$46.38,$44.93,$43.48,$42.04,$40.59,$39.14,$37.69,$36.24,$34.79,$33.82,$32.86,$31.89,$30.92,$29.96,$28.99,$28.02,$27.06,$26.09,$25.12,$24.16,$23.19,$23.68,$24.16,$24.64,$25.12,$25.61,$26.09,$26.57,$27.06,$27.54,$28.02,$28.51,$28.99,$29.96,$30.92,$31.89,$32.86,$33.82,$49.28,$50.73,$52.18,$53.63,$24.35,$39.43,$57.98,$84.65,$92.77,$84.07
TEAMGROUP T-Create Expert 96 GB,DDR5-6800,2 x 48GB,10.588 ns,36,$12.24,White,4.0,1,,,,,,,,,,,,,,,,,,,,,,,,,,,,,,,,,,,,,,,,,,,,,,,"$2,937.47","$2,937.47","$2,839.56","$2,741.64","$2,643.73","$2,545.81","$2,447.90","$2,349.98","$2,252.06","$2,154.15","$2,056.23","$1,958.32","$1,860.40","$1,762.49","$1,693.94","$1,625.40","$1,556.86","$1,488.32","$1,419.78","$1,351.24","$1,282.70","$1,214.16","$1,145.62","$1,077.07","$1,008.53",$939.99,$910.62,$881.24,$851.87,$822.49,$793.12,$763.74,$734.37,$704.99,$675.62,$646.24,$616.87,$587.50,$607.08,$626.66,$646.24,$665.83,$685.41,$998.74,"$1,028.12","$1,057.49","$1,086.87",$493.50,$798.99,"$1,174.99","$1,492.24","$1,398.24","$1,398.24"
Corsair Vengeance RGB 32 GB,DDR5-6000,2 x 16GB,12 ns,36,$13.66,Black / Silver,0.0,0,,,,,,,,,,,,,,,,,,,,,,,,,,,,,,,,,,,,,,,,,,,,,,,"$1,092.47","$1,092.47","$1,056.06","$1,019.64",$983.23,$946.81,$910.40,$873.98,$837.56,$801.15,$764.73,$728.32,$691.90,$655.49,$629.99,$604.50,$579.01,$553.52,$528.03,$502.54,$477.05,$451.56,$426.07,$400.57,$375.08,$349.59,$338.67,$327.74,$316.82,$305.89,$294.97,$284.04,$273.12,$262.19,$251.27,$240.34,$229.42,$218.50,$225.78,$233.06,$240.34,$247.63,$254.91,$371.44,$382.37,$393.29,$404.22,$183.54,$297.15,$436.99,$554.98,$520.02,$439.99
Crucial CT2K64G56C46S5 128 GB,DDR5-5600,2 x 64GB,16.429 ns,46,$7.24,Black,5.0,1,,,,,,,,,,,,,,,,,,,,,,,,,,,,,,,,,,,,,,,,,,,,,,,"$2,317.47","$2,317.47","$2,240.23","$2,162.98","$2,085.73","$2,008.48","$1,931.23","$1,853.98","$1,776.73","$1,699.48","$1,622.23","$1,544.98","$1,467.73","$1,390.49","$1,336.41","$1,282.34","$1,228.26","$1,174.19","$1,120.11","$1,066.04","$1,011.96",$957.89,$903.82,$849.74,$795.67,$741.59,$718.42,$695.24,$672.07,$648.89,$625.72,$602.54,$579.37,$556.19,$533.02,$509.84,$486.67,$463.50,$478.94,$494.39,$509.84,$525.29,$540.74,$787.94,$811.12,$834.29,$857.47,$389.34,$630.35,$926.99,"$1,177.28","$1,103.12","$1,103.12"
Corsair Vengeance 32 GB,DDR5-6800,2 x 16GB,11.765 ns,40,$12.59,Black,0.0,0,,,,,,,,,,,,,,,,,,,,,,,,,,,,,,,,,,,,,,,,,,,,,,,"$1,007.48","$1,007.48",$973.89,$940.31,$906.73,$873.14,$839.56,$805.98,$772.40,$738.82,$705.23,$671.65,$638.07,$604.49,$580.98,$557.47,$533.96,$510.45,$486.95,$463.44,$439.93,$416.42,$392.92,$369.41,$345.90,$322.39,$312.32,$302.24,$292.17,$282.09,$272.02,$261.94,$251.87,$241.79,$231.72,$221.64,$211.57,$201.50,$208.21,$214.93,$221.64,$228.36,$235.08,$342.54,$352.62,$362.69,$372.77,$169.26,$274.03,$402.99,$511.80,$479.56,$479.56
Crucial CT4G4DFS8213 4 GB,DDR4-2133,1 x 4GB,14.065 ns,15,$7.45,Black / Green,4.0,8,$41.95,$42.20,$42.45,$42.70,$42.95,$43.20,$43.44,$43.69,$43.94,$44.19,$44.44,$44.69,$37.24,$35.75,$34.26,$32.77,$31.28,$29.79,$28.30,$26.81,$25.32,$23.83,$22.34,$20.85,$18.12,$18.37,$18.62,$18.87,$19.12,$19.36,$19.61,$19.86,$20.11,$20.36,$20.60,$20.85,$21.35,$21.85,$22.34,$22.84,$23.34,$23.83,$24.33,$24.82,$25.32,$25.82,$26.31,$26.81,$26.07,$25.32,$24.58,$23.83,$23.09,$22.34,$21.60,$20.85,$20.11,$19.36,$18.62,$17.87,$17.38,$16.88,$16.38,$15.89,$15.39,$14.89,$14.40,$13.90,$13.41,$12.91,$12.41,$11.92,$12.16,$12.41,$12.66,$12.91,$13.16,$13.41,$13.65,$13.90,$14.15,$14.40,$14.65,$14.89,$15.39,$15.89,$16.38,$16.88,$17.38,$25.32,$26.07,$26.81,$27.56,$12.51,$20.26,$29.79,$43.49,$47.66,$43.20
Corsair Vengeance RGB Pro SL 16 GB,DDR4-3600,2 x 8GB,10 ns,18,$7.87,Black,4.5,7,$177.44,$178.49,$179.54,$180.59,$181.64,$182.69,$183.74,$184.79,$185.84,$186.89,$187.94,$188.98,$157.49,$151.19,$144.89,$138.59,$132.29,$125.99,$119.69,$113.39,$107.09,$100.79,$94.49,$88.19,$76.64,$77.69,$78.74,$79.79,$80.84,$81.89,$82.94,$83.99,$85.04,$86.09,$87.14,$88.19,$90.29,$92.39,$94.49,$96.59,$98.69,$100.79,$102.89,$104.99,$107.09,$109.19,$111.29,$113.39,$110.24,$107.09,$103.94,$100.79,$97.64,$94.49,$91.34,$88.19,$85.04,$81.89,$78.74,$75.59,$73.49,$71.39,$69.29,$67.19,$65.09,$62.99,$60.90,$58.80,$56.70,$54.60,$52.50,$50.40,$51.45,$52.50,$53.55,$54.60,$55.65,$56.70,$57.75,$58.80,$59.85,$60.90,$61.95,$62.99,$65.09,$67.19,$69.29,$71.39,$73.49,$107.09,$110.24,$113.39,$116.54,$52.92,$85.67,$125.99,$183.95,$201.58,$182.69
Patriot Viper Xtreme 5 48 GB,DDR5-8200,2 x 24GB,9.268 ns,38,$12.33,Black,0.0,0,,,,,,,,,,,,,,,,,,,,,,,,,,,,,,,,,,,,,,,,,,,,,,,"$1,479.97","$1,479.97","$1,430.64","$1,381.31","$1,331.98","$1,282.64","$1,233.31","$1,183.98","$1,134.65","$1,085.32","$1,035.98",$986.65,$937.32,$887.99,$853.45,$818.92,$784.39,$749.85,$715.32,$680.79,$646.26,$611.72,$577.19,$542.66,$508.12,$473.59,$458.79,$443.99,$429.19,$414.39,$399.59,$384.79,$369.99,$355.19,$340.39,$325.59,$310.79,$296.00,$305.86,$315.73,$325.59,$335.46,$345.33,$503.19,$517.99,$532.79,$547.59,$248.64,$402.55,$591.99,$751.83,$704.47,$704.47
Corsair Vengeance 64 GB,DDR5-4800,2 x 32GB,16.667 ns,40,$11.56,Black,0.0,0,,,,,,,,,,,,,,,,,,,,,,,,,,,,,,,,,,,,,,,,,,,,,,,"$1,849.97","$1,849.97","$1,788.31","$1,726.64","$1,664.98","$1,603.31","$1,541.65","$1,479.98","$1,418.31","$1,356.65","$1,294.98","$1,233.32","$1,171.65","$1,109.99","$1,066.82","$1,023.65",$980.49,$937.32,$894.15,$850.99,$807.82,$764.66,$721.49,$678.32,$635.16,$591.99,$573.49,$554.99,$536.49,$517.99,$499.49,$480.99,$462.49,$443.99,$425.49,$406.99,$388.49,$370.00,$382.33,$394.66,$406.99,$419.33,$431.66,$628.99,$647.49,$665.99,$684.49,$310.80,$503.19,$739.99,$939.79,$880.59,$880.59
TEAMGROUP Elite 16 GB,DDR5-6000,1 x 16GB,16 ns,48,$12.69,Black,0.0,0,,,,,,,,,,,,,,,,,,,,,,,,,,,,,,,,,,,,,,,,,,,,,,,$507.48,$507.48,$490.56,$473.64,$456.73,$439.81,$422.90,$405.98,$389.06,$372.15,$355.23,$338.32,$321.40,$304.49,$292.64,$280.80,$268.96,$257.12,$245.28,$233.44,$221.60,$209.76,$197.92,$186.07,$174.23,$162.39,$157.32,$152.24,$147.17,$142.09,$137.02,$131.94,$126.87,$121.79,$116.72,$111.64,$106.57,$101.50,$104.88,$108.26,$111.64,$115.03,$118.41,$172.54,$177.62,$182.69,$187.77,$85.26,$138.03,$202.99,$257.80,$241.56,$241.56
Patriot Viper Steel 64 GB,DDR4-3600,2 x 32GB,10 ns,18,$9.22,Silver / Black,5.0,2,$830.90,$835.82,$840.74,$845.65,$850.57,$855.49,$860.40,$865.32,$870.24,$875.15,$880.07,$884.99,$737.49,$707.99,$678.49,$648.99,$619.49,$589.99,$560.49,$530.99,$501.49,$471.99,$442.49,$412.99,$358.91,$363.83,$368.74,$373.66,$378.58,$383.49,$388.41,$393.33,$398.24,$403.16,$408.08,$412.99,$422.83,$432.66,$442.49,$452.33,$462.16,$471.99,$481.83,$491.66,$501.49,$511.32,$521.16,$530.99,$516.24,$501.49,$486.74,$471.99,$457.24,$442.49,$427.74,$412.99,$398.24,$383.49,$368.74,$353.99,$344.16,$334.33,$324.49,$314.66,$304.83,$295.00,$285.16,$275.33,$265.50,$255.66,$245.83,$236.00,$240.91,$245.83,$250.75,$255.66,$260.58,$265.50,$270.41,$275.33,$280.25,$285.16,$290.08,$295.00,$304.83,$314.66,$324.49,$334.33,$344.16,$501.49,$516.24,$530.99,$545.74,$247.80,$401.19,$589.99,$861.39,$943.98,$855.49
Patriot Viper Venom 48 GB,DDR5-6000,2 x 24GB,10 ns,30,$10.21,Black / White,0.0,0,,,,,,,,,,,,,,,,,,,,,,,,,,,,,,,,,,,,,,,,,,,,,,,"$1,224.97","$1,224.97","$1,184.14","$1,143.31","$1,102.48","$1,061.64","$1,020.81",$979.98,$939.15,$898.32,$857.48,$816.65,$775.82,$734.99,$706.40,$677.82,$649.24,$620.65,$592.07,$563.49,$534.91,$506.32,$477.74,$449.16,$420.57,$391.99,$379.74,$367.49,$355.24,$342.99,$330.74,$318.49,$306.24,$293.99,$281.74,$269.49,$257.24,$245.00,$253.16,$261.33,$269.49,$277.66,$285.83,$416.49,$428.74,$440.99,$453.24,$205.80,$333.19,$489.99,$622.29,$583.09,$583.09
Crucial CT8G4DFS8266 8 GB,DDR4-2666,1 x 8GB,14.254 ns,19,$6.62,Green / Black,4.0,2,$74.57,$75.01,$75.45,$75.90,$76.34,$76.78,$77.22,$77.66,$78.10,$78.54,$78.98,$79.43,$66.19,$63.54,$60.89,$58.25,$55.60,$52.95,$50.30,$47.66,$45.01,$42.36,$39.71,$37.07,$32.21,$32.65,$33.09,$33.54,$33.98,$34.42,$34.86,$35.30,$35.74,$36.18,$36.62,$37.06,$37.95,$38.83,$39.71,$40.59,$41.48,$42.36,$43.24,$44.12,$45.01,$45.89,$46.77,$47.66,$46.33,$45.01,$43.68,$42.36,$41.04,$39.71,$38.39,$37.07,$35.74,$34.42,$33.09,$31.77,$30.89,$30.01,$29.12,$28.24,$27.36,$26.48,$25.59,$24.71,$23.83,$22.95,$22.06,$21.18,$21.62,$22.06,$22.50,$22.95,$23.39,$23.83,$24.27,$24.71,$25.15,$25.59,$26.03,$26.48,$27.36,$28.24,$29.12,$30.01,$30.89,$45.01,$46.33,$47.66,$48.98,$22.24,$36.01,$52.95,$77.31,$84.72,$76.78
Crucial CT2K16G4DFRA266 32 GB,DDR4-2666,2 x 16GB,14.254 ns,19,$5.94,Green,0.0,0,$267.53,$269.11,$270.69,$272.28,$273.86,$275.44,$277.02,$278.61,$280.19,$281.77,$283.36,$284.94,$237.45,$227.95,$218.45,$208.96,$199.46,$189.96,$180.46,$170.96,$161.47,$151.97,$142.47,$132.97,$115.56,$117.14,$118.73,$120.31,$121.89,$123.47,$125.06,$126.64,$128.22,$129.81,$131.39,$132.97,$136.14,$139.30,$142.47,$145.64,$148.80,$151.97,$155.13,$158.30,$161.47,$164.63,$167.80,$170.96,$166.22,$161.47,$156.72,$151.97,$147.22,$142.47,$137.72,$132.97,$128.22,$123.47,$118.73,$113.98,$110.81,$107.64,$104.48,$101.31,$98.15,$94.98,$91.81,$88.65,$85.48,$82.32,$79.15,$75.98,$77.57,$79.15,$80.73,$82.32,$83.90,$85.48,$87.07,$88.65,$90.23,$91.81,$93.40,$94.98,$98.15,$101.31,$104.48,$107.64,$110.81,$161.47,$166.22,$170.96,$175.71,$79.78,$129.17,$189.96,$277.34,$303.94,$275.44
G.Skill Trident Z5 CK RGB 48 GB,DDR5-8400,2 x 24GB,9.524 ns,40,$14.58,Black,0.0,0,,,,,,,,,,,,,,,,,,,,,,,,,,,,,,,,,,,,,,,,,,,,,,,"$1,749.97","$1,749.97","$1,691.64","$1,633.31","$1,574.98","$1,516.64","$1,458.31","$1,399.98","$1,341.65","$1,283.32","$1,224.98","$1,166.65","$1,108.32","$1,049.99","$1,009.15",$968.32,$927.49,$886.65,$845.82,$804.99,$764.16,$723.32,$682.49,$641.66,$600.82,$559.99,$542.49,$524.99,$507.49,$489.99,$472.49,$454.99,$437.49,$419.99,$402.49,$384.99,$367.49,$350.00,$361.66,$373.33,$384.99,$396.66,$408.33,$594.99,$612.49,$629.99,$647.49,$294.00,$475.99,$699.99,$888.99,$832.99,$832.99
G.Skill Trident Z5 RGB 48 GB,DDR5-7200,2 x 24GB,10 ns,36,$10.42,Black,0.0,0,,,,,,,,,,,,,,,,,,,,,,,,,,,,,,,,,,,,,,,,,,,,,,,"$1,249.97","$1,249.97","$1,208.31","$1,166.64","$1,124.98","$1,083.31","$1,041.65",$999.98,$958.31,$916.65,$874.98,$833.32,$791.65,$749.99,$720.82,$691.65,$662.49,$633.32,$604.15,$574.99,$545.82,$516.66,$487.49,$458.32,$429.16,$399.99,$387.49,$374.99,$362.49,$349.99,$337.49,$324.99,$312.49,$299.99,$287.49,$274.99,$262.49,$250.00,$258.33,$266.66,$274.99,$283.33,$291.66,$424.99,$437.49,$449.99,$462.49,$210.00,$339.99,$499.99,$634.99,$594.99,$594.99
Patriot Signature Premium 8 GB,DDR4-2666,1 x 8GB,14.254 ns,19,$5.87,Black,4.0,1,$66.18,$66.57,$66.96,$67.35,$67.74,$68.14,$68.53,$68.92,$69.31,$69.70,$70.09,$70.48,$58.74,$56.39,$54.04,$51.69,$49.34,$46.99,$44.64,$42.29,$39.94,$37.59,$35.24,$32.89,$28.59,$28.98,$29.37,$29.76,$30.15,$30.54,$30.94,$31.33,$31.72,$32.11,$32.50,$32.89,$33.68,$34.46,$35.24,$36.03,$36.81,$37.59,$38.38,$39.16,$39.94,$40.72,$41.51,$42.29,$41.12,$39.94,$38.77,$37.59,$36.42,$35.24,$34.07,$32.89,$31.72,$30.54,$29.37,$28.19,$27.41,$26.63,$25.84,$25.06,$24.28,$23.50,$22.71,$21.93,$21.15,$20.36,$19.58,$18.80,$19.19,$19.58,$19.97,$20.36,$20.75,$21.15,$21.54,$21.93,$22.32,$22.71,$23.10,$23.50,$24.28,$25.06,$25.84,$26.63,$27.41,$39.94,$41.12,$42.29,$43.47,$19.74,$31.95,$46.99,$68.61,$75.18,$68.14
TEAMGROUP T-Create Expert 32 GB,DDR5-7200,2 x 16GB,9.444 ns,34,$14.84,Black,5.0,1,,,,,,,,,,,,,,,,,,,,,,,,,,,,,,,,,,,,,,,,,,,,,,,"$1,187.47","$1,187.47","$1,147.89","$1,108.31","$1,068.73","$1,029.14",$989.56,$949.98,$910.40,$870.82,$831.23,$791.65,$752.07,$712.49,$684.78,$657.07,$629.36,$601.65,$573.95,$546.24,$518.53,$490.82,$463.12,$435.41,$407.70,$379.99,$368.12,$356.24,$344.37,$332.49,$320.62,$308.74,$296.87,$284.99,$273.12,$261.24,$249.37,$237.50,$245.41,$253.33,$261.24,$269.16,$277.08,$403.74,$415.62,$427.49,$439.37,$199.50,$322.99,$474.99,$603.24,$565.24,$565.24
Corsair Vengeance RGB Pro 16 GB,DDR4-3600,2 x 8GB,10 ns,18,$7.94,Black,4.5,10,$178.84,$179.90,$180.96,$182.02,$183.08,$184.14,$185.19,$186.25,$187.31,$188.37,$189.43,$190.48,$158.74,$152.39,$146.04,$139.69,$133.34,$126.99,$120.64,$114.29,$107.94,$101.59,$95.24,$88.89,$77.25,$78.31,$79.37,$80.43,$81.49,$82.54,$83.60,$84.66,$85.72,$86.78,$87.83,$88.89,$91.01,$93.13,$95.24,$97.36,$99.48,$101.59,$103.71,$105.82,$107.94,$110.06,$112.17,$114.29,$111.12,$107.94,$104.77,$101.59,$98.42,$95.24,$92.07,$88.89,$85.72,$82.54,$79.37,$76.19,$74.08,$71.96,$69.84,$67.73,$65.61,$63.49,$61.38,$59.26,$57.15,$55.03,$52.91,$50.80,$51.85,$52.91,$53.97,$55.03,$56.09,$57.15,$58.20,$59.26,$60.32,$61.38,$62.44,$63.49,$65.61,$67.73,$69.84,$71.96,$74.08,$107.94,$111.12,$114.29,$117.47,$53.34,$86.35,$126.99,$185.41,$203.18,$184.14
TEAMGROUP T-Create Expert 96 GB,DDR5-6400,2 x 48GB,10 ns,32,$10.42,Black / Gold,0.0,0,,,,,,,,,,,,,,,,,,,,,,,,,,,,,,,,,,,,,,,,,,,,,,,"$2,499.97","$2,499.97","$2,416.64","$2,333.31","$2,249.98","$2,166.64","$2,083.31","$1,999.98","$1,916.65","$1,833.32","$1,749.98","$1,666.65","$1,583.32","$1,499.99","$1,441.65","$1,383.32","$1,324.99","$1,266.65","$1,208.32","$1,149.99","$1,091.66","$1,033.32",$974.99,$916.66,$858.32,$799.99,$774.99,$749.99,$724.99,$699.99,$674.99,$649.99,$624.99,$599.99,$574.99,$549.99,$524.99,$500.00,$516.66,$533.33,$549.99,$566.66,$583.33,$849.99,$874.99,$899.99,$924.99,$420.00,$679.99,$999.99,"$1,269.99","$1,189.99","$1,189.99"
TEAMGROUP T-Force Xtreem 32 GB,DDR5-7200,2 x 16GB,9.444 ns,34,$15.31,Pink,0.0,0,,,,,,,,,,,,,,,,,,,,,,,,,,,,,,,,,,,,,,,,,,,,,,,"$1,224.97","$1,224.97","$1,184.14","$1,143.31","$1,102.48","$1,061.64","$1,020.81",$979.98,$939.15,$898.32,$857.48,$816.65,$775.82,$734.99,$706.40,$677.82,$649.24,$620.65,$592.07,$563.49,$534.91,$506.32,$477.74,$449.16,$420.57,$391.99,$379.74,$367.49,$355.24,$342.99,$330.74,$318.49,$306.24,$293.99,$281.74,$269.49,$257.24,$245.00,$253.16,$261.33,$269.49,$277.66,$285.83,$416.49,$428.74,$440.99,$453.24,$205.80,$333.19,$489.99,$622.29,$583.09,$583.09
Kingston FURY Beast RGB 16 GB,DDR5-5600,1 x 16GB,12.857 ns,36,$23.35,Black,0.0,0,,,,,,,,,,,,,,,,,,,,,,,,,,,,,,,,,,,,,,,,,,,,,,,$933.95,$933.95,$902.82,$871.69,$840.55,$809.42,$778.29,$747.16,$716.03,$684.90,$653.76,$622.63,$591.50,$560.37,$538.58,$516.79,$494.99,$473.20,$451.41,$429.62,$407.82,$386.03,$364.24,$342.45,$320.66,$298.86,$289.52,$280.19,$270.85,$261.51,$252.17,$242.83,$233.49,$224.15,$214.81,$205.47,$196.13,$186.79,$193.02,$199.24,$205.47,$211.70,$217.92,$317.54,$326.88,$336.22,$345.56,$156.90,$254.03,$373.58,$474.45,$444.56,$444.56
TEAMGROUP T-Force DELTA?? RGB 32 GB,DDR5-5600,2 x 16GB,14.286 ns,40,$13.27,White,0.0,0,,,,,,,,,,,,,,,,,,,,,,,,,,,,,,,,,,,,,,,,,,,,,,,"$1,061.22","$1,061.22","$1,025.85",$990.48,$955.10,$919.73,$884.35,$848.98,$813.61,$778.23,$742.86,$707.48,$672.11,$636.74,$611.97,$587.21,$562.45,$537.69,$512.93,$488.16,$463.40,$438.64,$413.88,$389.12,$364.35,$339.59,$328.98,$318.37,$307.76,$297.14,$286.53,$275.92,$265.31,$254.69,$244.08,$233.47,$222.86,$212.25,$219.32,$226.39,$233.47,$240.54,$247.62,$360.82,$371.43,$382.04,$392.65,$178.29,$288.65,$424.49,$539.10,$505.14,$505.14
G.Skill Trident Z5 Neo 128 GB,DDR5-6000,2 x 64GB,12 ns,36,$11.45,Black,0.0,0,,,,,,,,,,,,,,,,,,,,,,,,,,,,,,,,,,,,,,,,,,,,,,,"$3,664.97","$3,664.97","$3,542.81","$3,420.64","$3,298.48","$3,176.31","$3,054.15","$2,931.98","$2,809.81","$2,687.65","$2,565.48","$2,443.32","$2,321.15","$2,198.99","$2,113.47","$2,027.95","$1,942.44","$1,856.92","$1,771.40","$1,685.89","$1,600.37","$1,514.86","$1,429.34","$1,343.82","$1,258.31","$1,172.79","$1,136.14","$1,099.49","$1,062.84","$1,026.19",$989.54,$952.89,$916.24,$879.59,$842.94,$806.29,$769.64,$733.00,$757.43,$781.86,$806.29,$830.73,$855.16,"$1,246.09","$1,282.74","$1,319.39","$1,356.04",$615.72,$996.87,"$1,465.99","$1,861.81","$1,744.53","$1,744.53"
G.Skill Trident Z5 RGB 64 GB,DDR5-6000,2 x 32GB,10 ns,30,$11.11,White / Black,5.0,1,,,,,,,,,,,,,,,,,,,,,,,,,,,,,,,,,,,,,,,,,,,,,,,"$1,777.47","$1,777.47","$1,718.23","$1,658.98","$1,599.73","$1,540.48","$1,481.23","$1,421.98","$1,362.73","$1,303.48","$1,244.23","$1,184.98","$1,125.73","$1,066.49","$1,025.01",$983.54,$942.06,$900.59,$859.11,$817.64,$776.16,$734.69,$693.22,$651.74,$610.27,$568.79,$551.02,$533.24,$515.47,$497.69,$479.92,$462.14,$444.37,$426.59,$408.82,$391.04,$373.27,$355.50,$367.34,$379.19,$391.04,$402.89,$414.74,$604.34,$622.12,$639.89,$657.67,$298.62,$483.47,$710.99,$902.96,$846.08,$846.08
G.Skill Trident Z5 Neo RGB 64 GB,DDR5-6000,2 x 32GB,10.667 ns,32,$11.46,Black / Silver,4.5,2,,,,,,,,,,,,,,,,,,,,,,,,,,,,,,,,,,,,,,,,,,,,,,,"$1,833.05","$1,833.05","$1,771.95","$1,710.85","$1,649.75","$1,588.64","$1,527.54","$1,466.44","$1,405.34","$1,344.24","$1,283.13","$1,222.03","$1,160.93","$1,099.83","$1,057.06","$1,014.29",$971.52,$928.75,$885.97,$843.20,$800.43,$757.66,$714.89,$672.12,$629.35,$586.58,$568.25,$549.91,$531.58,$513.25,$494.92,$476.59,$458.26,$439.93,$421.60,$403.27,$384.94,$366.61,$378.83,$391.05,$403.27,$415.49,$427.71,$623.24,$641.57,$659.90,$678.23,$307.95,$498.59,$733.22,$931.19,$872.53,$872.53
G.Skill Trident Z5 Neo RGB 64 GB,DDR5-6000,2 x 32GB,10 ns,30,$14.69,Black,0.0,0,,,,,,,,,,,,,,,,,,,,,,,,,,,,,,,,,,,,,,,,,,,,,,,"$2,349.97","$2,349.97","$2,271.64","$2,193.31","$2,114.98","$2,036.64","$1,958.31","$1,879.98","$1,801.65","$1,723.32","$1,644.98","$1,566.65","$1,488.32","$1,409.99","$1,355.15","$1,300.32","$1,245.49","$1,190.65","$1,135.82","$1,080.99","$1,026.16",$971.32,$916.49,$861.66,$806.82,$751.99,$728.49,$704.99,$681.49,$657.99,$634.49,$610.99,$587.49,$563.99,$540.49,$516.99,$493.49,$470.00,$485.66,$501.33,$516.99,$532.66,$548.33,$798.99,$822.49,$845.99,$869.49,$394.80,$639.19,$939.99,"$1,193.79","$1,118.59","$1,118.59"
G.Skill Trident Z Neo 32 GB,DDR4-4000,2 x 16GB,9 ns,18,$7.19,Black / Silver,4.5,4,$323.90,$325.82,$327.74,$329.65,$331.57,$333.49,$335.40,$337.32,$339.24,$341.15,$343.07,$344.99,$287.49,$275.99,$264.49,$252.99,$241.49,$229.99,$218.49,$206.99,$195.49,$183.99,$172.49,$160.99,$139.91,$141.83,$143.74,$145.66,$147.58,$149.49,$151.41,$153.33,$155.24,$157.16,$159.08,$160.99,$164.83,$168.66,$172.49,$176.33,$180.16,$183.99,$187.83,$191.66,$195.49,$199.32,$203.16,$206.99,$201.24,$195.49,$189.74,$183.99,$178.24,$172.49,$166.74,$160.99,$155.24,$149.49,$143.74,$137.99,$134.16,$130.33,$126.49,$122.66,$118.83,$115.00,$111.16,$107.33,$103.50,$99.66,$95.83,$92.00,$93.91,$95.83,$97.75,$99.66,$101.58,$103.50,$105.41,$107.33,$109.25,$111.16,$113.08,$115.00,$118.83,$122.66,$126.49,$130.33,$134.16,$195.49,$201.24,$206.99,$212.74,$96.60,$156.39,$229.99,$335.79,$367.98,$333.49
Corsair Vengeance RGB Pro SL 64 GB,DDR4-3600,4 x 16GB,10 ns,18,$6.55,White,3.5,2,$590.43,$593.92,$597.42,$600.91,$604.40,$607.90,$611.39,$614.89,$618.38,$621.87,$625.37,$628.86,$524.05,$503.09,$482.13,$461.16,$440.20,$419.24,$398.28,$377.32,$356.35,$335.39,$314.43,$293.47,$255.04,$258.53,$262.02,$265.52,$269.01,$272.51,$276.00,$279.49,$282.99,$286.48,$289.97,$293.47,$300.46,$307.44,$314.43,$321.42,$328.40,$335.39,$342.38,$349.37,$356.35,$363.34,$370.33,$377.32,$366.84,$356.35,$345.87,$335.39,$324.91,$314.43,$303.95,$293.47,$282.99,$272.51,$262.02,$251.54,$244.56,$237.57,$230.58,$223.59,$216.61,$209.62,$202.63,$195.65,$188.66,$181.67,$174.68,$167.70,$171.19,$174.68,$178.18,$181.67,$185.16,$188.66,$192.15,$195.65,$199.14,$202.63,$206.13,$209.62,$216.61,$223.59,$230.58,$237.57,$244.56,$356.35,$366.84,$377.32,$387.80,$176.08,$285.08,$419.24,$612.09,$670.78,$607.90
G.Skill Trident Z5 Royal 32 GB,DDR5-7200,2 x 16GB,9.444 ns,34,$16.56,Silver,5.0,3,,,,,,,,,,,,,,,,,,,,,,,,,,,,,,,,,,,,,,,,,,,,,,,"$1,324.97","$1,324.97","$1,280.81","$1,236.64","$1,192.48","$1,148.31","$1,104.15","$1,059.98","$1,015.81",$971.65,$927.48,$883.32,$839.15,$794.99,$764.07,$733.15,$702.24,$671.32,$640.40,$609.49,$578.57,$547.66,$516.74,$485.82,$454.91,$423.99,$410.74,$397.49,$384.24,$370.99,$357.74,$344.49,$331.24,$317.99,$304.74,$291.49,$278.24,$265.00,$273.83,$282.66,$291.49,$300.33,$309.16,$450.49,$463.74,$476.99,$490.24,$222.60,$360.39,$529.99,$673.09,$630.69,$630.69
Patriot Viper Elite 5 RGB TUF GAMING ALLIANCE 48 GB,DDR5-6600,2 x 24GB,10.303 ns,34,$9.38,White,0.0,0,,,,,,,,,,,,,,,,,,,,,,,,,,,,,,,,,,,,,,,,,,,,,,,"$1,124.97","$1,124.97","$1,087.48","$1,049.98","$1,012.48",$974.98,$937.48,$899.98,$862.48,$824.98,$787.48,$749.98,$712.48,$674.99,$648.74,$622.49,$596.24,$569.99,$543.74,$517.49,$491.24,$464.99,$438.74,$412.49,$386.24,$359.99,$348.74,$337.49,$326.24,$314.99,$303.74,$292.49,$281.24,$269.99,$258.74,$247.49,$236.24,$225.00,$232.49,$239.99,$247.49,$254.99,$262.49,$382.49,$393.74,$404.99,$416.24,$189.00,$305.99,$449.99,$571.49,$535.49,$535.49
G.Skill Aegis 32 GB,DDR4-3200,4 x 8GB,10 ns,16,$6.72,Red / Black,5.0,1,$302.78,$304.57,$306.36,$308.15,$309.94,$311.74,$313.53,$315.32,$317.11,$318.90,$320.69,$322.49,$268.74,$257.99,$247.24,$236.49,$225.74,$214.99,$204.24,$193.49,$182.74,$171.99,$161.24,$150.49,$130.79,$132.58,$134.37,$136.16,$137.95,$139.74,$141.54,$143.33,$145.12,$146.91,$148.70,$150.49,$154.08,$157.66,$161.24,$164.83,$168.41,$171.99,$175.58,$179.16,$182.74,$186.32,$189.91,$193.49,$188.12,$182.74,$177.37,$171.99,$166.62,$161.24,$155.87,$150.49,$145.12,$139.74,$134.37,$128.99,$125.41,$121.83,$118.24,$114.66,$111.08,$107.50,$103.91,$100.33,$96.75,$93.16,$89.58,$86.00,$87.79,$89.58,$91.37,$93.16,$94.95,$96.75,$98.54,$100.33,$102.12,$103.91,$105.70,$107.50,$111.08,$114.66,$118.24,$121.83,$125.41,$182.74,$188.12,$193.49,$198.87,$90.30,$146.19,$214.99,$313.89,$343.98,$311.74
Kingston KVR21R15D4/16 16 GB,DDR4-2133,1 x 16GB,14.065 ns,15,$4.41,Black / Green,5.0,1,$99.32,$99.90,$100.49,$101.08,$101.67,$102.25,$102.84,$103.43,$104.02,$104.60,$105.19,$105.78,$88.15,$84.62,$81.10,$77.57,$74.05,$70.52,$66.99,$63.47,$59.94,$56.42,$52.89,$49.36,$42.90,$43.49,$44.07,$44.66,$45.25,$45.84,$46.43,$47.01,$47.60,$48.19,$48.78,$49.36,$50.54,$51.71,$52.89,$54.07,$55.24,$56.42,$57.59,$58.77,$59.94,$61.12,$62.29,$63.47,$61.70,$59.94,$58.18,$56.42,$54.65,$52.89,$51.13,$49.36,$47.60,$45.84,$44.07,$42.31,$41.14,$39.96,$38.79,$37.61,$36.44,$35.26,$34.08,$32.91,$31.73,$30.56,$29.38,$28.21,$28.80,$29.38,$29.97,$30.56,$31.15,$31.73,$32.32,$32.91,$33.50,$34.08,$34.67,$35.26,$36.44,$37.61,$38.79,$39.96,$41.14,$59.94,$61.70,$63.47,$65.23,$29.62,$47.95,$70.52,$102.96,$112.83,$102.25
TEAMGROUP T-Create Classic 32 GB,DDR5-6000,2 x 16GB,16 ns,48,$11.56,Black,4.5,6,,,,,,,,,,,,,,,,,,,,,,,,,,,,,,,,,,,,,,,,,,,,,,,$924.98,$924.98,$894.14,$863.31,$832.48,$801.64,$770.81,$739.98,$709.15,$678.32,$647.48,$616.65,$585.82,$554.99,$533.40,$511.82,$490.24,$468.65,$447.07,$425.49,$403.91,$382.32,$360.74,$339.16,$317.57,$295.99,$286.74,$277.49,$268.24,$258.99,$249.74,$240.49,$231.24,$221.99,$212.74,$203.49,$194.24,$185.00,$191.16,$197.33,$203.49,$209.66,$215.83,$314.49,$323.74,$332.99,$342.24,$155.40,$251.59,$369.99,$469.89,$440.29,$440.29
Kingston FURY Beast 32 GB,DDR4-3600,1 x 32GB,9.444 ns,17,$7.66,Black,0.0,0,$345.01,$347.05,$349.10,$351.14,$353.18,$355.22,$357.26,$359.30,$361.35,$363.39,$365.43,$367.47,$306.22,$293.98,$281.73,$269.48,$257.23,$244.98,$232.73,$220.48,$208.23,$195.98,$183.74,$171.49,$149.03,$151.07,$153.11,$155.15,$157.20,$159.24,$161.28,$163.32,$165.36,$167.40,$169.44,$171.49,$175.57,$179.65,$183.73,$187.82,$191.90,$195.98,$200.07,$204.15,$208.23,$212.32,$216.40,$220.48,$214.36,$208.23,$202.11,$195.98,$189.86,$183.73,$177.61,$171.49,$165.36,$159.24,$153.11,$146.99,$142.90,$138.82,$134.74,$130.66,$126.57,$122.49,$118.41,$114.32,$110.24,$106.16,$102.07,$97.99,$100.03,$102.08,$104.12,$106.16,$108.20,$110.24,$112.28,$114.32,$116.37,$118.41,$120.45,$122.49,$126.57,$130.66,$134.74,$138.82,$142.91,$208.23,$214.36,$220.48,$226.61,$102.89,$166.59,$244.98,$357.67,$391.97,$355.22
TEAMGROUP T-Force Delta RGB 32 GB,DDR5-5200,2 x 16GB,15.385 ns,40,$12.50,Black,0.0,0,,,,,,,,,,,,,,,,,,,,,,,,,,,,,,,,,,,,,,,,,,,,,,,$999.98,$999.98,$966.64,$933.31,$899.98,$866.64,$833.31,$799.98,$766.65,$733.32,$699.98,$666.65,$633.32,$599.99,$576.65,$553.32,$529.99,$506.65,$483.32,$459.99,$436.66,$413.32,$389.99,$366.66,$343.32,$319.99,$309.99,$299.99,$289.99,$279.99,$269.99,$259.99,$249.99,$239.99,$229.99,$219.99,$209.99,$200.00,$206.66,$213.33,$219.99,$226.66,$233.33,$339.99,$349.99,$359.99,$369.99,$168.00,$271.99,$399.99,$507.99,$475.99,$475.99
Corsair Vengeance 32 GB,DDR5-6400,2 x 16GB,10 ns,32,$13.63,Black / Gray,5.0,1,,,,,,,,,,,,,,,,,,,,,,,,,,,,,,,,,,,,,,,,,,,,,,,"$1,089.97","$1,089.97","$1,053.64","$1,017.31",$980.98,$944.64,$908.31,$871.98,$835.65,$799.32,$762.98,$726.65,$690.32,$653.99,$628.55,$603.12,$577.69,$552.25,$526.82,$501.39,$475.96,$450.52,$425.09,$399.66,$374.22,$348.79,$337.89,$326.99,$316.09,$305.19,$294.29,$283.39,$272.49,$261.59,$250.69,$239.79,$228.89,$218.00,$225.26,$232.53,$239.79,$247.06,$254.33,$370.59,$381.49,$392.39,$403.29,$183.12,$296.47,$435.99,$553.71,$518.83,$518.83
G.Skill Trident Z5 RGB 96 GB,DDR5-6400,2 x 48GB,10 ns,32,$11.04,White / Black,0.0,0,,,,,,,,,,,,,,,,,,,,,,,,,,,,,,,,,,,,,,,,,,,,,,,"$2,649.97","$2,649.97","$2,561.64","$2,473.31","$2,384.98","$2,296.64","$2,208.31","$2,119.98","$2,031.65","$1,943.32","$1,854.98","$1,766.65","$1,678.32","$1,589.99","$1,528.15","$1,466.32","$1,404.49","$1,342.65","$1,280.82","$1,218.99","$1,157.16","$1,095.32","$1,033.49",$971.66,$909.82,$847.99,$821.49,$794.99,$768.49,$741.99,$715.49,$688.99,$662.49,$635.99,$609.49,$582.99,$556.49,$530.00,$547.66,$565.33,$582.99,$600.66,$618.33,$900.99,$927.49,$953.99,$980.49,$445.20,$720.79,"$1,059.99","$1,346.19","$1,261.39","$1,261.39"
Crucial CT24G56C46S5 24 GB,DDR5-5600,1 x 24GB,16.429 ns,46,$7.83,Black,0.0,0,,,,,,,,,,,,,,,,,,,,,,,,,,,,,,,,,,,,,,,,,,,,,,,$469.98,$469.98,$454.31,$438.64,$422.98,$407.31,$391.65,$375.98,$360.31,$344.65,$328.98,$313.32,$297.65,$281.99,$271.02,$260.05,$249.09,$238.12,$227.15,$216.19,$205.22,$194.26,$183.29,$172.32,$161.36,$150.39,$145.69,$140.99,$136.29,$131.59,$126.89,$122.19,$117.49,$112.79,$108.09,$103.39,$98.69,$94.00,$97.13,$100.26,$103.39,$106.53,$109.66,$159.79,$164.49,$169.19,$173.89,$78.96,$127.83,$187.99,$238.75,$223.71,$223.71
Silicon Power SP032GBSVU560F22 32 GB,DDR5-5600,2 x 16GB,16.429 ns,46,$9.96,Black,0.0,0,,,,,,,,,,,,,,,,,,,,,,,,,,,,,,,,,,,,,,,,,,,,,,,$796.98,$796.98,$770.41,$743.84,$717.28,$690.71,$664.15,$637.58,$611.01,$584.45,$557.88,$531.32,$504.75,$478.19,$459.59,$440.99,$422.40,$403.80,$385.20,$366.61,$348.01,$329.42,$310.82,$292.22,$273.63,$255.03,$247.06,$239.09,$231.12,$223.15,$215.18,$207.21,$199.24,$191.27,$183.30,$175.33,$167.36,$159.40,$164.71,$170.02,$175.33,$180.65,$185.96,$270.97,$278.94,$286.91,$294.88,$133.89,$216.78,$318.79,$404.86,$379.36,$379.36
G.Skill Trident Z5 Neo RGB 64 GB,DDR5-6000,2 x 32GB,12 ns,36,$11.72,Black,0.0,0,,,,,,,,,,,,,,,,,,,,,,,,,,,,,,,,,,,,,,,,,,,,,,,"$1,874.97","$1,874.97","$1,812.48","$1,749.98","$1,687.48","$1,624.98","$1,562.48","$1,499.98","$1,437.48","$1,374.98","$1,312.48","$1,249.98","$1,187.48","$1,124.99","$1,081.24","$1,037.49",$993.74,$949.99,$906.24,$862.49,$818.74,$774.99,$731.24,$687.49,$643.74,$599.99,$581.24,$562.49,$543.74,$524.99,$506.24,$487.49,$468.74,$449.99,$431.24,$412.49,$393.74,$375.00,$387.49,$399.99,$412.49,$424.99,$437.49,$637.49,$656.24,$674.99,$693.74,$315.00,$509.99,$749.99,$952.49,$892.49,$892.49
Corsair Vengeance RGB RS 32 GB,DDR4-3600,2 x 16GB,10 ns,18,$6.78,Black / Gray,5.0,4,$305.59,$307.40,$309.21,$311.02,$312.83,$314.64,$316.44,$318.25,$320.06,$321.87,$323.68,$325.49,$271.24,$260.39,$249.54,$238.69,$227.84,$216.99,$206.14,$195.29,$184.44,$173.59,$162.74,$151.89,$132.00,$133.81,$135.62,$137.43,$139.24,$141.04,$142.85,$144.66,$146.47,$148.28,$150.08,$151.89,$155.51,$159.13,$162.74,$166.36,$169.98,$173.59,$177.21,$180.82,$184.44,$188.06,$191.67,$195.29,$189.87,$184.44,$179.02,$173.59,$168.17,$162.74,$157.32,$151.89,$146.47,$141.04,$135.62,$130.19,$126.58,$122.96,$119.34,$115.73,$112.11,$108.50,$104.88,$101.26,$97.65,$94.03,$90.41,$86.80,$88.60,$90.41,$92.22,$94.03,$95.84,$97.65,$99.45,$101.26,$103.07,$104.88,$106.69,$108.50,$112.11,$115.73,$119.34,$122.96,$126.58,$184.44,$189.87,$195.29,$200.72,$91.14,$147.55,$216.99,$316.81,$347.18,$314.64
Klevv CRAS X RGB 16 GB,DDR4-3200,2 x 8GB,10 ns,16,$6.87,Black,5.0,1,$154.90,$155.82,$156.74,$157.65,$158.57,$159.49,$160.40,$161.32,$162.24,$163.15,$164.07,$164.98,$137.49,$131.99,$126.49,$120.99,$115.49,$109.99,$104.49,$98.99,$93.49,$87.99,$82.49,$76.99,$66.91,$67.83,$68.74,$69.66,$70.58,$71.49,$72.41,$73.33,$74.24,$75.16,$76.08,$76.99,$78.83,$80.66,$82.49,$84.33,$86.16,$87.99,$89.83,$91.66,$93.49,$95.32,$97.16,$98.99,$96.24,$93.49,$90.74,$87.99,$85.24,$82.49,$79.74,$76.99,$74.24,$71.49,$68.74,$65.99,$64.16,$62.33,$60.49,$58.66,$56.83,$54.99,$53.16,$51.33,$49.50,$47.66,$45.83,$44.00,$44.91,$45.83,$46.75,$47.66,$48.58,$49.50,$50.41,$51.33,$52.25,$53.16,$54.08,$54.99,$56.83,$58.66,$60.49,$62.33,$64.16,$93.49,$96.24,$98.99,$101.74,$46.20,$74.79,$109.99,$160.59,$175.98,$159.49
G.Skill Trident Z Neo 32 GB,DDR4-3600,4 x 8GB,10 ns,18,$8.44,Silver / Black,4.5,4,$380.24,$382.49,$384.74,$386.99,$389.24,$391.49,$393.74,$395.99,$398.24,$400.49,$402.74,$404.99,$337.49,$323.99,$310.49,$296.99,$283.49,$269.99,$256.49,$242.99,$229.49,$215.99,$202.49,$188.99,$164.24,$166.49,$168.74,$170.99,$173.24,$175.49,$177.74,$179.99,$182.24,$184.49,$186.74,$188.99,$193.49,$197.99,$202.49,$206.99,$211.49,$215.99,$220.49,$224.99,$229.49,$233.99,$238.49,$242.99,$236.24,$229.49,$222.74,$215.99,$209.24,$202.49,$195.74,$188.99,$182.24,$175.49,$168.74,$161.99,$157.49,$152.99,$148.49,$143.99,$139.49,$135.00,$130.50,$126.00,$121.50,$117.00,$112.50,$108.00,$110.25,$112.50,$114.75,$117.00,$119.25,$121.50,$123.75,$126.00,$128.25,$130.50,$132.75,$135.00,$139.49,$143.99,$148.49,$152.99,$157.49,$229.49,$236.24,$242.99,$249.74,$113.40,$183.59,$269.99,$394.19,$431.98,$391.49
TEAMGROUP Xtreem 48 GB,DDR5-7600,2 x 24GB,9.474 ns,36,$11.15,Black,0.0,0,,,,,,,,,,,,,,,,,,,,,,,,,,,,,,,,,,,,,,,,,,,,,,,"$1,337.47","$1,337.47","$1,292.89","$1,248.31","$1,203.73","$1,159.14","$1,114.56","$1,069.98","$1,025.40",$980.82,$936.23,$891.65,$847.07,$802.49,$771.28,$740.07,$708.86,$677.65,$646.45,$615.24,$584.03,$552.82,$521.62,$490.41,$459.20,$427.99,$414.62,$401.24,$387.87,$374.49,$361.12,$347.74,$334.37,$320.99,$307.62,$294.24,$280.87,$267.50,$276.41,$285.33,$294.24,$303.16,$312.08,$454.74,$468.12,$481.49,$494.87,$224.70,$363.79,$534.99,$679.44,$636.64,$636.64
Corsair Vengeance 32 GB,DDR5-6400,2 x 16GB,10 ns,32,$13.63,White / Gray,5.0,2,,,,,,,,,,,,,,,,,,,,,,,,,,,,,,,,,,,,,,,,,,,,,,,"$1,089.97","$1,089.97","$1,053.64","$1,017.31",$980.98,$944.64,$908.31,$871.98,$835.65,$799.32,$762.98,$726.65,$690.32,$653.99,$628.55,$603.12,$577.69,$552.25,$526.82,$501.39,$475.96,$450.52,$425.09,$399.66,$374.22,$348.79,$337.89,$326.99,$316.09,$305.19,$294.29,$283.39,$272.49,$261.59,$250.69,$239.79,$228.89,$218.00,$225.26,$232.53,$239.79,$247.06,$254.33,$370.59,$381.49,$392.39,$403.29,$183.12,$296.47,$435.99,$553.71,$518.83,$518.83
G.Skill F4-3200C16Q2-128GTZKY 128 GB,DDR4-3200,8 x 16GB,10 ns,16,$8.23,Black / Yellow,0.0,0,"$1,483.95","$1,492.73","$1,501.51","$1,510.29","$1,519.07","$1,527.85","$1,536.63","$1,545.41","$1,554.19","$1,562.97","$1,571.75","$1,580.54","$1,317.11","$1,264.43","$1,211.74","$1,159.06","$1,106.37","$1,053.69","$1,001.01",$948.32,$895.64,$842.95,$790.27,$737.58,$640.99,$649.78,$658.56,$667.34,$676.12,$684.90,$693.68,$702.46,$711.24,$720.02,$728.80,$737.58,$755.14,$772.71,$790.27,$807.83,$825.39,$842.95,$860.51,$878.07,$895.64,$913.20,$930.76,$948.32,$921.98,$895.64,$869.29,$842.95,$816.61,$790.27,$763.93,$737.58,$711.24,$684.90,$658.56,$632.21,$614.65,$597.09,$579.53,$561.97,$544.41,$526.85,$509.28,$491.72,$474.16,$456.60,$439.04,$421.48,$430.26,$439.04,$447.82,$456.60,$465.38,$474.16,$482.94,$491.72,$500.50,$509.28,$518.06,$526.85,$544.41,$561.97,$579.53,$597.09,$614.65,$895.64,$921.98,$948.32,$974.66,$442.55,$716.51,"$1,053.69","$1,538.39","$1,685.90","$1,527.85"
Corsair Dominator Titanium 32 GB,DDR5-7000,2 x 16GB,9.714 ns,34,$15.91,Black,0.0,0,,,,,,,,,,,,,,,,,,,,,,,,,,,,,,,,,,,,,,,,,,,,,,,"$1,272.47","$1,272.47","$1,230.06","$1,187.64","$1,145.23","$1,102.81","$1,060.40","$1,017.98",$975.56,$933.15,$890.73,$848.32,$805.90,$763.49,$733.79,$704.10,$674.41,$644.72,$615.03,$585.34,$555.65,$525.96,$496.27,$466.57,$436.88,$407.19,$394.47,$381.74,$369.02,$356.29,$343.57,$330.84,$318.12,$305.39,$292.67,$279.94,$267.22,$254.50,$262.98,$271.46,$279.94,$288.43,$296.91,$432.64,$445.37,$458.09,$470.82,$213.78,$346.11,$508.99,$646.42,$605.70,$605.70
Corsair Vengeance RGB 64 GB,DDR5-6600,4 x 16GB,9.697 ns,32,$14.31,Black / Gray,0.0,0,,,,,,,,,,,,,,,,,,,,,,,,,,,,,,,,,,,,,,,,,,,,,,,"$2,289.97","$2,289.97","$2,213.64","$2,137.31","$2,060.98","$1,984.64","$1,908.31","$1,831.98","$1,755.65","$1,679.32","$1,602.98","$1,526.65","$1,450.32","$1,373.99","$1,320.55","$1,267.12","$1,213.69","$1,160.25","$1,106.82","$1,053.39",$999.96,$946.52,$893.09,$839.66,$786.22,$732.79,$709.89,$686.99,$664.09,$641.19,$618.29,$595.39,$572.49,$549.59,$526.69,$503.79,$480.89,$458.00,$473.26,$488.53,$503.79,$519.06,$534.33,$778.59,$801.49,$824.39,$847.29,$384.72,$622.87,$915.99,"$1,163.31","$1,090.03","$1,090.03"
G.Skill Trident Z5 Royal 48 GB,DDR5-8400,2 x 24GB,9.524 ns,40,$13.54,Gold,0.0,0,,,,,,,,,,,,,,,,,,,,,,,,,,,,,,,,,,,,,,,,,,,,,,,"$1,624.97","$1,624.97","$1,570.81","$1,516.64","$1,462.48","$1,408.31","$1,354.15","$1,299.98","$1,245.81","$1,191.65","$1,137.48","$1,083.32","$1,029.15",$974.99,$937.07,$899.15,$861.24,$823.32,$785.40,$747.49,$709.57,$671.66,$633.74,$595.82,$557.91,$519.99,$503.74,$487.49,$471.24,$454.99,$438.74,$422.49,$406.24,$389.99,$373.74,$357.49,$341.24,$325.00,$335.83,$346.66,$357.49,$368.33,$379.16,$552.49,$568.74,$584.99,$601.24,$273.00,$441.99,$649.99,$825.49,$773.49,$773.49
TEAMGROUP T-Create Classic 16 GB,DDR4-3200,2 x 8GB,13.75 ns,22,$6.69,Silver,4.0,4,$150.68,$151.57,$152.46,$153.35,$154.24,$155.14,$156.03,$156.92,$157.81,$158.70,$159.59,$160.48,$133.74,$128.39,$123.04,$117.69,$112.34,$106.99,$101.64,$96.29,$90.94,$85.59,$80.24,$74.89,$65.09,$65.98,$66.87,$67.76,$68.65,$69.54,$70.44,$71.33,$72.22,$73.11,$74.00,$74.89,$76.68,$78.46,$80.24,$82.03,$83.81,$85.59,$87.38,$89.16,$90.94,$92.72,$94.51,$96.29,$93.62,$90.94,$88.27,$85.59,$82.92,$80.24,$77.57,$74.89,$72.22,$69.54,$66.87,$64.19,$62.41,$60.63,$58.84,$57.06,$55.28,$53.49,$51.71,$49.93,$48.15,$46.36,$44.58,$42.80,$43.69,$44.58,$45.47,$46.36,$47.25,$48.15,$49.04,$49.93,$50.82,$51.71,$52.60,$53.49,$55.28,$57.06,$58.84,$60.63,$62.41,$90.94,$93.62,$96.29,$98.97,$44.94,$72.75,$106.99,$156.21,$171.18,$155.14
Silicon Power XPOWER Storm RGB 32 GB,DDR5-6000,2 x 16GB,12 ns,36,$12.94,Black,0.0,0,,,,,,,,,,,,,,,,,,,,,,,,,,,,,,,,,,,,,,,,,,,,,,,"$1,034.93","$1,034.93","$1,000.43",$965.93,$931.43,$896.93,$862.44,$827.94,$793.44,$758.95,$724.45,$689.95,$655.45,$620.96,$596.81,$572.66,$548.51,$524.36,$500.21,$476.07,$451.92,$427.77,$403.62,$379.47,$355.32,$331.18,$320.83,$310.48,$300.13,$289.78,$279.43,$269.08,$258.73,$248.38,$238.03,$227.68,$217.33,$206.99,$213.88,$220.78,$227.68,$234.58,$241.48,$351.87,$362.22,$372.57,$382.92,$173.87,$281.50,$413.97,$525.74,$492.62,$492.62
Corsair Vengeance RGB Pro 16 GB,DDR4-3000,2 x 8GB,10 ns,15,$7.50,Black,4.5,17,$168.99,$169.99,$170.99,$171.99,$172.99,$173.99,$174.99,$175.99,$176.99,$177.99,$178.99,$179.98,$149.99,$143.99,$137.99,$131.99,$125.99,$119.99,$113.99,$107.99,$101.99,$95.99,$89.99,$83.99,$72.99,$73.99,$74.99,$75.99,$76.99,$77.99,$78.99,$79.99,$80.99,$81.99,$82.99,$83.99,$85.99,$87.99,$89.99,$91.99,$93.99,$95.99,$97.99,$99.99,$101.99,$103.99,$105.99,$107.99,$104.99,$101.99,$98.99,$95.99,$92.99,$89.99,$86.99,$83.99,$80.99,$77.99,$74.99,$71.99,$69.99,$67.99,$65.99,$63.99,$61.99,$59.99,$58.00,$56.00,$54.00,$52.00,$50.00,$48.00,$49.00,$50.00,$51.00,$52.00,$53.00,$54.00,$55.00,$56.00,$57.00,$58.00,$59.00,$59.99,$61.99,$63.99,$65.99,$67.99,$69.99,$101.99,$104.99,$107.99,$110.99,$50.40,$81.59,$119.99,$175.19,$191.98,$173.99
Corsair Vengeance RGB 32 GB,DDR5-6600,2 x 16GB,11.515 ns,38,$12.94,Black,5.0,2,,,,,,,,,,,,,,,,,,,,,,,,,,,,,,,,,,,,,,,,,,,,,,,"$1,034.97","$1,034.97","$1,000.48",$965.98,$931.48,$896.98,$862.48,$827.98,$793.48,$758.98,$724.48,$689.98,$655.48,$620.99,$596.84,$572.69,$548.54,$524.39,$500.24,$476.09,$451.94,$427.79,$403.64,$379.49,$355.34,$331.19,$320.84,$310.49,$300.14,$289.79,$279.44,$269.09,$258.74,$248.39,$238.04,$227.69,$217.34,$207.00,$213.89,$220.79,$227.69,$234.59,$241.49,$351.89,$362.24,$372.59,$382.94,$173.88,$281.51,$413.99,$525.77,$492.65,$439.99
G.Skill Ripjaws V 8 GB,DDR4-2666,1 x 8GB,14.254 ns,19,$7.50,Red / Black,0.0,0,$84.49,$84.99,$85.49,$85.99,$86.49,$86.99,$87.49,$87.99,$88.49,$88.99,$89.49,$89.98,$74.99,$71.99,$68.99,$65.99,$62.99,$59.99,$56.99,$53.99,$50.99,$47.99,$44.99,$41.99,$36.49,$36.99,$37.49,$37.99,$38.49,$38.99,$39.49,$39.99,$40.49,$40.99,$41.49,$41.99,$42.99,$43.99,$44.99,$45.99,$46.99,$47.99,$48.99,$49.99,$50.99,$51.99,$52.99,$53.99,$52.49,$50.99,$49.49,$47.99,$46.49,$44.99,$43.49,$41.99,$40.49,$38.99,$37.49,$35.99,$34.99,$33.99,$32.99,$31.99,$30.99,$30.00,$29.00,$28.00,$27.00,$26.00,$25.00,$24.00,$24.50,$25.00,$25.50,$26.00,$26.50,$27.00,$27.50,$28.00,$28.50,$29.00,$29.50,$30.00,$30.99,$31.99,$32.99,$33.99,$34.99,$50.99,$52.49,$53.99,$55.49,$25.20,$40.79,$59.99,$87.59,$95.98,$86.99
G.Skill Trident Z5 RGB 32 GB,DDR5-6000,2 x 16GB,10 ns,30,$14.06,White / Black,0.0,0,,,,,,,,,,,,,,,,,,,,,,,,,,,,,,,,,,,,,,,,,,,,,,,"$1,124.97","$1,124.97","$1,087.48","$1,049.98","$1,012.48",$974.98,$937.48,$899.98,$862.48,$824.98,$787.48,$749.98,$712.48,$674.99,$648.74,$622.49,$596.24,$569.99,$543.74,$517.49,$491.24,$464.99,$438.74,$412.49,$386.24,$359.99,$348.74,$337.49,$326.24,$314.99,$303.74,$292.49,$281.24,$269.99,$258.74,$247.49,$236.24,$225.00,$232.49,$239.99,$247.49,$254.99,$262.49,$382.49,$393.74,$404.99,$416.24,$189.00,$305.99,$449.99,$571.49,$535.49,$535.49
Corsair Vengeance RGB 64 GB,DDR5-6000,2 x 32GB,10 ns,30,$13.77,White / Gray,5.0,1,,,,,,,,,,,,,,,,,,,,,,,,,,,,,,,,,,,,,,,,,,,,,,,"$2,202.47","$2,202.47","$2,129.06","$2,055.64","$1,982.23","$1,908.81","$1,835.40","$1,761.98","$1,688.56","$1,615.15","$1,541.73","$1,468.32","$1,394.90","$1,321.49","$1,270.09","$1,218.70","$1,167.31","$1,115.92","$1,064.53","$1,013.14",$961.75,$910.36,$858.97,$807.57,$756.18,$704.79,$682.77,$660.74,$638.72,$616.69,$594.67,$572.64,$550.62,$528.59,$506.57,$484.54,$462.52,$440.50,$455.18,$469.86,$484.54,$499.23,$513.91,$748.84,$770.87,$792.89,$814.92,$370.02,$599.07,$880.99,"$1,118.86","$1,048.38","$1,048.38"
TEAMGROUP T-Force Vulcan Z 32 GB,DDR4-3200,2 x 16GB,10 ns,16,$5.63,Red,5.0,5,$253.49,$254.99,$256.49,$257.99,$259.49,$260.99,$262.49,$263.99,$265.49,$266.99,$268.49,$269.99,$224.99,$215.99,$206.99,$197.99,$188.99,$179.99,$170.99,$161.99,$152.99,$143.99,$134.99,$125.99,$109.49,$110.99,$112.49,$113.99,$115.49,$116.99,$118.49,$119.99,$121.49,$122.99,$124.49,$125.99,$128.99,$131.99,$134.99,$137.99,$140.99,$143.99,$146.99,$149.99,$152.99,$155.99,$158.99,$161.99,$157.49,$152.99,$148.49,$143.99,$139.49,$134.99,$130.49,$125.99,$121.49,$116.99,$112.49,$107.99,$104.99,$101.99,$98.99,$95.99,$92.99,$90.00,$87.00,$84.00,$81.00,$78.00,$75.00,$72.00,$73.50,$75.00,$76.50,$78.00,$79.50,$81.00,$82.50,$84.00,$85.50,$87.00,$88.50,$90.00,$92.99,$95.99,$98.99,$101.99,$104.99,$152.99,$157.49,$161.99,$166.49,$75.60,$122.39,$179.99,$262.79,$287.98,$260.99
Silicon Power XPOWER Zenith RGB Gaming 32 GB,DDR4-3600,2 x 16GB,10 ns,18,$7.34,Black,5.0,1,$330.92,$332.87,$334.83,$336.79,$338.75,$340.71,$342.66,$344.62,$346.58,$348.54,$350.50,$352.45,$293.71,$281.96,$270.22,$258.47,$246.72,$234.97,$223.22,$211.47,$199.72,$187.98,$176.23,$164.48,$142.94,$144.90,$146.86,$148.81,$150.77,$152.73,$154.69,$156.65,$158.60,$160.56,$162.52,$164.48,$168.40,$172.31,$176.23,$180.14,$184.06,$187.98,$191.89,$195.81,$199.72,$203.64,$207.56,$211.47,$205.60,$199.72,$193.85,$187.98,$182.10,$176.23,$170.35,$164.48,$158.60,$152.73,$146.86,$140.98,$137.07,$133.15,$129.23,$125.32,$121.40,$117.48,$113.57,$109.65,$105.74,$101.82,$97.90,$93.99,$95.95,$97.90,$99.86,$101.82,$103.78,$105.74,$107.69,$109.65,$111.61,$113.57,$115.53,$117.48,$121.40,$125.32,$129.23,$133.15,$137.07,$199.72,$205.60,$211.47,$217.35,$98.69,$159.78,$234.97,$343.06,$375.95,$340.71
Patriot Viper Venom 32 GB,DDR5-6000,1 x 32GB,10 ns,30,$19.21,Black / White,5.0,1,,,,,,,,,,,,,,,,,,,,,,,,,,,,,,,,,,,,,,,,,,,,,,,"$1,536.90","$1,536.90","$1,485.67","$1,434.44","$1,383.21","$1,331.98","$1,280.75","$1,229.52","$1,178.29","$1,127.06","$1,075.83","$1,024.60",$973.37,$922.14,$886.28,$850.42,$814.56,$778.70,$742.83,$706.97,$671.11,$635.25,$599.39,$563.53,$527.67,$491.81,$476.44,$461.07,$445.70,$430.33,$414.96,$399.59,$384.23,$368.86,$353.49,$338.12,$322.75,$307.38,$317.63,$327.87,$338.12,$348.36,$358.61,$522.55,$537.91,$553.28,$568.65,$258.20,$418.04,$614.76,$780.75,$731.56,$731.56
G.Skill Trident Z5 RGB 48 GB,DDR5-8200,2 x 24GB,9.756 ns,40,$11.46,Black,0.0,0,,,,,,,,,,,,,,,,,,,,,,,,,,,,,,,,,,,,,,,,,,,,,,,"$1,374.97","$1,374.97","$1,329.14","$1,283.31","$1,237.48","$1,191.64","$1,145.81","$1,099.98","$1,054.15","$1,008.32",$962.48,$916.65,$870.82,$824.99,$792.90,$760.82,$728.74,$696.65,$664.57,$632.49,$600.41,$568.32,$536.24,$504.16,$472.07,$439.99,$426.24,$412.49,$398.74,$384.99,$371.24,$357.49,$343.74,$329.99,$316.24,$302.49,$288.74,$275.00,$284.16,$293.33,$302.49,$311.66,$320.83,$467.49,$481.24,$494.99,$508.74,$231.00,$373.99,$549.99,$698.49,$654.49,$654.49
Kingston KCP421ND8/16 16 GB,DDR4-2133,1 x 16GB,14.065 ns,15,$4.99,Green / Black,0.0,0,$112.37,$113.04,$113.70,$114.37,$115.03,$115.70,$116.36,$117.03,$117.69,$118.36,$119.02,$119.69,$99.74,$95.75,$91.76,$87.77,$83.78,$79.79,$75.80,$71.81,$67.82,$63.83,$59.84,$55.85,$48.54,$49.20,$49.87,$50.53,$51.20,$51.86,$52.53,$53.19,$53.86,$54.52,$55.19,$55.85,$57.18,$58.51,$59.84,$61.17,$62.50,$63.83,$65.16,$66.49,$67.82,$69.15,$70.48,$71.81,$69.82,$67.82,$65.83,$63.83,$61.84,$59.84,$57.85,$55.85,$53.86,$51.86,$49.87,$47.87,$46.54,$45.21,$43.88,$42.55,$41.22,$39.90,$38.57,$37.24,$35.91,$34.58,$33.25,$31.92,$32.58,$33.25,$33.91,$34.58,$35.24,$35.91,$36.57,$37.24,$37.90,$38.57,$39.23,$39.90,$41.22,$42.55,$43.88,$45.21,$46.54,$67.82,$69.82,$71.81,$73.81,$33.51,$54.26,$79.79,$116.49,$127.66,$115.70
Kingston FURY Renegade Pro 256 GB,DDR5-5600,8 x 32GB,12.857 ns,36,,Black,0.0,0,,,,,,,,,,,,,,,,,,,,,,,,,,,,,,,,,,,,,,,,,,,,,,,"$9,499.97","$9,499.97","$9,183.31","$8,866.64","$8,549.98","$8,233.31","$7,916.65","$7,599.98","$7,283.31","$6,966.65","$6,649.98","$6,333.32","$6,016.65","$5,699.98","$5,478.32","$5,256.65","$5,034.99","$4,813.32","$4,591.65","$4,369.99","$4,148.32","$3,926.66","$3,704.99","$3,483.32","$3,261.66","$3,039.99","$2,944.99","$2,849.99","$2,754.99","$2,659.99","$2,564.99","$2,469.99","$2,374.99","$2,279.99","$2,184.99","$2,089.99","$1,994.99","$1,899.99","$1,963.33","$2,026.66","$2,089.99","$2,153.33","$2,216.66","$3,229.99","$3,324.99","$3,419.99","$3,514.99","$1,596.00","$2,583.99","$3,799.99","$4,825.99","$4,521.99","$4,521.99"
Kingston ValueRAM 8 GB,DDR4-2400,1 x 8GB,14.167 ns,17,$7.82,Green,4.0,3,$88.15,$88.67,$89.19,$89.71,$90.23,$90.76,$91.28,$91.80,$92.32,$92.84,$93.36,$93.89,$78.24,$75.11,$71.98,$68.85,$65.72,$62.59,$59.46,$56.33,$53.20,$50.07,$46.94,$43.81,$38.08,$38.60,$39.12,$39.64,$40.16,$40.68,$41.21,$41.73,$42.25,$42.77,$43.29,$43.81,$44.86,$45.90,$46.94,$47.99,$49.03,$50.07,$51.12,$52.16,$53.20,$54.24,$55.29,$56.33,$54.77,$53.20,$51.64,$50.07,$48.51,$46.94,$45.38,$43.81,$42.25,$40.68,$39.12,$37.55,$36.51,$35.47,$34.42,$33.38,$32.34,$31.30,$30.25,$29.21,$28.17,$27.12,$26.08,$25.04,$25.56,$26.08,$26.60,$27.12,$27.64,$28.17,$28.69,$29.21,$29.73,$30.25,$30.77,$31.30,$32.34,$33.38,$34.42,$35.47,$36.51,$53.20,$54.77,$56.33,$57.90,$26.29,$42.56,$62.59,$91.38,$100.14,$90.76
G.Skill Ripjaws 16 GB,DDR4-2400,2 x 8GB,13.333 ns,16,$6.87,Black,4.5,2,$154.90,$155.82,$156.74,$157.65,$158.57,$159.49,$160.40,$161.32,$162.24,$163.15,$164.07,$164.98,$137.49,$131.99,$126.49,$120.99,$115.49,$109.99,$104.49,$98.99,$93.49,$87.99,$82.49,$76.99,$66.91,$67.83,$68.74,$69.66,$70.58,$71.49,$72.41,$73.33,$74.24,$75.16,$76.08,$76.99,$78.83,$80.66,$82.49,$84.33,$86.16,$87.99,$89.83,$91.66,$93.49,$95.32,$97.16,$98.99,$96.24,$93.49,$90.74,$87.99,$85.24,$82.49,$79.74,$76.99,$74.24,$71.49,$68.74,$65.99,$64.16,$62.33,$60.49,$58.66,$56.83,$54.99,$53.16,$51.33,$49.50,$47.66,$45.83,$44.00,$44.91,$45.83,$46.75,$47.66,$48.58,$49.50,$50.41,$51.33,$52.25,$53.16,$54.08,$54.99,$56.83,$58.66,$60.49,$62.33,$64.16,$93.49,$96.24,$98.99,$101.74,$46.20,$74.79,$109.99,$160.59,$175.98,$159.49
PNY XLR8 32 GB,DDR4-3600,2 x 16GB,10 ns,18,,Black,5.0,1,$546.36,$549.60,$552.83,$556.06,$559.29,$562.53,$565.76,$568.99,$572.23,$575.46,$578.69,$581.92,$484.94,$465.54,$446.14,$426.75,$407.35,$387.95,$368.55,$349.16,$329.76,$310.36,$290.96,$271.56,$236.00,$239.24,$242.47,$245.70,$248.93,$252.17,$255.40,$258.63,$261.87,$265.10,$268.33,$271.56,$278.03,$284.50,$290.96,$297.43,$303.89,$310.36,$316.83,$323.29,$329.76,$336.22,$342.69,$349.15,$339.46,$329.76,$320.06,$310.36,$300.66,$290.96,$281.26,$271.56,$261.87,$252.17,$242.47,$232.77,$226.30,$219.84,$213.37,$206.91,$200.44,$193.97,$187.51,$181.04,$174.58,$168.11,$161.65,$155.18,$158.41,$161.65,$164.88,$168.11,$171.34,$174.58,$177.81,$181.04,$184.28,$187.51,$190.74,$193.97,$200.44,$206.91,$213.37,$219.84,$226.30,$329.76,$339.46,$349.15,$358.85,$162.94,$263.81,$387.95,$566.41,$620.72,$562.53
TEAMGROUP T-Force Delta RGB 32 GB,DDR5-8000,2 x 16GB,9.5 ns,38,$15.63,White,0.0,0,,,,,,,,,,,,,,,,,,,,,,,,,,,,,,,,,,,,,,,,,,,,,,,"$1,249.97","$1,249.97","$1,208.31","$1,166.64","$1,124.98","$1,083.31","$1,041.65",$999.98,$958.31,$916.65,$874.98,$833.32,$791.65,$749.99,$720.82,$691.65,$662.49,$633.32,$604.15,$574.99,$545.82,$516.66,$487.49,$458.32,$429.16,$399.99,$387.49,$374.99,$362.49,$349.99,$337.49,$324.99,$312.49,$299.99,$287.49,$274.99,$262.49,$250.00,$258.33,$266.66,$274.99,$283.33,$291.66,$424.99,$437.49,$449.99,$462.49,$210.00,$339.99,$499.99,$634.99,$594.99,$594.99
TEAMGROUP T-Force Vulcan Eco 32 GB,DDR5-6000,2 x 16GB,10 ns,30,$13.75,Silver,4.5,2,,,,,,,,,,,,,,,,,,,,,,,,,,,,,,,,,,,,,,,,,,,,,,,"$1,099.97","$1,099.97","$1,063.31","$1,026.64",$989.98,$953.31,$916.65,$879.98,$843.31,$806.65,$769.98,$733.32,$696.65,$659.99,$634.32,$608.65,$582.99,$557.32,$531.65,$505.99,$480.32,$454.66,$428.99,$403.32,$377.66,$351.99,$340.99,$329.99,$318.99,$307.99,$296.99,$285.99,$274.99,$263.99,$252.99,$241.99,$230.99,$220.00,$227.33,$234.66,$241.99,$249.33,$256.66,$373.99,$384.99,$395.99,$406.99,$184.80,$299.19,$439.99,$558.79,$523.59,$523.59
Silicon Power XPOWER Gaming 16 GB,DDR4-3200,2 x 8GB,10 ns,16,,Gray,0.0,0,$167.55,$168.54,$169.53,$170.52,$171.52,$172.51,$173.50,$174.49,$175.48,$176.47,$177.46,$178.45,$148.71,$142.76,$136.82,$130.87,$124.92,$118.97,$113.02,$107.07,$101.12,$95.18,$89.23,$83.28,$72.37,$73.36,$74.36,$75.35,$76.34,$77.33,$78.32,$79.31,$80.30,$81.30,$82.29,$83.28,$85.26,$87.24,$89.23,$91.21,$93.19,$95.18,$97.16,$99.14,$101.12,$103.11,$105.09,$107.07,$104.10,$101.12,$98.15,$95.18,$92.20,$89.23,$86.25,$83.28,$80.30,$77.33,$74.36,$71.38,$69.40,$67.42,$65.43,$63.45,$61.47,$59.48,$57.50,$55.52,$53.54,$51.55,$49.57,$47.59,$48.58,$49.57,$50.56,$51.55,$52.55,$53.54,$54.53,$55.52,$56.51,$57.50,$58.49,$59.48,$61.47,$63.45,$65.43,$67.42,$69.40,$101.12,$104.10,$107.07,$110.05,$49.97,$80.90,$118.97,$173.70,$190.35,$172.51
Corsair Dominator Titanium 48 GB,DDR5-7200,2 x 24GB,10 ns,36,$13.65,Black,0.0,0,,,,,,,,,,,,,,,,,,,,,,,,,,,,,,,,,,,,,,,,,,,,,,,"$1,637.47","$1,637.47","$1,582.89","$1,528.31","$1,473.73","$1,419.14","$1,364.56","$1,309.98","$1,255.40","$1,200.82","$1,146.23","$1,091.65","$1,037.07",$982.49,$944.28,$906.07,$867.86,$829.65,$791.45,$753.24,$715.03,$676.82,$638.62,$600.41,$562.20,$523.99,$507.62,$491.24,$474.87,$458.49,$442.12,$425.74,$409.37,$392.99,$376.62,$360.24,$343.87,$327.50,$338.41,$349.33,$360.24,$371.16,$382.08,$556.74,$573.12,$589.49,$605.87,$275.10,$445.39,$654.99,$831.84,$779.44,$779.44
Corsair Dominator Platinum RGB 64 GB,DDR5-6600,2 x 32GB,9.697 ns,32,$14.70,Black,0.0,0,,,,,,,,,,,,,,,,,,,,,,,,,,,,,,,,,,,,,,,,,,,,,,,"$2,352.47","$2,352.47","$2,274.06","$2,195.64","$2,117.23","$2,038.81","$1,960.40","$1,881.98","$1,803.56","$1,725.15","$1,646.73","$1,568.32","$1,489.90","$1,411.49","$1,356.59","$1,301.70","$1,246.81","$1,191.92","$1,137.03","$1,082.14","$1,027.25",$972.36,$917.47,$862.57,$807.68,$752.79,$729.27,$705.74,$682.22,$658.69,$635.17,$611.64,$588.12,$564.59,$541.07,$517.54,$494.02,$470.50,$486.18,$501.86,$517.54,$533.23,$548.91,$799.84,$823.37,$846.89,$870.42,$395.22,$639.87,$940.99,"$1,195.06","$1,119.78","$1,119.78"
Corsair Dominator Platinum RGB 32 GB,DDR5-5600,2 x 16GB,12.857 ns,36,$13.81,Gray / Black,5.0,1,,,,,,,,,,,,,,,,,,,,,,,,,,,,,,,,,,,,,,,,,,,,,,,"$1,104.97","$1,104.97","$1,068.14","$1,031.31",$994.48,$957.64,$920.81,$883.98,$847.15,$810.32,$773.48,$736.65,$699.82,$662.99,$637.20,$611.42,$585.64,$559.85,$534.07,$508.29,$482.51,$456.72,$430.94,$405.16,$379.37,$353.59,$342.54,$331.49,$320.44,$309.39,$298.34,$287.29,$276.24,$265.19,$254.14,$243.09,$232.04,$221.00,$228.36,$235.73,$243.09,$250.46,$257.83,$375.69,$386.74,$397.79,$408.84,$185.64,$300.55,$441.99,$561.33,$525.97,$525.97
Kingston FURY Renegade 96 GB,DDR5-6400,2 x 48GB,10 ns,32,,Silver / Black,0.0,0,,,,,,,,,,,,,,,,,,,,,,,,,,,,,,,,,,,,,,,,,,,,,,,"$1,899.97","$1,899.97","$1,836.64","$1,773.31","$1,709.98","$1,646.64","$1,583.31","$1,519.98","$1,456.65","$1,393.32","$1,329.98","$1,266.65","$1,203.32","$1,139.99","$1,095.65","$1,051.32","$1,006.99",$962.65,$918.32,$873.99,$829.66,$785.32,$740.99,$696.66,$652.32,$607.99,$588.99,$569.99,$550.99,$531.99,$512.99,$493.99,$474.99,$455.99,$436.99,$417.99,$398.99,$380.00,$392.66,$405.33,$417.99,$430.66,$443.33,$645.99,$664.99,$683.99,$702.99,$319.20,$516.79,$759.99,$965.19,$904.39,$904.39
Corsair Dominator Platinum RGB 32 GB,DDR5-5200,2 x 16GB,15.385 ns,40,$13.31,White,4.0,1,,,,,,,,,,,,,,,,,,,,,,,,,,,,,,,,,,,,,,,,,,,,,,,"$1,064.97","$1,064.97","$1,029.48",$993.98,$958.48,$922.98,$887.48,$851.98,$816.48,$780.98,$745.48,$709.98,$674.48,$638.99,$614.14,$589.29,$564.44,$539.59,$514.74,$489.89,$465.04,$440.19,$415.34,$390.49,$365.64,$340.79,$330.14,$319.49,$308.84,$298.19,$287.54,$276.89,$266.24,$255.59,$244.94,$234.29,$223.64,$213.00,$220.09,$227.19,$234.29,$241.39,$248.49,$362.09,$372.74,$383.39,$394.04,$178.92,$289.67,$425.99,$541.01,$506.93,$506.93
Corsair Vengeance 64 GB,DDR5-5200,2 x 32GB,15.385 ns,40,$11.64,White,0.0,0,,,,,,,,,,,,,,,,,,,,,,,,,,,,,,,,,,,,,,,,,,,,,,,"$1,862.47","$1,862.47","$1,800.39","$1,738.31","$1,676.23","$1,614.14","$1,552.06","$1,489.98","$1,427.90","$1,365.82","$1,303.73","$1,241.65","$1,179.57","$1,117.49","$1,074.03","$1,030.57",$987.11,$943.65,$900.20,$856.74,$813.28,$769.82,$726.37,$682.91,$639.45,$595.99,$577.37,$558.74,$540.12,$521.49,$502.87,$484.24,$465.62,$446.99,$428.37,$409.74,$391.12,$372.50,$384.91,$397.33,$409.74,$422.16,$434.58,$633.24,$651.87,$670.49,$689.12,$312.90,$506.59,$744.99,$946.14,$886.54,$886.54
Corsair Vengeance 32 GB,DDR5-4800,2 x 16GB,16.667 ns,40,$11.88,Black / White,0.0,0,,,,,,,,,,,,,,,,,,,,,,,,,,,,,,,,,,,,,,,,,,,,,,,$949.98,$949.98,$918.31,$886.64,$854.98,$823.31,$791.65,$759.98,$728.31,$696.65,$664.98,$633.32,$601.65,$569.99,$547.82,$525.65,$503.49,$481.32,$459.15,$436.99,$414.82,$392.66,$370.49,$348.32,$326.16,$303.99,$294.49,$284.99,$275.49,$265.99,$256.49,$246.99,$237.49,$227.99,$218.49,$208.99,$199.49,$190.00,$196.33,$202.66,$208.99,$215.33,$221.66,$322.99,$332.49,$341.99,$351.49,$159.60,$258.39,$379.99,$482.59,$452.19,$452.19
G.Skill Ripjaws S5 32 GB,DDR5-6800,2 x 16GB,10 ns,34,$14.69,Black,5.0,1,,,,,,,,,,,,,,,,,,,,,,,,,,,,,,,,,,,,,,,,,,,,,,,"$1,174.97","$1,174.97","$1,135.81","$1,096.64","$1,057.48","$1,018.31",$979.15,$939.98,$900.81,$861.65,$822.48,$783.32,$744.15,$704.99,$677.57,$650.15,$622.74,$595.32,$567.90,$540.49,$513.07,$485.66,$458.24,$430.82,$403.41,$375.99,$364.24,$352.49,$340.74,$328.99,$317.24,$305.49,$293.74,$281.99,$270.24,$258.49,$246.74,$235.00,$242.83,$250.66,$258.49,$266.33,$274.16,$399.49,$411.24,$422.99,$434.74,$197.40,$319.59,$469.99,$596.89,$559.29,$559.29
G.Skill Trident Z5 RGB 32 GB,DDR5-5600,2 x 16GB,14.286 ns,40,$12.87,Black,0.0,0,,,,,,,,,,,,,,,,,,,,,,,,,,,,,,,,,,,,,,,,,,,,,,,"$1,029.22","$1,029.22",$994.92,$960.61,$926.30,$891.99,$857.69,$823.38,$789.07,$754.77,$720.46,$686.15,$651.84,$617.53,$593.52,$569.50,$545.49,$521.47,$497.46,$473.44,$449.43,$425.41,$401.40,$377.38,$353.37,$329.35,$319.06,$308.77,$298.48,$288.18,$277.89,$267.60,$257.31,$247.01,$236.72,$226.43,$216.14,$205.84,$212.71,$219.57,$226.43,$233.29,$240.15,$349.94,$360.23,$370.52,$380.81,$172.91,$279.95,$411.69,$522.85,$489.91,$489.91
TEAMGROUP T-Create Expert 64 GB,DDR5-6400,2 x 32GB,10.625 ns,34,$12.47,White,5.0,2,,,,,,,,,,,,,,,,,,,,,,,,,,,,,,,,,,,,,,,,,,,,,,,"$1,994.97","$1,994.97","$1,928.48","$1,861.98","$1,795.48","$1,728.98","$1,662.48","$1,595.98","$1,529.48","$1,462.98","$1,396.48","$1,329.98","$1,263.48","$1,196.99","$1,150.44","$1,103.89","$1,057.34","$1,010.79",$964.24,$917.69,$871.14,$824.59,$778.04,$731.49,$684.94,$638.39,$618.44,$598.49,$578.54,$558.59,$538.64,$518.69,$498.74,$478.79,$458.84,$438.89,$418.94,$399.00,$412.29,$425.59,$438.89,$452.19,$465.49,$678.29,$698.24,$718.19,$738.14,$335.16,$542.63,$797.99,"$1,013.45",$949.61,$949.61
Kingston FURY Renegade Pro 128 GB,DDR5-5600,4 x 32GB,10 ns,28,$14.02,Black,0.0,0,,,,,,,,,,,,,,,,,,,,,,,,,,,,,,,,,,,,,,,,,,,,,,,"$4,487.50","$4,487.50","$4,337.92","$4,188.33","$4,038.75","$3,889.17","$3,739.58","$3,590.00","$3,440.42","$3,290.83","$3,141.25","$2,991.67","$2,842.08","$2,692.50","$2,587.79","$2,483.08","$2,378.38","$2,273.67","$2,168.96","$2,064.25","$1,959.54","$1,854.83","$1,750.13","$1,645.42","$1,540.71","$1,436.00","$1,391.12","$1,346.25","$1,301.38","$1,256.50","$1,211.62","$1,166.75","$1,121.88","$1,077.00","$1,032.13",$987.25,$942.38,$897.50,$927.42,$957.33,$987.25,"$1,017.17","$1,047.08","$1,525.75","$1,570.62","$1,615.50","$1,660.37",$753.90,"$1,220.60","$1,795.00","$2,279.65","$2,136.05","$2,136.05"
Corsair Vengeance 32 GB,DDR5-6200,2 x 16GB,10.323 ns,32,$13.66,Black / Silver,0.0,0,,,,,,,,,,,,,,,,,,,,,,,,,,,,,,,,,,,,,,,,,,,,,,,"$1,092.47","$1,092.47","$1,056.06","$1,019.64",$983.23,$946.81,$910.40,$873.98,$837.56,$801.15,$764.73,$728.32,$691.90,$655.49,$629.99,$604.50,$579.01,$553.52,$528.03,$502.54,$477.05,$451.56,$426.07,$400.57,$375.08,$349.59,$338.67,$327.74,$316.82,$305.89,$294.97,$284.04,$273.12,$262.19,$251.27,$240.34,$229.42,$218.50,$225.78,$233.06,$240.34,$247.63,$254.91,$371.44,$382.37,$393.29,$404.22,$183.54,$297.15,$436.99,$554.98,$520.02,$520.02
Corsair Vengeance RGB 64 GB,DDR5-6200,2 x 32GB,10.323 ns,32,$13.81,Black / Silver,0.0,0,,,,,,,,,,,,,,,,,,,,,,,,,,,,,,,,,,,,,,,,,,,,,,,"$2,209.97","$2,209.97","$2,136.31","$2,062.64","$1,988.98","$1,915.31","$1,841.65","$1,767.98","$1,694.31","$1,620.65","$1,546.98","$1,473.32","$1,399.65","$1,325.99","$1,274.42","$1,222.85","$1,171.29","$1,119.72","$1,068.15","$1,016.59",$965.02,$913.46,$861.89,$810.32,$758.76,$707.19,$685.09,$662.99,$640.89,$618.79,$596.69,$574.59,$552.49,$530.39,$508.29,$486.19,$464.09,$442.00,$456.73,$471.46,$486.19,$500.93,$515.66,$751.39,$773.49,$795.59,$817.69,$371.28,$601.11,$883.99,"$1,122.67","$1,051.95","$1,051.95"
G.Skill Trident Z5 Neo RGB 48 GB,DDR5-8000,2 x 24GB,10 ns,40,$12.29,Black,0.0,0,,,,,,,,,,,,,,,,,,,,,,,,,,,,,,,,,,,,,,,,,,,,,,,"$1,474.97","$1,474.97","$1,425.81","$1,376.64","$1,327.48","$1,278.31","$1,229.15","$1,179.98","$1,130.81","$1,081.65","$1,032.48",$983.32,$934.15,$884.99,$850.57,$816.15,$781.74,$747.32,$712.90,$678.49,$644.07,$609.66,$575.24,$540.82,$506.41,$471.99,$457.24,$442.49,$427.74,$412.99,$398.24,$383.49,$368.74,$353.99,$339.24,$324.49,$309.74,$295.00,$304.83,$314.66,$324.49,$334.33,$344.16,$501.49,$516.24,$530.99,$545.74,$247.80,$401.19,$589.99,$749.29,$702.09,$702.09
Corsair Vengeance RGB Pro SL 64 GB,DDR4-3200,4 x 16GB,10 ns,16,$5.83,Black,0.0,0,$525.29,$528.40,$531.51,$534.62,$537.73,$540.84,$543.94,$547.05,$550.16,$553.27,$556.38,$559.49,$466.24,$447.59,$428.94,$410.29,$391.64,$372.99,$354.34,$335.69,$317.04,$298.39,$279.74,$261.09,$226.90,$230.01,$233.12,$236.23,$239.34,$242.44,$245.55,$248.66,$251.77,$254.88,$257.98,$261.09,$267.31,$273.53,$279.74,$285.96,$292.18,$298.39,$304.61,$310.82,$317.04,$323.26,$329.47,$335.69,$326.37,$317.04,$307.72,$298.39,$289.07,$279.74,$270.42,$261.09,$251.77,$242.44,$233.12,$223.79,$217.58,$211.36,$205.14,$198.93,$192.71,$186.50,$180.28,$174.06,$167.85,$161.63,$155.41,$149.20,$152.30,$155.41,$158.52,$161.63,$164.74,$167.85,$170.95,$174.06,$177.17,$180.28,$183.39,$186.50,$192.71,$198.93,$205.14,$211.36,$217.58,$317.04,$326.37,$335.69,$345.02,$156.66,$253.63,$372.99,$544.57,$596.78,$540.84
TEAMGROUP T-Create Expert 128 GB,DDR5-6400,2 x 64GB,13.125 ns,42,$11.05,Black / Gold,0.0,0,,,,,,,,,,,,,,,,,,,,,,,,,,,,,,,,,,,,,,,,,,,,,,,"$3,534.97","$3,534.97","$3,417.14","$3,299.31","$3,181.48","$3,063.64","$2,945.81","$2,827.98","$2,710.15","$2,592.32","$2,474.48","$2,356.65","$2,238.82","$2,120.99","$2,038.50","$1,956.02","$1,873.54","$1,791.05","$1,708.57","$1,626.09","$1,543.61","$1,461.12","$1,378.64","$1,296.16","$1,213.67","$1,131.19","$1,095.84","$1,060.49","$1,025.14",$989.79,$954.44,$919.09,$883.74,$848.39,$813.04,$777.69,$742.34,$707.00,$730.56,$754.13,$777.69,$801.26,$824.83,"$1,201.89","$1,237.24","$1,272.59","$1,307.94",$593.88,$961.51,"$1,413.99","$1,795.77","$1,682.65","$1,682.65"
Crucial CT16G4DFD8266 16 GB,DDR4-2666,1 x 16GB,14.254 ns,19,$6.13,Green / Black,4.0,1,$138.10,$138.92,$139.74,$140.55,$141.37,$142.19,$143.00,$143.82,$144.64,$145.46,$146.27,$147.09,$122.58,$117.67,$112.77,$107.87,$102.96,$98.06,$93.16,$88.25,$83.35,$78.45,$73.55,$68.64,$59.65,$60.47,$61.29,$62.10,$62.92,$63.74,$64.56,$65.37,$66.19,$67.01,$67.82,$68.64,$70.28,$71.91,$73.55,$75.18,$76.81,$78.45,$80.08,$81.72,$83.35,$84.99,$86.62,$88.25,$85.80,$83.35,$80.90,$78.45,$76.00,$73.55,$71.09,$68.64,$66.19,$63.74,$61.29,$58.84,$57.20,$55.57,$53.93,$52.30,$50.66,$49.03,$47.40,$45.76,$44.13,$42.49,$40.86,$39.22,$40.04,$40.86,$41.68,$42.49,$43.31,$44.13,$44.94,$45.76,$46.58,$47.40,$48.21,$49.03,$50.66,$52.30,$53.93,$55.57,$57.20,$83.35,$85.80,$88.25,$90.71,$41.19,$66.68,$98.06,$143.17,$156.90,$142.19
Corsair Dominator Titanium 96 GB,DDR5-6400,2 x 48GB,10 ns,32,$12.58,Black,0.0,0,,,,,,,,,,,,,,,,,,,,,,,,,,,,,,,,,,,,,,,,,,,,,,,"$3,019.97","$3,019.97","$2,919.31","$2,818.64","$2,717.98","$2,617.31","$2,516.65","$2,415.98","$2,315.31","$2,214.65","$2,113.98","$2,013.32","$1,912.65","$1,811.99","$1,741.52","$1,671.05","$1,600.59","$1,530.12","$1,459.65","$1,389.19","$1,318.72","$1,248.26","$1,177.79","$1,107.32","$1,036.86",$966.39,$936.19,$905.99,$875.79,$845.59,$815.39,$785.19,$754.99,$724.79,$694.59,$664.39,$634.19,$604.00,$624.13,$644.26,$664.39,$684.53,$704.66,"$1,026.79","$1,056.99","$1,087.19","$1,117.39",$507.36,$821.43,"$1,207.99","$1,534.15","$1,437.51","$1,437.51"
G.Skill Trident Z Neo 16 GB,DDR4-3600,2 x 8GB,10 ns,18,$8.75,Black / Silver,4.5,20,$197.15,$198.32,$199.49,$200.65,$201.82,$202.99,$204.15,$205.32,$206.49,$207.65,$208.82,$209.99,$174.99,$167.99,$160.99,$153.99,$146.99,$139.99,$132.99,$125.99,$118.99,$111.99,$104.99,$97.99,$85.16,$86.33,$87.49,$88.66,$89.83,$90.99,$92.16,$93.33,$94.49,$95.66,$96.83,$97.99,$100.33,$102.66,$104.99,$107.33,$109.66,$111.99,$114.33,$116.66,$118.99,$121.32,$123.66,$125.99,$122.49,$118.99,$115.49,$111.99,$108.49,$104.99,$101.49,$97.99,$94.49,$90.99,$87.49,$83.99,$81.66,$79.33,$76.99,$74.66,$72.33,$70.00,$67.66,$65.33,$63.00,$60.66,$58.33,$56.00,$57.16,$58.33,$59.50,$60.66,$61.83,$63.00,$64.16,$65.33,$66.50,$67.66,$68.83,$70.00,$72.33,$74.66,$76.99,$79.33,$81.66,$118.99,$122.49,$125.99,$129.49,$58.80,$95.19,$139.99,$204.39,$223.98,$202.99
Corsair WS 128 GB,DDR5-5600,8 x 16GB,14.286 ns,40,$17.69,Black / Green,0.0,0,,,,,,,,,,,,,,,,,,,,,,,,,,,,,,,,,,,,,,,,,,,,,,,"$5,659.97","$5,659.97","$5,471.31","$5,282.64","$5,093.98","$4,905.31","$4,716.65","$4,527.98","$4,339.31","$4,150.65","$3,961.98","$3,773.32","$3,584.65","$3,395.98","$3,263.92","$3,131.85","$2,999.79","$2,867.72","$2,735.65","$2,603.59","$2,471.52","$2,339.46","$2,207.39","$2,075.32","$1,943.26","$1,811.19","$1,754.59","$1,697.99","$1,641.39","$1,584.79","$1,528.19","$1,471.59","$1,414.99","$1,358.39","$1,301.79","$1,245.19","$1,188.59","$1,131.99","$1,169.73","$1,207.46","$1,245.19","$1,282.93","$1,320.66","$1,924.39","$1,980.99","$2,037.59","$2,094.19",$950.88,"$1,539.51","$2,263.99","$2,875.27","$2,694.15","$2,694.15"
Silicon Power XPOWER Pulse Gaming 64 GB,DDR5-6000,2 x 32GB,10 ns,30,$11.83,Black / White,5.0,1,,,,,,,,,,,,,,,,,,,,,,,,,,,,,,,,,,,,,,,,,,,,,,,"$1,891.97","$1,891.97","$1,828.91","$1,765.84","$1,702.78","$1,639.71","$1,576.65","$1,513.58","$1,450.51","$1,387.45","$1,324.38","$1,261.32","$1,198.25","$1,135.18","$1,091.04","$1,046.89","$1,002.75",$958.60,$914.45,$870.31,$826.16,$782.02,$737.87,$693.72,$649.58,$605.43,$586.51,$567.59,$548.67,$529.75,$510.83,$491.91,$472.99,$454.07,$435.15,$416.23,$397.31,$378.39,$391.01,$403.62,$416.23,$428.85,$441.46,$643.27,$662.19,$681.11,$700.03,$317.85,$514.62,$756.79,$961.12,$900.58,$900.58
TEAMGROUP Elite Plus 16 GB,DDR5-5600,1 x 16GB,14.286 ns,40,$12.56,Black,0.0,0,,,,,,,,,,,,,,,,,,,,,,,,,,,,,,,,,,,,,,,,,,,,,,,$502.48,$502.48,$485.73,$468.98,$452.23,$435.48,$418.73,$401.98,$385.23,$368.48,$351.73,$334.98,$318.23,$301.49,$289.76,$278.04,$266.31,$254.59,$242.86,$231.14,$219.41,$207.69,$195.97,$184.24,$172.52,$160.79,$155.77,$150.74,$145.72,$140.69,$135.67,$130.64,$125.62,$120.59,$115.57,$110.54,$105.52,$100.50,$103.84,$107.19,$110.54,$113.89,$117.24,$170.84,$175.87,$180.89,$185.92,$84.42,$136.67,$200.99,$255.26,$239.18,$239.18
TEAMGROUP T-Force Delta RGB 48 GB,DDR5-6400,2 x 24GB,10 ns,32,$10.42,White,0.0,0,,,,,,,,,,,,,,,,,,,,,,,,,,,,,,,,,,,,,,,,,,,,,,,"$1,249.97","$1,249.97","$1,208.31","$1,166.64","$1,124.98","$1,083.31","$1,041.65",$999.98,$958.31,$916.65,$874.98,$833.32,$791.65,$749.99,$720.82,$691.65,$662.49,$633.32,$604.15,$574.99,$545.82,$516.66,$487.49,$458.32,$429.16,$399.99,$387.49,$374.99,$362.49,$349.99,$337.49,$324.99,$312.49,$299.99,$287.49,$274.99,$262.49,$250.00,$258.33,$266.66,$274.99,$283.33,$291.66,$424.99,$437.49,$449.99,$462.49,$210.00,$339.99,$499.99,$634.99,$594.99,$594.99
Patriot Viper Steel 16 GB,DDR4-3600,1 x 16GB,10 ns,18,$7.19,Gray,4.0,1,$161.94,$162.90,$163.86,$164.82,$165.78,$166.74,$167.69,$168.65,$169.61,$170.57,$171.53,$172.48,$143.74,$137.99,$132.24,$126.49,$120.74,$114.99,$109.24,$103.49,$97.74,$91.99,$86.24,$80.49,$69.95,$70.91,$71.87,$72.83,$73.79,$74.74,$75.70,$76.66,$77.62,$78.58,$79.53,$80.49,$82.41,$84.33,$86.24,$88.16,$90.08,$91.99,$93.91,$95.82,$97.74,$99.66,$101.57,$103.49,$100.62,$97.74,$94.87,$91.99,$89.12,$86.24,$83.37,$80.49,$77.62,$74.74,$71.87,$68.99,$67.08,$65.16,$63.24,$61.33,$59.41,$57.49,$55.58,$53.66,$51.75,$49.83,$47.91,$46.00,$46.95,$47.91,$48.87,$49.83,$50.79,$51.75,$52.70,$53.66,$54.62,$55.58,$56.54,$57.49,$59.41,$61.33,$63.24,$65.16,$67.08,$97.74,$100.62,$103.49,$106.37,$48.30,$78.19,$114.99,$167.89,$183.98,$166.74
Corsair Vengeance RGB 64 GB,DDR5-5600,2 x 32GB,14.286 ns,40,$12.02,Black / Gray,5.0,1,,,,,,,,,,,,,,,,,,,,,,,,,,,,,,,,,,,,,,,,,,,,,,,"$1,922.47","$1,922.47","$1,858.39","$1,794.31","$1,730.23","$1,666.14","$1,602.06","$1,537.98","$1,473.90","$1,409.82","$1,345.73","$1,281.65","$1,217.57","$1,153.49","$1,108.63","$1,063.77","$1,018.91",$974.05,$929.20,$884.34,$839.48,$794.62,$749.77,$704.91,$660.05,$615.19,$595.97,$576.74,$557.52,$538.29,$519.07,$499.84,$480.62,$461.39,$442.17,$422.94,$403.72,$384.50,$397.31,$410.13,$422.94,$435.76,$448.58,$653.64,$672.87,$692.09,$711.32,$322.98,$522.91,$768.99,$976.62,$915.10,$915.10
Corsair Dominator Titanium 64 GB,DDR5-6000,4 x 16GB,12 ns,36,$14.81,Black,0.0,0,,,,,,,,,,,,,,,,,,,,,,,,,,,,,,,,,,,,,,,,,,,,,,,"$2,369.97","$2,369.97","$2,290.98","$2,211.98","$2,132.98","$2,053.98","$1,974.98","$1,895.98","$1,816.98","$1,737.98","$1,658.98","$1,579.98","$1,500.98","$1,421.99","$1,366.69","$1,311.39","$1,256.09","$1,200.79","$1,145.49","$1,090.19","$1,034.89",$979.59,$924.29,$868.99,$813.69,$758.39,$734.69,$710.99,$687.29,$663.59,$639.89,$616.19,$592.49,$568.79,$545.09,$521.39,$497.69,$474.00,$489.79,$505.59,$521.39,$537.19,$552.99,$805.79,$829.49,$853.19,$876.89,$398.16,$644.63,$947.99,"$1,203.95","$1,128.11","$1,128.11"
Crucial CT2K16G4DFD832A 32 GB,DDR4-3200,2 x 16GB,13.75 ns,22,$6.52,Green / Black,0.0,0,$293.99,$295.73,$297.47,$299.21,$300.95,$302.69,$304.43,$306.17,$307.91,$309.65,$311.39,$313.12,$260.94,$250.50,$240.06,$229.63,$219.19,$208.75,$198.31,$187.88,$177.44,$167.00,$156.56,$146.12,$126.99,$128.73,$130.47,$132.21,$133.95,$135.69,$137.43,$139.17,$140.91,$142.65,$144.39,$146.12,$149.60,$153.08,$156.56,$160.04,$163.52,$167.00,$170.48,$173.96,$177.44,$180.92,$184.40,$187.87,$182.66,$177.44,$172.22,$167.00,$161.78,$156.56,$151.34,$146.12,$140.91,$135.69,$130.47,$125.25,$121.77,$118.29,$114.81,$111.33,$107.85,$104.38,$100.90,$97.42,$93.94,$90.46,$86.98,$83.50,$85.24,$86.98,$88.72,$90.46,$92.20,$93.94,$95.68,$97.42,$99.16,$100.90,$102.64,$104.38,$107.85,$111.33,$114.81,$118.29,$121.77,$177.44,$182.66,$187.87,$193.09,$87.67,$141.95,$208.75,$304.77,$334.00,$302.69
G.Skill Aegis 4 GB,DDR4-2400,1 x 4GB,12.5 ns,15,$9.75,Black / Red,0.0,0,$54.92,$55.25,$55.57,$55.90,$56.23,$56.55,$56.88,$57.20,$57.52,$57.85,$58.18,$58.50,$48.75,$46.80,$44.85,$42.90,$40.95,$39.00,$37.05,$35.10,$33.15,$31.20,$29.25,$27.30,$23.72,$24.05,$24.38,$24.70,$25.02,$25.35,$25.68,$26.00,$26.33,$26.65,$26.97,$27.30,$27.95,$28.60,$29.25,$29.90,$30.55,$31.20,$31.85,$32.50,$33.15,$33.80,$34.45,$35.10,$34.12,$33.15,$32.18,$31.20,$30.23,$29.25,$28.27,$27.30,$26.33,$25.35,$24.38,$23.40,$22.75,$22.10,$21.45,$20.80,$20.15,$19.50,$18.85,$18.20,$17.55,$16.90,$16.25,$15.60,$15.93,$16.25,$16.58,$16.90,$17.23,$17.55,$17.88,$18.20,$18.53,$18.85,$19.18,$19.50,$20.15,$20.80,$21.45,$22.10,$22.75,$33.15,$34.12,$35.10,$36.07,$16.38,$26.52,$39.00,$56.94,$62.40,$56.55
Corsair Vengeance RGB 32 GB,DDR5-6800,2 x 16GB,11.765 ns,40,$12.94,Black,0.0,0,,,,,,,,,,,,,,,,,,,,,,,,,,,,,,,,,,,,,,,,,,,,,,,"$1,034.97","$1,034.97","$1,000.48",$965.98,$931.48,$896.98,$862.48,$827.98,$793.48,$758.98,$724.48,$689.98,$655.48,$620.99,$596.84,$572.69,$548.54,$524.39,$500.24,$476.09,$451.94,$427.79,$403.64,$379.49,$355.34,$331.19,$320.84,$310.49,$300.14,$289.79,$279.44,$269.09,$258.74,$248.39,$238.04,$227.69,$217.34,$207.00,$213.89,$220.79,$227.69,$234.59,$241.49,$351.89,$362.24,$372.59,$382.94,$173.88,$281.51,$413.99,$525.77,$492.65,$439.99
G.Skill Trident Z5 32 GB,DDR5-6000,2 x 16GB,12 ns,36,$11.56,Black,5.0,2,,,,,,,,,,,,,,,,,,,,,,,,,,,,,,,,,,,,,,,,,,,,,,,$924.98,$924.98,$894.14,$863.31,$832.48,$801.64,$770.81,$739.98,$709.15,$678.32,$647.48,$616.65,$585.82,$554.99,$533.40,$511.82,$490.24,$468.65,$447.07,$425.49,$403.91,$382.32,$360.74,$339.16,$317.57,$295.99,$286.74,$277.49,$268.24,$258.99,$249.74,$240.49,$231.24,$221.99,$212.74,$203.49,$194.24,$185.00,$191.16,$197.33,$203.49,$209.66,$215.83,$314.49,$323.74,$332.99,$342.24,$155.40,$251.59,$369.99,$469.89,$440.29,$440.29
Kingston FURY Renegade 32 GB,DDR5-7200,2 x 16GB,10.556 ns,38,$16.20,Silver / Black,0.0,0,,,,,,,,,,,,,,,,,,,,,,,,,,,,,,,,,,,,,,,,,,,,,,,"$1,295.58","$1,295.58","$1,252.39","$1,209.20","$1,166.02","$1,122.83","$1,079.65","$1,036.46",$993.27,$950.09,$906.90,$863.72,$820.53,$777.35,$747.11,$716.88,$686.65,$656.42,$626.19,$595.96,$565.73,$535.50,$505.27,$475.04,$444.81,$414.58,$401.63,$388.67,$375.72,$362.76,$349.81,$336.85,$323.89,$310.94,$297.98,$285.03,$272.07,$259.12,$267.75,$276.39,$285.03,$293.66,$302.30,$440.50,$453.45,$466.41,$479.36,$217.66,$352.40,$518.23,$658.15,$616.69,$616.69
Patriot Viper Steel RGB 16 GB,DDR4-3200,2 x 8GB,11.25 ns,18,,Black,0.0,0,$150.68,$151.57,$152.46,$153.35,$154.24,$155.14,$156.03,$156.92,$157.81,$158.70,$159.59,$160.48,$133.74,$128.39,$123.04,$117.69,$112.34,$106.99,$101.64,$96.29,$90.94,$85.59,$80.24,$74.89,$65.09,$65.98,$66.87,$67.76,$68.65,$69.54,$70.44,$71.33,$72.22,$73.11,$74.00,$74.89,$76.68,$78.46,$80.24,$82.03,$83.81,$85.59,$87.38,$89.16,$90.94,$92.72,$94.51,$96.29,$93.62,$90.94,$88.27,$85.59,$82.92,$80.24,$77.57,$74.89,$72.22,$69.54,$66.87,$64.19,$62.41,$60.63,$58.84,$57.06,$55.28,$53.49,$51.71,$49.93,$48.15,$46.36,$44.58,$42.80,$43.69,$44.58,$45.47,$46.36,$47.25,$48.15,$49.04,$49.93,$50.82,$51.71,$52.60,$53.49,$55.28,$57.06,$58.84,$60.63,$62.41,$90.94,$93.62,$96.29,$98.97,$44.94,$72.75,$106.99,$156.21,$171.18,$155.14
V-Color TE516G60S828SKK 32 GB,DDR5-6000,2 x 16GB,9.333 ns,28,$29.53,White,0.0,0,,,,,,,,,,,,,,,,,,,,,,,,,,,,,,,,,,,,,,,,,,,,,,,"$2,362.47","$2,362.47","$2,283.73","$2,204.98","$2,126.23","$2,047.48","$1,968.73","$1,889.98","$1,811.23","$1,732.48","$1,653.73","$1,574.98","$1,496.23","$1,417.49","$1,362.36","$1,307.24","$1,252.11","$1,196.99","$1,141.86","$1,086.74","$1,031.61",$976.49,$921.37,$866.24,$811.12,$755.99,$732.37,$708.74,$685.12,$661.49,$637.87,$614.24,$590.62,$566.99,$543.37,$519.74,$496.12,$472.50,$488.24,$503.99,$519.74,$535.49,$551.24,$803.24,$826.87,$850.49,$874.12,$396.90,$642.59,$944.99,"$1,200.14","$1,124.54","$1,124.54"
Patriot Viper Elite 5 RGB 96 GB,DDR5-6000,2 x 48GB,14 ns,42,$8.33,White,0.0,0,,,,,,,,,,,,,,,,,,,,,,,,,,,,,,,,,,,,,,,,,,,,,,,"$1,999.97","$1,999.97","$1,933.31","$1,866.64","$1,799.98","$1,733.31","$1,666.65","$1,599.98","$1,533.31","$1,466.65","$1,399.98","$1,333.32","$1,266.65","$1,199.99","$1,153.32","$1,106.65","$1,059.99","$1,013.32",$966.65,$919.99,$873.32,$826.66,$779.99,$733.32,$686.66,$639.99,$619.99,$599.99,$579.99,$559.99,$539.99,$519.99,$499.99,$479.99,$459.99,$439.99,$419.99,$400.00,$413.33,$426.66,$439.99,$453.33,$466.66,$679.99,$699.99,$719.99,$739.99,$336.00,$543.99,$799.99,"$1,015.99",$951.99,$951.99
G.Skill Ripjaws S5 32 GB,DDR5-6000,2 x 16GB,10.667 ns,32,$13.84,Black,5.0,7,,,,,,,,,,,,,,,,,,,,,,,,,,,,,,,,,,,,,,,,,,,,,,,"$1,107.47","$1,107.47","$1,070.56","$1,033.64",$996.73,$959.81,$922.90,$885.98,$849.06,$812.15,$775.23,$738.32,$701.40,$664.49,$638.64,$612.80,$586.96,$561.12,$535.28,$509.44,$483.60,$457.76,$431.92,$406.07,$380.23,$354.39,$343.32,$332.24,$321.17,$310.09,$299.02,$287.94,$276.87,$265.79,$254.72,$243.64,$232.57,$221.50,$228.88,$236.26,$243.64,$251.03,$258.41,$376.54,$387.62,$398.69,$409.77,$186.06,$301.23,$442.99,$562.60,$527.16,$527.16
G.Skill Trident Z5 RGB 32 GB,DDR5-6400,2 x 16GB,10 ns,32,$15.00,Silver / Black,4.5,12,,,,,,,,,,,,,,,,,,,,,,,,,,,,,,,,,,,,,,,,,,,,,,,"$1,199.97","$1,199.97","$1,159.98","$1,119.98","$1,079.98","$1,039.98",$999.98,$959.98,$919.98,$879.98,$839.98,$799.98,$759.98,$719.99,$691.99,$663.99,$635.99,$607.99,$579.99,$551.99,$523.99,$495.99,$467.99,$439.99,$411.99,$383.99,$371.99,$359.99,$347.99,$335.99,$323.99,$311.99,$299.99,$287.99,$275.99,$263.99,$251.99,$240.00,$247.99,$255.99,$263.99,$271.99,$279.99,$407.99,$419.99,$431.99,$443.99,$201.60,$326.39,$479.99,$609.59,$571.19,$571.19
Kingston FURY Beast RGB 64 GB,DDR4-3600,2 x 32GB,10 ns,18,$6.56,Black,0.0,0,$591.49,$594.99,$598.49,$601.99,$605.49,$608.99,$612.49,$615.99,$619.49,$622.99,$626.49,$629.99,$524.99,$503.99,$482.99,$461.99,$440.99,$419.99,$398.99,$377.99,$356.99,$335.99,$314.99,$293.99,$255.49,$258.99,$262.49,$265.99,$269.49,$272.99,$276.49,$279.99,$283.49,$286.99,$290.49,$293.99,$300.99,$307.99,$314.99,$321.99,$328.99,$335.99,$342.99,$349.99,$356.99,$363.99,$370.99,$377.99,$367.49,$356.99,$346.49,$335.99,$325.49,$314.99,$304.49,$293.99,$283.49,$272.99,$262.49,$251.99,$244.99,$237.99,$230.99,$223.99,$216.99,$210.00,$203.00,$196.00,$189.00,$182.00,$175.00,$168.00,$171.50,$175.00,$178.50,$182.00,$185.50,$189.00,$192.50,$196.00,$199.50,$203.00,$206.50,$210.00,$216.99,$223.99,$230.99,$237.99,$244.99,$356.99,$367.49,$377.99,$388.49,$176.40,$285.59,$419.99,$613.19,$671.98,$608.99
Timetec PINNACLE Konduit 8 GB,DDR4-3200,1 x 8GB,10 ns,16,$8.25,White,0.0,0,$92.94,$93.49,$94.04,$94.59,$95.14,$95.69,$96.24,$96.79,$97.34,$97.89,$98.44,$98.98,$82.49,$79.19,$75.89,$72.59,$69.29,$65.99,$62.69,$59.39,$56.09,$52.79,$49.49,$46.19,$40.14,$40.69,$41.24,$41.79,$42.34,$42.89,$43.44,$43.99,$44.54,$45.09,$45.64,$46.19,$47.29,$48.39,$49.49,$50.59,$51.69,$52.79,$53.89,$54.99,$56.09,$57.19,$58.29,$59.39,$57.74,$56.09,$54.44,$52.79,$51.14,$49.49,$47.84,$46.19,$44.54,$42.89,$41.24,$39.59,$38.49,$37.39,$36.29,$35.19,$34.09,$32.99,$31.90,$30.80,$29.70,$28.60,$27.50,$26.40,$26.95,$27.50,$28.05,$28.60,$29.15,$29.70,$30.25,$30.80,$31.35,$31.90,$32.45,$32.99,$34.09,$35.19,$36.29,$37.39,$38.49,$56.09,$57.74,$59.39,$61.04,$27.72,$44.87,$65.99,$96.35,$105.58,$95.69
Kingston FURY Beast 32 GB,DDR5-6000,1 x 32GB,10 ns,30,$22.35,Black,0.0,0,,,,,,,,,,,,,,,,,,,,,,,,,,,,,,,,,,,,,,,,,,,,,,,"$1,788.17","$1,788.17","$1,728.57","$1,668.96","$1,609.36","$1,549.75","$1,490.15","$1,430.54","$1,370.93","$1,311.33","$1,251.72","$1,192.12","$1,132.51","$1,072.90","$1,031.18",$989.46,$947.73,$906.01,$864.28,$822.56,$780.84,$739.11,$697.39,$655.66,$613.94,$572.22,$554.33,$536.45,$518.57,$500.69,$482.81,$464.93,$447.04,$429.16,$411.28,$393.40,$375.52,$357.63,$369.56,$381.48,$393.40,$405.32,$417.24,$607.98,$625.86,$643.74,$661.62,$300.41,$486.38,$715.27,$908.39,$851.17,$851.17
Kingston KCP421NS8/8 8 GB,DDR4-2133,1 x 8GB,14.065 ns,15,$5.87,Black / Green,5.0,2,$66.18,$66.57,$66.96,$67.35,$67.74,$68.14,$68.53,$68.92,$69.31,$69.70,$70.09,$70.48,$58.74,$56.39,$54.04,$51.69,$49.34,$46.99,$44.64,$42.29,$39.94,$37.59,$35.24,$32.89,$28.59,$28.98,$29.37,$29.76,$30.15,$30.54,$30.94,$31.33,$31.72,$32.11,$32.50,$32.89,$33.68,$34.46,$35.24,$36.03,$36.81,$37.59,$38.38,$39.16,$39.94,$40.72,$41.51,$42.29,$41.12,$39.94,$38.77,$37.59,$36.42,$35.24,$34.07,$32.89,$31.72,$30.54,$29.37,$28.19,$27.41,$26.63,$25.84,$25.06,$24.28,$23.50,$22.71,$21.93,$21.15,$20.36,$19.58,$18.80,$19.19,$19.58,$19.97,$20.36,$20.75,$21.15,$21.54,$21.93,$22.32,$22.71,$23.10,$23.50,$24.28,$25.06,$25.84,$26.63,$27.41,$39.94,$41.12,$42.29,$43.47,$19.74,$31.95,$46.99,$68.61,$75.18,$68.14
Crucial CT4K8G4DFS8266 32 GB,DDR4-2666,4 x 8GB,14.254 ns,19,$5.62,Green,0.0,0,$253.20,$254.70,$256.20,$257.70,$259.20,$260.70,$262.19,$263.69,$265.19,$266.69,$268.19,$269.69,$224.74,$215.75,$206.76,$197.77,$188.78,$179.79,$170.80,$161.81,$152.82,$143.83,$134.84,$125.85,$109.37,$110.87,$112.37,$113.87,$115.37,$116.86,$118.36,$119.86,$121.36,$122.86,$124.35,$125.85,$128.85,$131.85,$134.84,$137.84,$140.84,$143.83,$146.83,$149.82,$152.82,$155.82,$158.81,$161.81,$157.32,$152.82,$148.33,$143.83,$139.34,$134.84,$130.35,$125.85,$121.36,$116.86,$112.37,$107.87,$104.88,$101.88,$98.88,$95.89,$92.89,$89.89,$86.90,$83.90,$80.91,$77.91,$74.91,$71.92,$73.41,$74.91,$76.41,$77.91,$79.41,$80.91,$82.40,$83.90,$85.40,$86.90,$88.40,$89.89,$92.89,$95.89,$98.88,$101.88,$104.88,$152.82,$157.32,$161.81,$166.31,$75.51,$122.26,$179.79,$262.49,$287.66,$260.70
Crucial CT8G48C40S5 8 GB,DDR5-4800,1 x 8GB,16.667 ns,40,$10.75,Black,0.0,0,,,,,,,,,,,,,,,,,,,,,,,,,,,,,,,,,,,,,,,,,,,,,,,$214.97,$214.97,$207.81,$200.64,$193.48,$186.31,$179.15,$171.98,$164.81,$157.65,$150.48,$143.32,$136.15,$128.98,$123.97,$118.95,$113.94,$108.92,$103.90,$98.89,$93.87,$88.86,$83.84,$78.82,$73.81,$68.79,$66.64,$64.49,$62.34,$60.19,$58.04,$55.89,$53.74,$51.59,$49.44,$47.29,$45.14,$42.99,$44.43,$45.86,$47.29,$48.73,$50.16,$73.09,$75.24,$77.39,$79.54,$36.12,$58.47,$85.99,$109.21,$102.33,$102.33
Timetec PINNACLE Konduit 16 GB,DDR4-3200,1 x 16GB,10 ns,16,$6.62,White,0.0,0,$149.27,$150.15,$151.04,$151.92,$152.80,$153.69,$154.57,$155.45,$156.34,$157.22,$158.10,$158.98,$132.49,$127.19,$121.89,$116.59,$111.29,$105.99,$100.69,$95.39,$90.09,$84.79,$79.49,$74.19,$64.48,$65.36,$66.24,$67.13,$68.01,$68.89,$69.78,$70.66,$71.54,$72.43,$73.31,$74.19,$75.96,$77.73,$79.49,$81.26,$83.03,$84.79,$86.56,$88.32,$90.09,$91.86,$93.62,$95.39,$92.74,$90.09,$87.44,$84.79,$82.14,$79.49,$76.84,$74.19,$71.54,$68.89,$66.24,$63.59,$61.83,$60.06,$58.29,$56.53,$54.76,$52.99,$51.23,$49.46,$47.70,$45.93,$44.16,$42.40,$43.28,$44.16,$45.05,$45.93,$46.81,$47.70,$48.58,$49.46,$50.35,$51.23,$52.11,$52.99,$54.76,$56.53,$58.29,$60.06,$61.83,$90.09,$92.74,$95.39,$98.04,$44.52,$72.07,$105.99,$154.75,$169.58,$153.69
Corsair Dominator Platinum RGB 64 GB,DDR5-5600,4 x 16GB,12.857 ns,36,$13.52,Black,5.0,1,,,,,,,,,,,,,,,,,,,,,,,,,,,,,,,,,,,,,,,,,,,,,,,"$2,162.47","$2,162.47","$2,090.39","$2,018.31","$1,946.23","$1,874.14","$1,802.06","$1,729.98","$1,657.90","$1,585.82","$1,513.73","$1,441.65","$1,369.57","$1,297.49","$1,247.03","$1,196.57","$1,146.11","$1,095.65","$1,045.20",$994.74,$944.28,$893.82,$843.37,$792.91,$742.45,$691.99,$670.37,$648.74,$627.12,$605.49,$583.87,$562.24,$540.62,$518.99,$497.37,$475.74,$454.12,$432.50,$446.91,$461.33,$475.74,$490.16,$504.58,$735.24,$756.87,$778.49,$800.12,$363.30,$588.19,$864.99,"$1,098.54","$1,029.34","$1,029.34"
Corsair Vengeance LPX 8 GB,DDR4-2666,1 x 8GB,12.003 ns,16,$7.37,Black / Yellow,4.5,11,$83.06,$83.55,$84.05,$84.54,$85.03,$85.52,$86.01,$86.50,$87.00,$87.49,$87.98,$88.47,$73.72,$70.78,$67.83,$64.88,$61.93,$58.98,$56.03,$53.08,$50.13,$47.18,$44.24,$41.29,$35.88,$36.37,$36.86,$37.35,$37.85,$38.34,$38.83,$39.32,$39.81,$40.30,$40.79,$41.29,$42.27,$43.25,$44.23,$45.22,$46.20,$47.18,$48.17,$49.15,$50.13,$51.12,$52.10,$53.08,$51.61,$50.13,$48.66,$47.18,$45.71,$44.23,$42.76,$41.29,$39.81,$38.34,$36.86,$35.39,$34.40,$33.42,$32.44,$31.46,$30.47,$29.49,$28.51,$27.52,$26.54,$25.56,$24.57,$23.59,$24.08,$24.57,$25.07,$25.56,$26.05,$26.54,$27.03,$27.52,$28.02,$28.51,$29.00,$29.49,$30.47,$31.46,$32.44,$33.42,$34.41,$50.13,$51.61,$53.08,$54.56,$24.77,$40.11,$58.98,$86.11,$94.37,$85.52
G.Skill Trident Z5 48 GB,DDR5-8400,2 x 24GB,9.524 ns,40,$13.13,Black,0.0,0,,,,,,,,,,,,,,,,,,,,,,,,,,,,,,,,,,,,,,,,,,,,,,,"$1,574.97","$1,574.97","$1,522.48","$1,469.98","$1,417.48","$1,364.98","$1,312.48","$1,259.98","$1,207.48","$1,154.98","$1,102.48","$1,049.98",$997.48,$944.99,$908.24,$871.49,$834.74,$797.99,$761.24,$724.49,$687.74,$650.99,$614.24,$577.49,$540.74,$503.99,$488.24,$472.49,$456.74,$440.99,$425.24,$409.49,$393.74,$377.99,$362.24,$346.49,$330.74,$315.00,$325.49,$335.99,$346.49,$356.99,$367.49,$535.49,$551.24,$566.99,$582.74,$264.60,$428.39,$629.99,$800.09,$749.69,$749.69
Corsair Vengeance RGB Pro 16 GB,DDR4-3600,1 x 16GB,10 ns,18,$6.94,Black,4.0,4,$156.31,$157.24,$158.16,$159.09,$160.01,$160.94,$161.86,$162.79,$163.71,$164.64,$165.56,$166.48,$138.74,$133.19,$127.64,$122.09,$116.54,$110.99,$105.44,$99.89,$94.34,$88.79,$83.24,$77.69,$67.52,$68.44,$69.37,$70.29,$71.22,$72.14,$73.07,$73.99,$74.92,$75.84,$76.77,$77.69,$79.54,$81.39,$83.24,$85.09,$86.94,$88.79,$90.64,$92.49,$94.34,$96.19,$98.04,$99.89,$97.12,$94.34,$91.57,$88.79,$86.02,$83.24,$80.47,$77.69,$74.92,$72.14,$69.37,$66.59,$64.74,$62.89,$61.04,$59.19,$57.34,$55.49,$53.65,$51.80,$49.95,$48.10,$46.25,$44.40,$45.32,$46.25,$47.17,$48.10,$49.02,$49.95,$50.87,$51.80,$52.72,$53.65,$54.57,$55.49,$57.34,$59.19,$61.04,$62.89,$64.74,$94.34,$97.12,$99.89,$102.67,$46.62,$75.47,$110.99,$162.05,$177.58,$160.94
Corsair Vengeance 96 GB,DDR5-6600,2 x 48GB,9.697 ns,32,$12.16,Black / Silver,0.0,0,,,,,,,,,,,,,,,,,,,,,,,,,,,,,,,,,,,,,,,,,,,,,,,"$2,917.47","$2,917.47","$2,820.23","$2,722.98","$2,625.73","$2,528.48","$2,431.23","$2,333.98","$2,236.73","$2,139.48","$2,042.23","$1,944.98","$1,847.73","$1,750.49","$1,682.41","$1,614.34","$1,546.26","$1,478.19","$1,410.11","$1,342.04","$1,273.96","$1,205.89","$1,137.82","$1,069.74","$1,001.67",$933.59,$904.42,$875.24,$846.07,$816.89,$787.72,$758.54,$729.37,$700.19,$671.02,$641.84,$612.67,$583.50,$602.94,$622.39,$641.84,$661.29,$680.74,$991.94,"$1,021.12","$1,050.29","$1,079.47",$490.14,$793.55,"$1,166.99","$1,482.08","$1,388.72","$1,388.72"
Corsair Vengeance 32 GB,DDR5-7000,2 x 16GB,9.714 ns,34,$14.31,Gray,0.0,0,,,,,,,,,,,,,,,,,,,,,,,,,,,,,,,,,,,,,,,,,,,,,,,"$1,144.97","$1,144.97","$1,106.81","$1,068.64","$1,030.48",$992.31,$954.15,$915.98,$877.81,$839.65,$801.48,$763.32,$725.15,$686.99,$660.27,$633.55,$606.84,$580.12,$553.40,$526.69,$499.97,$473.26,$446.54,$419.82,$393.11,$366.39,$354.94,$343.49,$332.04,$320.59,$309.14,$297.69,$286.24,$274.79,$263.34,$251.89,$240.44,$229.00,$236.63,$244.26,$251.89,$259.53,$267.16,$389.29,$400.74,$412.19,$423.64,$192.36,$311.43,$457.99,$581.65,$545.01,$545.01
Corsair Vengeance 96 GB,DDR5-5600,2 x 48GB,14.286 ns,40,$11.15,Black,5.0,1,,,,,,,,,,,,,,,,,,,,,,,,,,,,,,,,,,,,,,,,,,,,,,,"$2,674.97","$2,674.97","$2,585.81","$2,496.64","$2,407.48","$2,318.31","$2,229.15","$2,139.98","$2,050.81","$1,961.65","$1,872.48","$1,783.32","$1,694.15","$1,604.99","$1,542.57","$1,480.15","$1,417.74","$1,355.32","$1,292.90","$1,230.49","$1,168.07","$1,105.66","$1,043.24",$980.82,$918.41,$855.99,$829.24,$802.49,$775.74,$748.99,$722.24,$695.49,$668.74,$641.99,$615.24,$588.49,$561.74,$535.00,$552.83,$570.66,$588.49,$606.33,$624.16,$909.49,$936.24,$962.99,$989.74,$449.40,$727.59,"$1,069.99","$1,358.89","$1,273.29","$1,273.29"
Corsair Vengeance 32 GB,DDR5-6000,2 x 16GB,12 ns,36,$12.38,White / Gray,0.0,0,,,,,,,,,,,,,,,,,,,,,,,,,,,,,,,,,,,,,,,,,,,,,,,$989.98,$989.98,$956.98,$923.98,$890.98,$857.98,$824.98,$791.98,$758.98,$725.98,$692.98,$659.98,$626.98,$593.99,$570.89,$547.79,$524.69,$501.59,$478.49,$455.39,$432.29,$409.19,$386.09,$362.99,$339.89,$316.79,$306.89,$296.99,$287.09,$277.19,$267.29,$257.39,$247.49,$237.59,$227.69,$217.79,$207.89,$198.00,$204.59,$211.19,$217.79,$224.39,$230.99,$336.59,$346.49,$356.39,$366.29,$166.32,$269.27,$395.99,$502.91,$471.23,$471.23
G.Skill Ripjaws M5 RGB 32 GB,DDR5-6000,2 x 16GB,10 ns,30,$14.31,Black,0.0,0,,,,,,,,,,,,,,,,,,,,,,,,,,,,,,,,,,,,,,,,,,,,,,,"$1,144.97","$1,144.97","$1,106.81","$1,068.64","$1,030.48",$992.31,$954.15,$915.98,$877.81,$839.65,$801.48,$763.32,$725.15,$686.99,$660.27,$633.55,$606.84,$580.12,$553.40,$526.69,$499.97,$473.26,$446.54,$419.82,$393.11,$366.39,$354.94,$343.49,$332.04,$320.59,$309.14,$297.69,$286.24,$274.79,$263.34,$251.89,$240.44,$229.00,$236.63,$244.26,$251.89,$259.53,$267.16,$389.29,$400.74,$412.19,$423.64,$192.36,$311.43,$457.99,$581.65,$545.01,$545.01
Corsair Dominator Titanium 64 GB,DDR5-6400,2 x 32GB,10 ns,32,$14.92,White,0.0,0,,,,,,,,,,,,,,,,,,,,,,,,,,,,,,,,,,,,,,,,,,,,,,,"$2,387.47","$2,387.47","$2,307.89","$2,228.31","$2,148.73","$2,069.14","$1,989.56","$1,909.98","$1,830.40","$1,750.82","$1,671.23","$1,591.65","$1,512.07","$1,432.49","$1,376.78","$1,321.07","$1,265.36","$1,209.65","$1,153.95","$1,098.24","$1,042.53",$986.82,$931.12,$875.41,$819.70,$763.99,$740.12,$716.24,$692.37,$668.49,$644.62,$620.74,$596.87,$572.99,$549.12,$525.24,$501.37,$477.50,$493.41,$509.33,$525.24,$541.16,$557.08,$811.74,$835.62,$859.49,$883.37,$401.10,$649.39,$954.99,"$1,212.84","$1,136.44","$1,136.44"
G.Skill Trident Z5 RGB 32 GB,DDR5-8000,2 x 16GB,9.5 ns,38,$17.19,Black,0.0,0,,,,,,,,,,,,,,,,,,,,,,,,,,,,,,,,,,,,,,,,,,,,,,,"$1,374.97","$1,374.97","$1,329.14","$1,283.31","$1,237.48","$1,191.64","$1,145.81","$1,099.98","$1,054.15","$1,008.32",$962.48,$916.65,$870.82,$824.99,$792.90,$760.82,$728.74,$696.65,$664.57,$632.49,$600.41,$568.32,$536.24,$504.16,$472.07,$439.99,$426.24,$412.49,$398.74,$384.99,$371.24,$357.49,$343.74,$329.99,$316.24,$302.49,$288.74,$275.00,$284.16,$293.33,$302.49,$311.66,$320.83,$467.49,$481.24,$494.99,$508.74,$231.00,$373.99,$549.99,$698.49,$654.49,$654.49
Kingston KCP426NS8/8 8 GB,DDR4-2666,1 x 8GB,14.254 ns,19,$5.70,Green / Black,0.0,0,$64.22,$64.60,$64.98,$65.36,$65.74,$66.12,$66.50,$66.88,$67.26,$67.64,$68.02,$68.40,$57.00,$54.72,$52.44,$50.16,$47.88,$45.60,$43.32,$41.04,$38.76,$36.48,$34.20,$31.92,$27.74,$28.12,$28.50,$28.88,$29.26,$29.64,$30.02,$30.40,$30.78,$31.16,$31.54,$31.92,$32.68,$33.44,$34.20,$34.96,$35.72,$36.48,$37.24,$38.00,$38.76,$39.52,$40.28,$41.04,$39.90,$38.76,$37.62,$36.48,$35.34,$34.20,$33.06,$31.92,$30.78,$29.64,$28.50,$27.36,$26.60,$25.84,$25.08,$24.32,$23.56,$22.80,$22.04,$21.28,$20.52,$19.76,$19.00,$18.24,$18.62,$19.00,$19.38,$19.76,$20.14,$20.52,$20.90,$21.28,$21.66,$22.04,$22.42,$22.80,$23.56,$24.32,$25.08,$25.84,$26.60,$38.76,$39.90,$41.04,$42.18,$19.15,$31.01,$45.60,$66.58,$72.96,$66.12
Patriot Viper Steel RGB 32 GB,DDR4-3600,2 x 16GB,11.111 ns,20,$7.97,Black,0.0,0,$359.11,$361.24,$363.36,$365.49,$367.61,$369.74,$371.86,$373.99,$376.11,$378.24,$380.36,$382.49,$318.74,$305.99,$293.24,$280.49,$267.74,$254.99,$242.24,$229.49,$216.74,$203.99,$191.24,$178.49,$155.12,$157.24,$159.37,$161.49,$163.62,$165.74,$167.87,$169.99,$172.12,$174.24,$176.37,$178.49,$182.74,$186.99,$191.24,$195.49,$199.74,$203.99,$208.24,$212.49,$216.74,$220.99,$225.24,$229.49,$223.12,$216.74,$210.37,$203.99,$197.62,$191.24,$184.87,$178.49,$172.12,$165.74,$159.37,$152.99,$148.74,$144.49,$140.24,$135.99,$131.74,$127.50,$123.25,$119.00,$114.75,$110.50,$106.25,$102.00,$104.12,$106.25,$108.37,$110.50,$112.62,$114.75,$116.87,$119.00,$121.12,$123.25,$125.37,$127.50,$131.74,$135.99,$140.24,$144.49,$148.74,$216.74,$223.12,$229.49,$235.87,$107.10,$173.39,$254.99,$372.29,$407.98,$369.74
Silicon Power XPOWER Zenith RGB Gaming 64 GB,DDR5-6000,2 x 32GB,10 ns,30,$11.72,Black,5.0,1,,,,,,,,,,,,,,,,,,,,,,,,,,,,,,,,,,,,,,,,,,,,,,,"$1,874.93","$1,874.93","$1,812.43","$1,749.93","$1,687.43","$1,624.93","$1,562.44","$1,499.94","$1,437.44","$1,374.95","$1,312.45","$1,249.95","$1,187.45","$1,124.95","$1,081.21","$1,037.46",$993.71,$949.96,$906.21,$862.47,$818.72,$774.97,$731.22,$687.47,$643.72,$599.98,$581.23,$562.48,$543.73,$524.98,$506.23,$487.48,$468.73,$449.98,$431.23,$412.48,$393.73,$374.99,$387.48,$399.98,$412.48,$424.98,$437.48,$637.47,$656.22,$674.97,$693.72,$314.99,$509.98,$749.97,$952.46,$892.46,$892.46
Corsair Dominator Platinum RGB 64 GB,DDR5-6000,2 x 32GB,10 ns,30,$14.67,Black,5.0,2,,,,,,,,,,,,,,,,,,,,,,,,,,,,,,,,,,,,,,,,,,,,,,,"$2,347.47","$2,347.47","$2,269.23","$2,190.98","$2,112.73","$2,034.48","$1,956.23","$1,877.98","$1,799.73","$1,721.48","$1,643.23","$1,564.98","$1,486.73","$1,408.49","$1,353.71","$1,298.94","$1,244.16","$1,189.39","$1,134.61","$1,079.84","$1,025.06",$970.29,$915.52,$860.74,$805.97,$751.19,$727.72,$704.24,$680.77,$657.29,$633.82,$610.34,$586.87,$563.39,$539.92,$516.44,$492.97,$469.50,$485.14,$500.79,$516.44,$532.09,$547.74,$798.14,$821.62,$845.09,$868.57,$394.38,$638.51,$938.99,"$1,192.52","$1,117.40","$1,117.40"
TEAMGROUP T-Create Expert 96 GB,DDR5-6400,2 x 48GB,10 ns,32,$11.69,White,0.0,0,,,,,,,,,,,,,,,,,,,,,,,,,,,,,,,,,,,,,,,,,,,,,,,"$2,804.97","$2,804.97","$2,711.48","$2,617.98","$2,524.48","$2,430.98","$2,337.48","$2,243.98","$2,150.48","$2,056.98","$1,963.48","$1,869.98","$1,776.48","$1,682.99","$1,617.54","$1,552.09","$1,486.64","$1,421.19","$1,355.74","$1,290.29","$1,224.84","$1,159.39","$1,093.94","$1,028.49",$963.04,$897.59,$869.54,$841.49,$813.44,$785.39,$757.34,$729.29,$701.24,$673.19,$645.14,$617.09,$589.04,$561.00,$579.69,$598.39,$617.09,$635.79,$654.49,$953.69,$981.74,"$1,009.79","$1,037.84",$471.24,$762.95,"$1,121.99","$1,424.93","$1,335.17","$1,335.17"
Corsair Vengeance LPX 16 GB,DDR4-3600,1 x 16GB,10 ns,18,$6.50,Black,0.0,0,$146.45,$147.32,$148.19,$149.05,$149.92,$150.79,$151.65,$152.52,$153.39,$154.25,$155.12,$155.98,$129.99,$124.79,$119.59,$114.39,$109.19,$103.99,$98.79,$93.59,$88.39,$83.19,$77.99,$72.79,$63.26,$64.13,$64.99,$65.86,$66.73,$67.59,$68.46,$69.33,$70.19,$71.06,$71.93,$72.79,$74.53,$76.26,$77.99,$79.73,$81.46,$83.19,$84.93,$86.66,$88.39,$90.12,$91.86,$93.59,$90.99,$88.39,$85.79,$83.19,$80.59,$77.99,$75.39,$72.79,$70.19,$67.59,$64.99,$62.39,$60.66,$58.93,$57.19,$55.46,$53.73,$51.99,$50.26,$48.53,$46.80,$45.06,$43.33,$41.60,$42.46,$43.33,$44.20,$45.06,$45.93,$46.80,$47.66,$48.53,$49.40,$50.26,$51.13,$51.99,$53.73,$55.46,$57.19,$58.93,$60.66,$88.39,$90.99,$93.59,$96.19,$43.68,$70.71,$103.99,$151.83,$166.38,$144.99
G.Skill Trident Z5 RGB 32 GB,DDR5-7200,2 x 16GB,9.444 ns,34,$15.19,Silver / Black,4.5,3,,,,,,,,,,,,,,,,,,,,,,,,,,,,,,,,,,,,,,,,,,,,,,,"$1,214.97","$1,214.97","$1,174.48","$1,133.98","$1,093.48","$1,052.98","$1,012.48",$971.98,$931.48,$890.98,$850.48,$809.98,$769.48,$728.99,$700.64,$672.29,$643.94,$615.59,$587.24,$558.89,$530.54,$502.19,$473.84,$445.49,$417.14,$388.79,$376.64,$364.49,$352.34,$340.19,$328.04,$315.89,$303.74,$291.59,$279.44,$267.29,$255.14,$243.00,$251.09,$259.19,$267.29,$275.39,$283.49,$413.09,$425.24,$437.39,$449.54,$204.12,$330.47,$485.99,$617.21,$578.33,$578.33
G.Skill Ripjaws M5 RGB 32 GB,DDR5-5200,2 x 16GB,15.385 ns,40,$13.14,White,0.0,0,,,,,,,,,,,,,,,,,,,,,,,,,,,,,,,,,,,,,,,,,,,,,,,"$1,051.38","$1,051.38","$1,016.33",$981.28,$946.24,$911.19,$876.15,$841.10,$806.05,$771.01,$735.96,$700.92,$665.87,$630.83,$606.29,$581.76,$557.23,$532.70,$508.16,$483.63,$459.10,$434.57,$410.04,$385.50,$360.97,$336.44,$325.93,$315.41,$304.90,$294.39,$283.87,$273.36,$262.84,$252.33,$241.82,$231.30,$220.79,$210.28,$217.28,$224.29,$231.30,$238.31,$245.32,$357.47,$367.98,$378.49,$389.01,$176.63,$285.97,$420.55,$534.10,$500.45,$500.45
Patriot Viper 4 16 GB,DDR4-2400,2 x 8GB,12.5 ns,15,$5.99,Black / Red,5.0,1,$135.03,$135.83,$136.63,$137.43,$138.23,$139.03,$139.82,$140.62,$141.42,$142.22,$143.02,$143.82,$119.85,$115.06,$110.26,$105.47,$100.67,$95.88,$91.09,$86.29,$81.50,$76.70,$71.91,$67.12,$58.33,$59.13,$59.92,$60.72,$61.52,$62.32,$63.12,$63.92,$64.72,$65.52,$66.32,$67.12,$68.71,$70.31,$71.91,$73.51,$75.11,$76.70,$78.30,$79.90,$81.50,$83.10,$84.69,$86.29,$83.89,$81.50,$79.10,$76.70,$74.31,$71.91,$69.51,$67.12,$64.72,$62.32,$59.92,$57.53,$55.93,$54.33,$52.73,$51.14,$49.54,$47.94,$46.34,$44.74,$43.15,$41.55,$39.95,$38.35,$39.15,$39.95,$40.75,$41.55,$42.35,$43.15,$43.95,$44.74,$45.54,$46.34,$47.14,$47.94,$49.54,$51.14,$52.73,$54.33,$55.93,$81.50,$83.89,$86.29,$88.69,$40.27,$65.20,$95.88,$139.98,$153.41,$139.03
G.Skill Ripjaws M5 RGB 64 GB,DDR5-6000,2 x 32GB,10 ns,30,$13.91,White,0.0,0,,,,,,,,,,,,,,,,,,,,,,,,,,,,,,,,,,,,,,,,,,,,,,,"$2,224.97","$2,224.97","$2,150.81","$2,076.64","$2,002.48","$1,928.31","$1,854.15","$1,779.98","$1,705.81","$1,631.65","$1,557.48","$1,483.32","$1,409.15","$1,334.99","$1,283.07","$1,231.15","$1,179.24","$1,127.32","$1,075.40","$1,023.49",$971.57,$919.66,$867.74,$815.82,$763.91,$711.99,$689.74,$667.49,$645.24,$622.99,$600.74,$578.49,$556.24,$533.99,$511.74,$489.49,$467.24,$445.00,$459.83,$474.66,$489.49,$504.33,$519.16,$756.49,$778.74,$800.99,$823.24,$373.80,$605.19,$889.99,"$1,130.29","$1,059.09","$1,059.09"
G.Skill Trident Z Neo 64 GB,DDR4-3600,2 x 32GB,10 ns,18,$7.34,Silver / Black,4.5,5,$661.90,$665.82,$669.74,$673.65,$677.57,$681.49,$685.40,$689.32,$693.24,$697.15,$701.07,$704.99,$587.49,$563.99,$540.49,$516.99,$493.49,$469.99,$446.49,$422.99,$399.49,$375.99,$352.49,$328.99,$285.91,$289.83,$293.74,$297.66,$301.58,$305.49,$309.41,$313.33,$317.24,$321.16,$325.08,$328.99,$336.83,$344.66,$352.49,$360.33,$368.16,$375.99,$383.83,$391.66,$399.49,$407.32,$415.16,$422.99,$411.24,$399.49,$387.74,$375.99,$364.24,$352.49,$340.74,$328.99,$317.24,$305.49,$293.74,$281.99,$274.16,$266.33,$258.49,$250.66,$242.83,$235.00,$227.16,$219.33,$211.50,$203.66,$195.83,$188.00,$191.91,$195.83,$199.75,$203.66,$207.58,$211.50,$215.41,$219.33,$223.25,$227.16,$231.08,$235.00,$242.83,$250.66,$258.49,$266.33,$274.16,$399.49,$411.24,$422.99,$434.74,$197.40,$319.59,$469.99,$686.19,$751.98,$681.49
Corsair Vengeance LPX 8 GB,DDR4-3600,1 x 8GB,10 ns,18,$8.50,Black,0.0,0,$95.74,$96.30,$96.87,$97.44,$98.00,$98.57,$99.14,$99.70,$100.27,$100.84,$101.40,$101.97,$84.98,$81.58,$78.18,$74.78,$71.38,$67.98,$64.58,$61.18,$57.78,$54.38,$50.99,$47.59,$41.35,$41.92,$42.49,$43.05,$43.62,$44.19,$44.75,$45.32,$45.89,$46.45,$47.02,$47.59,$48.72,$49.85,$50.98,$52.12,$53.25,$54.38,$55.52,$56.65,$57.78,$58.92,$60.05,$61.18,$59.48,$57.78,$56.08,$54.38,$52.68,$50.98,$49.29,$47.59,$45.89,$44.19,$42.49,$40.79,$39.65,$38.52,$37.39,$36.26,$35.12,$33.99,$32.86,$31.72,$30.59,$29.46,$28.32,$27.19,$27.76,$28.33,$28.89,$29.46,$30.02,$30.59,$31.16,$31.72,$32.29,$32.86,$33.42,$33.99,$35.12,$36.26,$37.39,$38.52,$39.66,$57.78,$59.48,$61.18,$62.88,$28.55,$46.23,$67.98,$99.25,$108.77,$98.57
Patriot Viper Elite 5 RGB TUF GAMING ALLIANCE 32 GB,DDR5-6600,2 x 16GB,10.303 ns,34,$16.42,White,4.0,1,,,,,,,,,,,,,,,,,,,,,,,,,,,,,,,,,,,,,,,,,,,,,,,"$1,313.40","$1,313.40","$1,269.62","$1,225.84","$1,182.06","$1,138.28","$1,094.50","$1,050.72","$1,006.94",$963.16,$919.38,$875.60,$831.82,$788.04,$757.39,$726.75,$696.10,$665.46,$634.81,$604.16,$573.52,$542.87,$512.23,$481.58,$450.93,$420.29,$407.15,$394.02,$380.89,$367.75,$354.62,$341.48,$328.35,$315.22,$302.08,$288.95,$275.81,$262.68,$271.44,$280.19,$288.95,$297.70,$306.46,$446.56,$459.69,$472.82,$485.96,$220.65,$357.24,$525.36,$667.21,$625.18,$625.18
TEAMGROUP T-Force Vulcan Z 16 GB,DDR4-3200,1 x 16GB,10 ns,16,$9.30,Gray,0.0,0,$209.56,$210.80,$212.04,$213.28,$214.52,$215.76,$217.00,$218.24,$219.48,$220.72,$221.96,$223.20,$186.00,$178.56,$171.12,$163.68,$156.24,$148.80,$141.36,$133.92,$126.48,$119.04,$111.60,$104.16,$90.52,$91.76,$93.00,$94.24,$95.48,$96.72,$97.96,$99.20,$100.44,$101.68,$102.92,$104.16,$106.64,$109.12,$111.60,$114.08,$116.56,$119.04,$121.52,$124.00,$126.48,$128.96,$131.44,$133.92,$130.20,$126.48,$122.76,$119.04,$115.32,$111.60,$107.88,$104.16,$100.44,$96.72,$93.00,$89.28,$86.80,$84.32,$81.84,$79.36,$76.88,$74.40,$71.92,$69.44,$66.96,$64.48,$62.00,$59.52,$60.76,$62.00,$63.24,$64.48,$65.72,$66.96,$68.20,$69.44,$70.68,$71.92,$73.16,$74.40,$76.88,$79.36,$81.84,$84.32,$86.80,$126.48,$130.20,$133.92,$137.64,$62.50,$101.18,$148.80,$217.25,$238.08,$215.76
Kingston HyperX Fury RGB 8 GB,DDR4-3000,1 x 8GB,10 ns,15,$8.12,Black,0.0,0,$91.51,$92.05,$92.60,$93.14,$93.68,$94.22,$94.76,$95.30,$95.85,$96.39,$96.93,$97.47,$81.23,$77.98,$74.73,$71.48,$68.23,$64.98,$61.73,$58.48,$55.23,$51.98,$48.74,$45.49,$39.53,$40.07,$40.61,$41.15,$41.70,$42.24,$42.78,$43.32,$43.86,$44.40,$44.94,$45.49,$46.57,$47.65,$48.73,$49.82,$50.90,$51.98,$53.07,$54.15,$55.23,$56.32,$57.40,$58.48,$56.86,$55.23,$53.61,$51.98,$50.36,$48.73,$47.11,$45.49,$43.86,$42.24,$40.61,$38.99,$37.90,$36.82,$35.74,$34.66,$33.57,$32.49,$31.41,$30.32,$29.24,$28.16,$27.07,$25.99,$26.53,$27.08,$27.62,$28.16,$28.70,$29.24,$29.78,$30.32,$30.87,$31.41,$31.95,$32.49,$33.57,$34.66,$35.74,$36.82,$37.91,$55.23,$56.86,$58.48,$60.11,$27.29,$44.19,$64.98,$94.87,$103.97,$94.22
Patriot Viper Elite II 32 GB,DDR4-3200,2 x 16GB,11.25 ns,18,$6.88,Red / Black,0.0,0,$309.82,$311.65,$313.49,$315.32,$317.15,$318.99,$320.82,$322.65,$324.49,$326.32,$328.15,$329.99,$274.99,$263.99,$252.99,$241.99,$230.99,$219.99,$208.99,$197.99,$186.99,$175.99,$164.99,$153.99,$133.83,$135.66,$137.49,$139.33,$141.16,$142.99,$144.83,$146.66,$148.49,$150.33,$152.16,$153.99,$157.66,$161.33,$164.99,$168.66,$172.33,$175.99,$179.66,$183.32,$186.99,$190.66,$194.32,$197.99,$192.49,$186.99,$181.49,$175.99,$170.49,$164.99,$159.49,$153.99,$148.49,$142.99,$137.49,$131.99,$128.33,$124.66,$120.99,$117.33,$113.66,$110.00,$106.33,$102.66,$99.00,$95.33,$91.66,$88.00,$89.83,$91.66,$93.50,$95.33,$97.16,$99.00,$100.83,$102.66,$104.50,$106.33,$108.16,$110.00,$113.66,$117.33,$120.99,$124.66,$128.33,$186.99,$192.49,$197.99,$203.49,$92.40,$149.59,$219.99,$321.19,$351.98,$318.99
G.Skill Trident Z5 RGB 64 GB,DDR5-5600,2 x 32GB,12.857 ns,36,$11.56,Black,0.0,0,,,,,,,,,,,,,,,,,,,,,,,,,,,,,,,,,,,,,,,,,,,,,,,"$1,849.97","$1,849.97","$1,788.31","$1,726.64","$1,664.98","$1,603.31","$1,541.65","$1,479.98","$1,418.31","$1,356.65","$1,294.98","$1,233.32","$1,171.65","$1,109.99","$1,066.82","$1,023.65",$980.49,$937.32,$894.15,$850.99,$807.82,$764.66,$721.49,$678.32,$635.16,$591.99,$573.49,$554.99,$536.49,$517.99,$499.49,$480.99,$462.49,$443.99,$425.49,$406.99,$388.49,$370.00,$382.33,$394.66,$406.99,$419.33,$431.66,$628.99,$647.49,$665.99,$684.49,$310.80,$503.19,$739.99,$939.79,$880.59,$880.59
Patriot Viper Venom RGB 16 GB,DDR5-5600,1 x 16GB,12.857 ns,36,,Black / White,0.0,0,,,,,,,,,,,,,,,,,,,,,,,,,,,,,,,,,,,,,,,,,,,,,,,$437.48,$437.48,$422.89,$408.31,$393.73,$379.14,$364.56,$349.98,$335.40,$320.82,$306.23,$291.65,$277.07,$262.49,$252.28,$242.07,$231.86,$221.65,$211.45,$201.24,$191.03,$180.82,$170.62,$160.41,$150.20,$139.99,$135.62,$131.24,$126.87,$122.49,$118.12,$113.74,$109.37,$104.99,$100.62,$96.24,$91.87,$87.50,$90.41,$93.33,$96.24,$99.16,$102.08,$148.74,$153.12,$157.49,$161.87,$73.50,$118.99,$174.99,$222.24,$208.24,$208.24
G.Skill Trident Z5 Neo RGB 96 GB,DDR5-6000,2 x 48GB,9.333 ns,28,$11.46,Silver / Black,0.0,0,,,,,,,,,,,,,,,,,,,,,,,,,,,,,,,,,,,,,,,,,,,,,,,"$2,749.97","$2,749.97","$2,658.31","$2,566.64","$2,474.98","$2,383.31","$2,291.65","$2,199.98","$2,108.31","$2,016.65","$1,924.98","$1,833.32","$1,741.65","$1,649.99","$1,585.82","$1,521.65","$1,457.49","$1,393.32","$1,329.15","$1,264.99","$1,200.82","$1,136.66","$1,072.49","$1,008.32",$944.16,$879.99,$852.49,$824.99,$797.49,$769.99,$742.49,$714.99,$687.49,$659.99,$632.49,$604.99,$577.49,$550.00,$568.33,$586.66,$604.99,$623.33,$641.66,$934.99,$962.49,$989.99,"$1,017.49",$462.00,$747.99,"$1,099.99","$1,396.99","$1,308.99","$1,308.99"
Kingston FURY Renegade 32 GB,DDR4-3600,2 x 16GB,8.889 ns,16,$11.27,Silver / Black,0.0,0,$507.97,$510.98,$513.98,$516.99,$519.99,$523.00,$526.01,$529.01,$532.02,$535.02,$538.03,$541.03,$450.86,$432.83,$414.79,$396.76,$378.72,$360.69,$342.66,$324.62,$306.59,$288.55,$270.52,$252.48,$219.42,$222.43,$225.43,$228.44,$231.44,$234.45,$237.45,$240.46,$243.47,$246.47,$249.48,$252.48,$258.49,$264.51,$270.52,$276.53,$282.54,$288.55,$294.56,$300.57,$306.59,$312.60,$318.61,$324.62,$315.60,$306.59,$297.57,$288.55,$279.53,$270.52,$261.50,$252.48,$243.47,$234.45,$225.43,$216.41,$210.40,$204.39,$198.38,$192.37,$186.36,$180.34,$174.33,$168.32,$162.31,$156.30,$150.29,$144.28,$147.28,$150.29,$153.29,$156.30,$159.30,$162.31,$165.32,$168.32,$171.33,$174.33,$177.34,$180.34,$186.36,$192.37,$198.38,$204.39,$210.40,$306.59,$315.60,$324.62,$333.64,$151.49,$245.27,$360.69,$526.61,$577.10,$523.00
Corsair Vengeance RGB Pro 8 GB,DDR4-3200,1 x 8GB,10 ns,16,$9.37,Black,0.0,0,$105.60,$106.22,$106.85,$107.47,$108.10,$108.72,$109.35,$109.97,$110.60,$111.22,$111.85,$112.47,$93.73,$89.98,$86.23,$82.48,$78.73,$74.98,$71.23,$67.48,$63.73,$59.98,$56.24,$52.49,$45.61,$46.24,$46.86,$47.49,$48.11,$48.74,$49.36,$49.99,$50.61,$51.24,$51.86,$52.49,$53.74,$54.99,$56.23,$57.48,$58.73,$59.98,$61.23,$62.48,$63.73,$64.98,$66.23,$67.48,$65.61,$63.73,$61.86,$59.98,$58.11,$56.23,$54.36,$52.49,$50.61,$48.74,$46.86,$44.99,$43.74,$42.49,$41.24,$39.99,$38.74,$37.49,$36.24,$34.99,$33.74,$32.49,$31.24,$29.99,$30.62,$31.24,$31.87,$32.49,$33.12,$33.74,$34.37,$34.99,$35.62,$36.24,$36.87,$37.49,$38.74,$39.99,$41.24,$42.49,$43.74,$63.73,$65.61,$67.48,$69.36,$31.49,$50.99,$74.98,$109.47,$119.97,$108.72
G.Skill Trident Z5 Royal Neo RGB 32 GB,DDR5-8000,2 x 16GB,9.5 ns,38,$17.66,Gold,0.0,0,,,,,,,,,,,,,,,,,,,,,,,,,,,,,,,,,,,,,,,,,,,,,,,"$1,412.47","$1,412.47","$1,365.39","$1,318.31","$1,271.23","$1,224.14","$1,177.06","$1,129.98","$1,082.90","$1,035.82",$988.73,$941.65,$894.57,$847.49,$814.53,$781.57,$748.61,$715.65,$682.70,$649.74,$616.78,$583.82,$550.87,$517.91,$484.95,$451.99,$437.87,$423.74,$409.62,$395.49,$381.37,$367.24,$353.12,$338.99,$324.87,$310.74,$296.62,$282.50,$291.91,$301.33,$310.74,$320.16,$329.58,$480.24,$494.37,$508.49,$522.62,$237.30,$384.19,$564.99,$717.54,$672.34,$672.34
Corsair Vengeance RGB 32 GB,DDR5-6000,2 x 16GB,12 ns,36,$12.75,White / Silver,0.0,0,,,,,,,,,,,,,,,,,,,,,,,,,,,,,,,,,,,,,,,,,,,,,,,"$1,019.98","$1,019.98",$985.98,$951.98,$917.98,$883.98,$849.98,$815.98,$781.98,$747.98,$713.98,$679.98,$645.98,$611.99,$588.19,$564.39,$540.59,$516.79,$492.99,$469.19,$445.39,$421.59,$397.79,$373.99,$350.19,$326.39,$316.19,$305.99,$295.79,$285.59,$275.39,$265.19,$254.99,$244.79,$234.59,$224.39,$214.19,$204.00,$210.79,$217.59,$224.39,$231.19,$237.99,$346.79,$356.99,$367.19,$377.39,$171.36,$277.43,$407.99,$518.15,$485.51,$439.99
G.Skill Ripjaws M5 RGB 32 GB,DDR5-6000,2 x 16GB,12 ns,36,$11.66,Black,0.0,0,,,,,,,,,,,,,,,,,,,,,,,,,,,,,,,,,,,,,,,,,,,,,,,$932.48,$932.48,$901.39,$870.31,$839.23,$808.14,$777.06,$745.98,$714.90,$683.82,$652.73,$621.65,$590.57,$559.49,$537.73,$515.97,$494.21,$472.45,$450.70,$428.94,$407.18,$385.42,$363.67,$341.91,$320.15,$298.39,$289.07,$279.74,$270.42,$261.09,$251.77,$242.44,$233.12,$223.79,$214.47,$205.14,$195.82,$186.50,$192.71,$198.93,$205.14,$211.36,$217.58,$317.04,$326.37,$335.69,$345.02,$156.66,$253.63,$372.99,$473.70,$443.86,$443.86
Crucial CT2K8G4SFS8266 16 GB,DDR4-2666,2 x 8GB,14.254 ns,19,$6.22,Green / Black,5.0,1,$140.20,$141.03,$141.86,$142.69,$143.52,$144.35,$145.18,$146.01,$146.84,$147.67,$148.50,$149.32,$124.44,$119.46,$114.48,$109.51,$104.53,$99.55,$94.57,$89.60,$84.62,$79.64,$74.66,$69.69,$60.56,$61.39,$62.22,$63.05,$63.88,$64.71,$65.54,$66.37,$67.20,$68.03,$68.86,$69.68,$71.34,$73.00,$74.66,$76.32,$77.98,$79.64,$81.30,$82.96,$84.62,$86.28,$87.94,$89.59,$87.11,$84.62,$82.13,$79.64,$77.15,$74.66,$72.17,$69.69,$67.20,$64.71,$62.22,$59.73,$58.07,$56.41,$54.75,$53.09,$51.43,$49.77,$48.12,$46.46,$44.80,$43.14,$41.48,$39.82,$40.65,$41.48,$42.31,$43.14,$43.97,$44.80,$45.63,$46.46,$47.29,$48.12,$48.95,$49.77,$51.43,$53.09,$54.75,$56.41,$58.07,$84.62,$87.11,$89.59,$92.08,$41.81,$67.69,$99.55,$145.34,$159.28,$144.35
Corsair Dominator Titanium 64 GB,DDR5-6000,4 x 16GB,12 ns,36,$14.81,White,0.0,0,,,,,,,,,,,,,,,,,,,,,,,,,,,,,,,,,,,,,,,,,,,,,,,"$2,369.97","$2,369.97","$2,290.98","$2,211.98","$2,132.98","$2,053.98","$1,974.98","$1,895.98","$1,816.98","$1,737.98","$1,658.98","$1,579.98","$1,500.98","$1,421.99","$1,366.69","$1,311.39","$1,256.09","$1,200.79","$1,145.49","$1,090.19","$1,034.89",$979.59,$924.29,$868.99,$813.69,$758.39,$734.69,$710.99,$687.29,$663.59,$639.89,$616.19,$592.49,$568.79,$545.09,$521.39,$497.69,$474.00,$489.79,$505.59,$521.39,$537.19,$552.99,$805.79,$829.49,$853.19,$876.89,$398.16,$644.63,$947.99,"$1,203.95","$1,128.11","$1,128.11"
TEAMGROUP T-Force Delta RGB 32 GB,DDR5-6000,2 x 16GB,9.333 ns,28,$16.25,White,0.0,0,,,,,,,,,,,,,,,,,,,,,,,,,,,,,,,,,,,,,,,,,,,,,,,"$1,299.97","$1,299.97","$1,256.64","$1,213.31","$1,169.98","$1,126.64","$1,083.31","$1,039.98",$996.65,$953.32,$909.98,$866.65,$823.32,$779.99,$749.65,$719.32,$688.99,$658.65,$628.32,$597.99,$567.66,$537.32,$506.99,$476.66,$446.32,$415.99,$402.99,$389.99,$376.99,$363.99,$350.99,$337.99,$324.99,$311.99,$298.99,$285.99,$272.99,$260.00,$268.66,$277.33,$285.99,$294.66,$303.33,$441.99,$454.99,$467.99,$480.99,$218.40,$353.59,$519.99,$660.39,$618.79,$618.79
Patriot Viper Elite 5 Ultra RGB 48 GB,DDR5-6000,2 x 24GB,9.333 ns,28,$11.67,Black,0.0,0,,,,,,,,,,,,,,,,,,,,,,,,,,,,,,,,,,,,,,,,,,,,,,,"$1,399.97","$1,399.97","$1,353.31","$1,306.64","$1,259.98","$1,213.31","$1,166.65","$1,119.98","$1,073.31","$1,026.65",$979.98,$933.32,$886.65,$839.99,$807.32,$774.65,$741.99,$709.32,$676.65,$643.99,$611.32,$578.66,$545.99,$513.32,$480.66,$447.99,$433.99,$419.99,$405.99,$391.99,$377.99,$363.99,$349.99,$335.99,$321.99,$307.99,$293.99,$280.00,$289.33,$298.66,$307.99,$317.33,$326.66,$475.99,$489.99,$503.99,$517.99,$235.20,$380.79,$559.99,$711.19,$666.39,$666.39
TEAMGROUP T-Force Delta RGB 48 GB,DDR5-7200,2 x 24GB,9.444 ns,34,$11.04,White,5.0,1,,,,,,,,,,,,,,,,,,,,,,,,,,,,,,,,,,,,,,,,,,,,,,,"$1,324.97","$1,324.97","$1,280.81","$1,236.64","$1,192.48","$1,148.31","$1,104.15","$1,059.98","$1,015.81",$971.65,$927.48,$883.32,$839.15,$794.99,$764.07,$733.15,$702.24,$671.32,$640.40,$609.49,$578.57,$547.66,$516.74,$485.82,$454.91,$423.99,$410.74,$397.49,$384.24,$370.99,$357.74,$344.49,$331.24,$317.99,$304.74,$291.49,$278.24,$265.00,$273.83,$282.66,$291.49,$300.33,$309.16,$450.49,$463.74,$476.99,$490.24,$222.60,$360.39,$529.99,$673.09,$630.69,$630.69
Corsair Vengeance RGB Pro SL 16 GB,DDR4-3600,2 x 8GB,10 ns,18,$7.87,White / Black,5.0,11,$177.44,$178.49,$179.54,$180.59,$181.64,$182.69,$183.74,$184.79,$185.84,$186.89,$187.94,$188.98,$157.49,$151.19,$144.89,$138.59,$132.29,$125.99,$119.69,$113.39,$107.09,$100.79,$94.49,$88.19,$76.64,$77.69,$78.74,$79.79,$80.84,$81.89,$82.94,$83.99,$85.04,$86.09,$87.14,$88.19,$90.29,$92.39,$94.49,$96.59,$98.69,$100.79,$102.89,$104.99,$107.09,$109.19,$111.29,$113.39,$110.24,$107.09,$103.94,$100.79,$97.64,$94.49,$91.34,$88.19,$85.04,$81.89,$78.74,$75.59,$73.49,$71.39,$69.29,$67.19,$65.09,$62.99,$60.90,$58.80,$56.70,$54.60,$52.50,$50.40,$51.45,$52.50,$53.55,$54.60,$55.65,$56.70,$57.75,$58.80,$59.85,$60.90,$61.95,$62.99,$65.09,$67.19,$69.29,$71.39,$73.49,$107.09,$110.24,$113.39,$116.54,$52.92,$85.67,$125.99,$183.95,$201.58,$182.69
G.Skill Trident Z5 Neo RGB 32 GB,DDR5-6000,2 x 16GB,8.667 ns,26,$16.72,Black / White,0.0,0,,,,,,,,,,,,,,,,,,,,,,,,,,,,,,,,,,,,,,,,,,,,,,,"$1,337.47","$1,337.47","$1,292.89","$1,248.31","$1,203.73","$1,159.14","$1,114.56","$1,069.98","$1,025.40",$980.82,$936.23,$891.65,$847.07,$802.49,$771.28,$740.07,$708.86,$677.65,$646.45,$615.24,$584.03,$552.82,$521.62,$490.41,$459.20,$427.99,$414.62,$401.24,$387.87,$374.49,$361.12,$347.74,$334.37,$320.99,$307.62,$294.24,$280.87,$267.50,$276.41,$285.33,$294.24,$303.16,$312.08,$454.74,$468.12,$481.49,$494.87,$224.70,$363.79,$534.99,$679.44,$636.64,$636.64
Patriot Viper Steel 64 GB,DDR4-3200,2 x 32GB,10 ns,16,$9.17,Gray,5.0,1,$826.68,$831.57,$836.46,$841.35,$846.24,$851.14,$856.03,$860.92,$865.81,$870.70,$875.59,$880.49,$733.74,$704.39,$675.04,$645.69,$616.34,$586.99,$557.64,$528.29,$498.94,$469.59,$440.24,$410.89,$357.09,$361.98,$366.87,$371.76,$376.65,$381.54,$386.44,$391.33,$396.22,$401.11,$406.00,$410.89,$420.68,$430.46,$440.24,$450.03,$459.81,$469.59,$479.38,$489.16,$498.94,$508.72,$518.51,$528.29,$513.62,$498.94,$484.27,$469.59,$454.92,$440.24,$425.57,$410.89,$396.22,$381.54,$366.87,$352.19,$342.41,$332.63,$322.84,$313.06,$303.28,$293.50,$283.71,$273.93,$264.15,$254.36,$244.58,$234.80,$239.69,$244.58,$249.47,$254.36,$259.25,$264.15,$269.04,$273.93,$278.82,$283.71,$288.60,$293.50,$303.28,$313.06,$322.84,$332.63,$342.41,$498.94,$513.62,$528.29,$542.97,$246.54,$399.15,$586.99,$857.01,$939.18,$851.14
Crucial CT8G4DFRA266 8 GB,DDR4-2666,1 x 8GB,14.254 ns,19,$6.00,Green,0.0,0,$67.57,$67.97,$68.37,$68.77,$69.17,$69.57,$69.97,$70.37,$70.77,$71.17,$71.57,$71.97,$59.97,$57.58,$55.18,$52.78,$50.38,$47.98,$45.58,$43.18,$40.78,$38.38,$35.98,$33.59,$29.19,$29.59,$29.99,$30.39,$30.79,$31.19,$31.59,$31.99,$32.39,$32.79,$33.19,$33.59,$34.39,$35.19,$35.98,$36.78,$37.58,$38.38,$39.18,$39.98,$40.78,$41.58,$42.38,$43.18,$41.98,$40.78,$39.58,$38.38,$37.18,$35.98,$34.79,$33.59,$32.39,$31.19,$29.99,$28.79,$27.99,$27.19,$26.39,$25.59,$24.79,$23.99,$23.19,$22.39,$21.59,$20.79,$19.99,$19.19,$19.59,$19.99,$20.39,$20.79,$21.19,$21.59,$21.99,$22.39,$22.79,$23.19,$23.59,$23.99,$24.79,$25.59,$26.39,$27.19,$27.99,$40.78,$41.98,$43.18,$44.38,$20.15,$32.63,$47.98,$70.05,$76.77,$69.57
G.Skill Trident Z5 Royal 32 GB,DDR5-7600,2 x 16GB,9.474 ns,36,$16.88,Silver,0.0,0,,,,,,,,,,,,,,,,,,,,,,,,,,,,,,,,,,,,,,,,,,,,,,,"$1,349.97","$1,349.97","$1,304.98","$1,259.98","$1,214.98","$1,169.98","$1,124.98","$1,079.98","$1,034.98",$989.98,$944.98,$899.98,$854.98,$809.99,$778.49,$746.99,$715.49,$683.99,$652.49,$620.99,$589.49,$557.99,$526.49,$494.99,$463.49,$431.99,$418.49,$404.99,$391.49,$377.99,$364.49,$350.99,$337.49,$323.99,$310.49,$296.99,$283.49,$270.00,$278.99,$287.99,$296.99,$305.99,$314.99,$458.99,$472.49,$485.99,$499.49,$226.80,$367.19,$539.99,$685.79,$642.59,$642.59
Corsair Vengeance RGB 48 GB,DDR5-6000,2 x 24GB,10 ns,30,$12.58,Black / Gray,5.0,1,,,,,,,,,,,,,,,,,,,,,,,,,,,,,,,,,,,,,,,,,,,,,,,"$1,509.97","$1,509.97","$1,459.64","$1,409.31","$1,358.98","$1,308.64","$1,258.31","$1,207.98","$1,157.65","$1,107.32","$1,056.98","$1,006.65",$956.32,$905.99,$870.75,$835.52,$800.29,$765.05,$729.82,$694.59,$659.36,$624.12,$588.89,$553.66,$518.42,$483.19,$468.09,$452.99,$437.89,$422.79,$407.69,$392.59,$377.49,$362.39,$347.29,$332.19,$317.09,$302.00,$312.06,$322.13,$332.19,$342.26,$352.33,$513.39,$528.49,$543.59,$558.69,$253.68,$410.71,$603.99,$767.07,$718.75,$718.75
Corsair Dominator Platinum RGB 32 GB,DDR5-6000,2 x 16GB,10 ns,30,$14.69,Black,5.0,4,,,,,,,,,,,,,,,,,,,,,,,,,,,,,,,,,,,,,,,,,,,,,,,"$1,174.97","$1,174.97","$1,135.81","$1,096.64","$1,057.48","$1,018.31",$979.15,$939.98,$900.81,$861.65,$822.48,$783.32,$744.15,$704.99,$677.57,$650.15,$622.74,$595.32,$567.90,$540.49,$513.07,$485.66,$458.24,$430.82,$403.41,$375.99,$364.24,$352.49,$340.74,$328.99,$317.24,$305.49,$293.74,$281.99,$270.24,$258.49,$246.74,$235.00,$242.83,$250.66,$258.49,$266.33,$274.16,$399.49,$411.24,$422.99,$434.74,$197.40,$319.59,$469.99,$596.89,$559.29,$559.29
Patriot Viper Elite 5 Ultra RGB 96 GB,DDR5-6000,2 x 48GB,9.333 ns,28,$12.50,Black,0.0,0,,,,,,,,,,,,,,,,,,,,,,,,,,,,,,,,,,,,,,,,,,,,,,,"$2,999.97","$2,999.97","$2,899.98","$2,799.98","$2,699.98","$2,599.98","$2,499.98","$2,399.98","$2,299.98","$2,199.98","$2,099.98","$1,999.98","$1,899.98","$1,799.99","$1,729.99","$1,659.99","$1,589.99","$1,519.99","$1,449.99","$1,379.99","$1,309.99","$1,239.99","$1,169.99","$1,099.99","$1,029.99",$959.99,$929.99,$899.99,$869.99,$839.99,$809.99,$779.99,$749.99,$719.99,$689.99,$659.99,$629.99,$600.00,$619.99,$639.99,$659.99,$679.99,$699.99,"$1,019.99","$1,049.99","$1,079.99","$1,109.99",$504.00,$815.99,"$1,199.99","$1,523.99","$1,427.99","$1,427.99"
Corsair Vengeance RGB 32 GB,DDR5-6600,2 x 16GB,9.697 ns,32,$14.31,Black,4.0,2,,,,,,,,,,,,,,,,,,,,,,,,,,,,,,,,,,,,,,,,,,,,,,,"$1,144.97","$1,144.97","$1,106.81","$1,068.64","$1,030.48",$992.31,$954.15,$915.98,$877.81,$839.65,$801.48,$763.32,$725.15,$686.99,$660.27,$633.55,$606.84,$580.12,$553.40,$526.69,$499.97,$473.26,$446.54,$419.82,$393.11,$366.39,$354.94,$343.49,$332.04,$320.59,$309.14,$297.69,$286.24,$274.79,$263.34,$251.89,$240.44,$229.00,$236.63,$244.26,$251.89,$259.53,$267.16,$389.29,$400.74,$412.19,$423.64,$192.36,$311.43,$457.99,$581.65,$545.01,$439.99
Corsair Vengeance LPX 64 GB,DDR4-2400,4 x 16GB,11.667 ns,14,$5.33,Black / Yellow,4.5,3,$480.23,$483.07,$485.91,$488.75,$491.59,$494.44,$497.28,$500.12,$502.96,$505.80,$508.64,$511.49,$426.24,$409.19,$392.14,$375.09,$358.04,$340.99,$323.94,$306.89,$289.84,$272.79,$255.74,$238.69,$207.44,$210.28,$213.12,$215.96,$218.80,$221.64,$224.49,$227.33,$230.17,$233.01,$235.85,$238.69,$244.38,$250.06,$255.74,$261.43,$267.11,$272.79,$278.48,$284.16,$289.84,$295.52,$301.21,$306.89,$298.37,$289.84,$281.32,$272.79,$264.27,$255.74,$247.22,$238.69,$230.17,$221.64,$213.12,$204.59,$198.91,$193.23,$187.54,$181.86,$176.18,$170.50,$164.81,$159.13,$153.45,$147.76,$142.08,$136.40,$139.24,$142.08,$144.92,$147.76,$150.60,$153.45,$156.29,$159.13,$161.97,$164.81,$167.65,$170.50,$176.18,$181.86,$187.54,$193.23,$198.91,$289.84,$298.37,$306.89,$315.42,$143.22,$231.87,$340.99,$497.85,$545.58,$494.44
Corsair Vengeance RGB 64 GB,DDR5-5200,2 x 32GB,15.385 ns,40,$11.72,White / Gray,5.0,1,,,,,,,,,,,,,,,,,,,,,,,,,,,,,,,,,,,,,,,,,,,,,,,"$1,874.97","$1,874.97","$1,812.48","$1,749.98","$1,687.48","$1,624.98","$1,562.48","$1,499.98","$1,437.48","$1,374.98","$1,312.48","$1,249.98","$1,187.48","$1,124.99","$1,081.24","$1,037.49",$993.74,$949.99,$906.24,$862.49,$818.74,$774.99,$731.24,$687.49,$643.74,$599.99,$581.24,$562.49,$543.74,$524.99,$506.24,$487.49,$468.74,$449.99,$431.24,$412.49,$393.74,$375.00,$387.49,$399.99,$412.49,$424.99,$437.49,$637.49,$656.24,$674.99,$693.74,$315.00,$509.99,$749.99,$952.49,$892.49,$892.49
Patriot Viper Elite 5 Ultra 32 GB,DDR5-6400,2 x 16GB,10 ns,32,$14.06,Black,0.0,0,,,,,,,,,,,,,,,,,,,,,,,,,,,,,,,,,,,,,,,,,,,,,,,"$1,124.97","$1,124.97","$1,087.48","$1,049.98","$1,012.48",$974.98,$937.48,$899.98,$862.48,$824.98,$787.48,$749.98,$712.48,$674.99,$648.74,$622.49,$596.24,$569.99,$543.74,$517.49,$491.24,$464.99,$438.74,$412.49,$386.24,$359.99,$348.74,$337.49,$326.24,$314.99,$303.74,$292.49,$281.24,$269.99,$258.74,$247.49,$236.24,$225.00,$232.49,$239.99,$247.49,$254.99,$262.49,$382.49,$393.74,$404.99,$416.24,$189.00,$305.99,$449.99,$571.49,$535.49,$535.49
Crucial CT16G4DFD832A 16 GB,DDR4-3200,1 x 16GB,13.75 ns,22,$7.23,Green / Black,0.0,0,$163.01,$163.98,$164.94,$165.91,$166.87,$167.84,$168.80,$169.77,$170.73,$171.70,$172.66,$173.62,$144.69,$138.90,$133.11,$127.33,$121.54,$115.75,$109.96,$104.18,$98.39,$92.60,$86.81,$81.03,$70.41,$71.38,$72.34,$73.31,$74.27,$75.24,$76.20,$77.17,$78.13,$79.10,$80.06,$81.02,$82.95,$84.88,$86.81,$88.74,$90.67,$92.60,$94.53,$96.46,$98.39,$100.32,$102.25,$104.17,$101.28,$98.39,$95.49,$92.60,$89.71,$86.81,$83.92,$81.03,$78.13,$75.24,$72.34,$69.45,$67.52,$65.59,$63.66,$61.73,$59.80,$57.88,$55.95,$54.02,$52.09,$50.16,$48.23,$46.30,$47.26,$48.23,$49.19,$50.16,$51.12,$52.09,$53.05,$54.02,$54.98,$55.95,$56.91,$57.88,$59.80,$61.73,$63.66,$65.59,$67.52,$98.39,$101.28,$104.17,$107.07,$48.61,$78.71,$115.75,$169.00,$185.20,$167.84
Kingston FURY Impact 16 GB,DDR5-5600,1 x 16GB,14.286 ns,40,$14.38,Black,0.0,0,,,,,,,,,,,,,,,,,,,,,,,,,,,,,,,,,,,,,,,,,,,,,,,$575.17,$575.17,$556.00,$536.83,$517.66,$498.48,$479.31,$460.14,$440.97,$421.80,$402.62,$383.45,$364.28,$345.11,$331.68,$318.26,$304.84,$291.42,$278.00,$264.58,$251.16,$237.74,$224.32,$210.90,$197.48,$184.06,$178.30,$172.55,$166.80,$161.05,$155.30,$149.55,$143.79,$138.04,$132.29,$126.54,$120.79,$115.03,$118.87,$122.70,$126.54,$130.37,$134.21,$195.56,$201.31,$207.06,$212.81,$96.63,$156.45,$230.07,$292.19,$273.78,$273.78
Corsair Vengeance RGB 32 GB,DDR5-5600,2 x 16GB,14.286 ns,40,$12.53,Black / Gray,4.0,3,,,,,,,,,,,,,,,,,,,,,,,,,,,,,,,,,,,,,,,,,,,,,,,"$1,002.48","$1,002.48",$969.06,$935.64,$902.23,$868.81,$835.40,$801.98,$768.56,$735.15,$701.73,$668.32,$634.90,$601.49,$578.09,$554.70,$531.31,$507.92,$484.53,$461.14,$437.75,$414.36,$390.97,$367.57,$344.18,$320.79,$310.77,$300.74,$290.72,$280.69,$270.67,$260.64,$250.62,$240.59,$230.57,$220.54,$210.52,$200.50,$207.18,$213.86,$220.54,$227.23,$233.91,$340.84,$350.87,$360.89,$370.92,$168.42,$272.67,$400.99,$509.26,$477.18,$439.99
TEAMGROUP Xtreem 32 GB,DDR5-8000,2 x 16GB,9.5 ns,38,$15.63,Black,0.0,0,,,,,,,,,,,,,,,,,,,,,,,,,,,,,,,,,,,,,,,,,,,,,,,"$1,249.97","$1,249.97","$1,208.31","$1,166.64","$1,124.98","$1,083.31","$1,041.65",$999.98,$958.31,$916.65,$874.98,$833.32,$791.65,$749.99,$720.82,$691.65,$662.49,$633.32,$604.15,$574.99,$545.82,$516.66,$487.49,$458.32,$429.16,$399.99,$387.49,$374.99,$362.49,$349.99,$337.49,$324.99,$312.49,$299.99,$287.49,$274.99,$262.49,$250.00,$258.33,$266.66,$274.99,$283.33,$291.66,$424.99,$437.49,$449.99,$462.49,$210.00,$339.99,$499.99,$634.99,$594.99,$594.99
TEAMGROUP T-Create Expert 96 GB,DDR5-6800,2 x 48GB,10.588 ns,36,$12.24,Black,0.0,0,,,,,,,,,,,,,,,,,,,,,,,,,,,,,,,,,,,,,,,,,,,,,,,"$2,937.47","$2,937.47","$2,839.56","$2,741.64","$2,643.73","$2,545.81","$2,447.90","$2,349.98","$2,252.06","$2,154.15","$2,056.23","$1,958.32","$1,860.40","$1,762.49","$1,693.94","$1,625.40","$1,556.86","$1,488.32","$1,419.78","$1,351.24","$1,282.70","$1,214.16","$1,145.62","$1,077.07","$1,008.53",$939.99,$910.62,$881.24,$851.87,$822.49,$793.12,$763.74,$734.37,$704.99,$675.62,$646.24,$616.87,$587.50,$607.08,$626.66,$646.24,$665.83,$685.41,$998.74,"$1,028.12","$1,057.49","$1,086.87",$493.50,$798.99,"$1,174.99","$1,492.24","$1,398.24","$1,398.24"
Corsair Dominator Platinum RGB 32 GB,DDR5-6200,2 x 16GB,11.613 ns,36,$13.97,Black,0.0,0,,,,,,,,,,,,,,,,,,,,,,,,,,,,,,,,,,,,,,,,,,,,,,,"$1,117.47","$1,117.47","$1,080.23","$1,042.98","$1,005.73",$968.48,$931.23,$893.98,$856.73,$819.48,$782.23,$744.98,$707.73,$670.49,$644.41,$618.34,$592.26,$566.19,$540.11,$514.04,$487.96,$461.89,$435.82,$409.74,$383.67,$357.59,$346.42,$335.24,$324.07,$312.89,$301.72,$290.54,$279.37,$268.19,$257.02,$245.84,$234.67,$223.50,$230.94,$238.39,$245.84,$253.29,$260.74,$379.94,$391.12,$402.29,$413.47,$187.74,$303.95,$446.99,$567.68,$531.92,$531.92
G.Skill Trident Z5 32 GB,DDR5-5600,2 x 16GB,12.857 ns,36,$12.50,Black,0.0,0,,,,,,,,,,,,,,,,,,,,,,,,,,,,,,,,,,,,,,,,,,,,,,,$999.98,$999.98,$966.64,$933.31,$899.98,$866.64,$833.31,$799.98,$766.65,$733.32,$699.98,$666.65,$633.32,$599.99,$576.65,$553.32,$529.99,$506.65,$483.32,$459.99,$436.66,$413.32,$389.99,$366.66,$343.32,$319.99,$309.99,$299.99,$289.99,$279.99,$269.99,$259.99,$249.99,$239.99,$229.99,$219.99,$209.99,$200.00,$206.66,$213.33,$219.99,$226.66,$233.33,$339.99,$349.99,$359.99,$369.99,$168.00,$271.99,$399.99,$507.99,$475.99,$475.99
G.Skill Aegis 16 GB,DDR4-2666,1 x 16GB,14.254 ns,19,$6.87,Black / Red,5.0,1,$154.90,$155.82,$156.74,$157.65,$158.57,$159.49,$160.40,$161.32,$162.24,$163.15,$164.07,$164.98,$137.49,$131.99,$126.49,$120.99,$115.49,$109.99,$104.49,$98.99,$93.49,$87.99,$82.49,$76.99,$66.91,$67.83,$68.74,$69.66,$70.58,$71.49,$72.41,$73.33,$74.24,$75.16,$76.08,$76.99,$78.83,$80.66,$82.49,$84.33,$86.16,$87.99,$89.83,$91.66,$93.49,$95.32,$97.16,$98.99,$96.24,$93.49,$90.74,$87.99,$85.24,$82.49,$79.74,$76.99,$74.24,$71.49,$68.74,$65.99,$64.16,$62.33,$60.49,$58.66,$56.83,$54.99,$53.16,$51.33,$49.50,$47.66,$45.83,$44.00,$44.91,$45.83,$46.75,$47.66,$48.58,$49.50,$50.41,$51.33,$52.25,$53.16,$54.08,$54.99,$56.83,$58.66,$60.49,$62.33,$64.16,$93.49,$96.24,$98.99,$101.74,$46.20,$74.79,$109.99,$160.59,$175.98,$159.49
Corsair Vengeance RGB RS 16 GB,DDR4-3600,2 x 8GB,10 ns,18,$7.81,Black / Gray,5.0,2,$176.03,$177.07,$178.11,$179.15,$180.19,$181.24,$182.28,$183.32,$184.36,$185.40,$186.44,$187.48,$156.24,$149.99,$143.74,$137.49,$131.24,$124.99,$118.74,$112.49,$106.24,$99.99,$93.74,$87.49,$76.04,$77.08,$78.12,$79.16,$80.20,$81.24,$82.29,$83.33,$84.37,$85.41,$86.45,$87.49,$89.58,$91.66,$93.74,$95.83,$97.91,$99.99,$102.08,$104.16,$106.24,$108.32,$110.41,$112.49,$109.37,$106.24,$103.12,$99.99,$96.87,$93.74,$90.62,$87.49,$84.37,$81.24,$78.12,$74.99,$72.91,$70.83,$68.74,$66.66,$64.58,$62.49,$60.41,$58.33,$56.25,$54.16,$52.08,$50.00,$51.04,$52.08,$53.12,$54.16,$55.20,$56.25,$57.29,$58.33,$59.37,$60.41,$61.45,$62.49,$64.58,$66.66,$68.74,$70.83,$72.91,$106.24,$109.37,$112.49,$115.62,$52.50,$84.99,$124.99,$182.49,$199.98,$181.24
Corsair Vengeance 96 GB,DDR5-5600,4 x 24GB,14.286 ns,40,$11.31,Black / Silver,5.0,1,,,,,,,,,,,,,,,,,,,,,,,,,,,,,,,,,,,,,,,,,,,,,,,"$2,714.97","$2,714.97","$2,624.48","$2,533.98","$2,443.48","$2,352.98","$2,262.48","$2,171.98","$2,081.48","$1,990.98","$1,900.48","$1,809.98","$1,719.48","$1,628.99","$1,565.64","$1,502.29","$1,438.94","$1,375.59","$1,312.24","$1,248.89","$1,185.54","$1,122.19","$1,058.84",$995.49,$932.14,$868.79,$841.64,$814.49,$787.34,$760.19,$733.04,$705.89,$678.74,$651.59,$624.44,$597.29,$570.14,$543.00,$561.09,$579.19,$597.29,$615.39,$633.49,$923.09,$950.24,$977.39,"$1,004.54",$456.12,$738.47,"$1,085.99","$1,379.21","$1,292.33","$1,292.33"
Crucial CT2K4G4DFS824A 8 GB,DDR4-2400,2 x 4GB,14.167 ns,17,$8.47,Green,4.0,5,$95.47,$96.04,$96.60,$97.17,$97.73,$98.30,$98.86,$99.43,$99.99,$100.56,$101.12,$101.69,$84.74,$81.35,$77.96,$74.57,$71.18,$67.79,$64.40,$61.01,$57.62,$54.23,$50.84,$47.45,$41.24,$41.80,$42.37,$42.93,$43.50,$44.06,$44.63,$45.19,$45.76,$46.32,$46.89,$47.45,$48.58,$49.71,$50.84,$51.97,$53.10,$54.23,$55.36,$56.49,$57.62,$58.75,$59.88,$61.01,$59.32,$57.62,$55.93,$54.23,$52.54,$50.84,$49.15,$47.45,$45.76,$44.06,$42.37,$40.67,$39.54,$38.41,$37.28,$36.15,$35.02,$33.90,$32.77,$31.64,$30.51,$29.38,$28.25,$27.12,$27.68,$28.25,$28.81,$29.38,$29.94,$30.51,$31.07,$31.64,$32.20,$32.77,$33.33,$33.90,$35.02,$36.15,$37.28,$38.41,$39.54,$57.62,$59.32,$61.01,$62.71,$28.47,$46.10,$67.79,$98.97,$108.46,$98.30
Samsung M393A4K40CB2-CTD 32 GB,DDR4-2666,1 x 32GB,14.254 ns,19,$4.06,Green / Black,0.0,0,$183.07,$184.15,$185.24,$186.32,$187.40,$188.49,$189.57,$190.65,$191.74,$192.82,$193.90,$194.99,$162.49,$155.99,$149.49,$142.99,$136.49,$129.99,$123.49,$116.99,$110.49,$103.99,$97.49,$90.99,$79.08,$80.16,$81.24,$82.33,$83.41,$84.49,$85.58,$86.66,$87.74,$88.83,$89.91,$90.99,$93.16,$95.33,$97.49,$99.66,$101.83,$103.99,$106.16,$108.33,$110.49,$112.66,$114.82,$116.99,$113.74,$110.49,$107.24,$103.99,$100.74,$97.49,$94.24,$90.99,$87.74,$84.49,$81.24,$77.99,$75.83,$73.66,$71.49,$69.33,$67.16,$65.00,$62.83,$60.66,$58.50,$56.33,$54.16,$52.00,$53.08,$54.16,$55.25,$56.33,$57.41,$58.50,$59.58,$60.66,$61.75,$62.83,$63.91,$65.00,$67.16,$69.33,$71.49,$73.66,$75.83,$110.49,$113.74,$116.99,$120.24,$54.60,$88.39,$129.99,$189.79,$207.98,$188.49
Patriot Viper Elite 5 RGB 32 GB,DDR5-7000,2 x 16GB,10.857 ns,38,$15.63,White,0.0,0,,,,,,,,,,,,,,,,,,,,,,,,,,,,,,,,,,,,,,,,,,,,,,,"$1,249.97","$1,249.97","$1,208.31","$1,166.64","$1,124.98","$1,083.31","$1,041.65",$999.98,$958.31,$916.65,$874.98,$833.32,$791.65,$749.99,$720.82,$691.65,$662.49,$633.32,$604.15,$574.99,$545.82,$516.66,$487.49,$458.32,$429.16,$399.99,$387.49,$374.99,$362.49,$349.99,$337.49,$324.99,$312.49,$299.99,$287.49,$274.99,$262.49,$250.00,$258.33,$266.66,$274.99,$283.33,$291.66,$424.99,$437.49,$449.99,$462.49,$210.00,$339.99,$499.99,$634.99,$594.99,$594.99
Corsair Vengeance 64 GB,DDR5-6000,2 x 32GB,12.667 ns,38,$13.34,Black,0.0,0,,,,,,,,,,,,,,,,,,,,,,,,,,,,,,,,,,,,,,,,,,,,,,,"$2,134.97","$2,134.97","$2,063.81","$1,992.64","$1,921.48","$1,850.31","$1,779.15","$1,707.98","$1,636.81","$1,565.65","$1,494.48","$1,423.32","$1,352.15","$1,280.99","$1,231.17","$1,181.35","$1,131.54","$1,081.72","$1,031.90",$982.09,$932.27,$882.46,$832.64,$782.82,$733.01,$683.19,$661.84,$640.49,$619.14,$597.79,$576.44,$555.09,$533.74,$512.39,$491.04,$469.69,$448.34,$427.00,$441.23,$455.46,$469.69,$483.93,$498.16,$725.89,$747.24,$768.59,$789.94,$358.68,$580.71,$853.99,"$1,084.57","$1,016.25","$1,016.25"
Corsair Vengeance RGB 32 GB,DDR5-7000,2 x 16GB,10.286 ns,36,$14.53,Black,0.0,0,,,,,,,,,,,,,,,,,,,,,,,,,,,,,,,,,,,,,,,,,,,,,,,"$1,162.47","$1,162.47","$1,123.73","$1,084.98","$1,046.23","$1,007.48",$968.73,$929.98,$891.23,$852.48,$813.73,$774.98,$736.23,$697.49,$670.36,$643.24,$616.11,$588.99,$561.86,$534.74,$507.61,$480.49,$453.37,$426.24,$399.12,$371.99,$360.37,$348.74,$337.12,$325.49,$313.87,$302.24,$290.62,$278.99,$267.37,$255.74,$244.12,$232.50,$240.24,$247.99,$255.74,$263.49,$271.24,$395.24,$406.87,$418.49,$430.12,$195.30,$316.19,$464.99,$590.54,$553.34,$439.99
G.Skill Trident Z5 64 GB,DDR5-6000,2 x 32GB,10 ns,30,$22.73,Black,0.0,0,,,,,,,,,,,,,,,,,,,,,,,,,,,,,,,,,,,,,,,,,,,,,,,"$3,637.10","$3,637.10","$3,515.86","$3,394.63","$3,273.39","$3,152.15","$3,030.92","$2,909.68","$2,788.44","$2,667.21","$2,545.97","$2,424.73","$2,303.50","$2,182.26","$2,097.39","$2,012.53","$1,927.66","$1,842.80","$1,757.93","$1,673.07","$1,588.20","$1,503.33","$1,418.47","$1,333.60","$1,248.74","$1,163.87","$1,127.50","$1,091.13","$1,054.76","$1,018.39",$982.02,$945.65,$909.27,$872.90,$836.53,$800.16,$763.79,$727.42,$751.67,$775.91,$800.16,$824.41,$848.66,"$1,236.61","$1,272.98","$1,309.36","$1,345.73",$611.03,$989.29,"$1,454.84","$1,847.65","$1,731.26","$1,731.26"
Corsair Vengeance RGB Pro SL 32 GB,DDR4-3200,4 x 8GB,10 ns,16,$6.78,White / Black,4.5,2,$305.59,$307.40,$309.21,$311.02,$312.83,$314.64,$316.44,$318.25,$320.06,$321.87,$323.68,$325.49,$271.24,$260.39,$249.54,$238.69,$227.84,$216.99,$206.14,$195.29,$184.44,$173.59,$162.74,$151.89,$132.00,$133.81,$135.62,$137.43,$139.24,$141.04,$142.85,$144.66,$146.47,$148.28,$150.08,$151.89,$155.51,$159.13,$162.74,$166.36,$169.98,$173.59,$177.21,$180.82,$184.44,$188.06,$191.67,$195.29,$189.87,$184.44,$179.02,$173.59,$168.17,$162.74,$157.32,$151.89,$146.47,$141.04,$135.62,$130.19,$126.58,$122.96,$119.34,$115.73,$112.11,$108.50,$104.88,$101.26,$97.65,$94.03,$90.41,$86.80,$88.60,$90.41,$92.22,$94.03,$95.84,$97.65,$99.45,$101.26,$103.07,$104.88,$106.69,$108.50,$112.11,$115.73,$119.34,$122.96,$126.58,$184.44,$189.87,$195.29,$200.72,$91.14,$147.55,$216.99,$316.81,$347.18,$314.64
Crucial Ballistix Elite 16 GB,DDR4-2666,2 x 8GB,12.003 ns,16,$11.99,Black,4.0,2,$270.09,$271.69,$273.29,$274.88,$276.48,$278.08,$279.68,$281.28,$282.88,$284.47,$286.07,$287.67,$239.72,$230.14,$220.55,$210.96,$201.37,$191.78,$182.19,$172.60,$163.01,$153.42,$143.84,$134.25,$116.67,$118.26,$119.86,$121.46,$123.06,$124.66,$126.26,$127.85,$129.45,$131.05,$132.65,$134.25,$137.44,$140.64,$143.84,$147.03,$150.23,$153.42,$156.62,$159.82,$163.01,$166.21,$169.41,$172.60,$167.81,$163.01,$158.22,$153.42,$148.63,$143.84,$139.04,$134.25,$129.45,$124.66,$119.86,$115.07,$111.87,$108.68,$105.48,$102.28,$99.09,$95.89,$92.69,$89.50,$86.30,$83.10,$79.91,$76.71,$78.31,$79.91,$81.51,$83.10,$84.70,$86.30,$87.90,$89.50,$91.10,$92.69,$94.29,$95.89,$99.09,$102.28,$105.48,$108.68,$111.87,$163.01,$167.81,$172.60,$177.40,$80.55,$130.41,$191.78,$280.00,$306.85,$278.08
G.Skill Trident Z5 Neo RGB 48 GB,DDR5-6000,2 x 24GB,8.667 ns,26,$13.13,White / Black,0.0,0,,,,,,,,,,,,,,,,,,,,,,,,,,,,,,,,,,,,,,,,,,,,,,,"$1,574.97","$1,574.97","$1,522.48","$1,469.98","$1,417.48","$1,364.98","$1,312.48","$1,259.98","$1,207.48","$1,154.98","$1,102.48","$1,049.98",$997.48,$944.99,$908.24,$871.49,$834.74,$797.99,$761.24,$724.49,$687.74,$650.99,$614.24,$577.49,$540.74,$503.99,$488.24,$472.49,$456.74,$440.99,$425.24,$409.49,$393.74,$377.99,$362.24,$346.49,$330.74,$315.00,$325.49,$335.99,$346.49,$356.99,$367.49,$535.49,$551.24,$566.99,$582.74,$264.60,$428.39,$629.99,$800.09,$749.69,$749.69
Corsair Vengeance RGB 48 GB,DDR5-6000,2 x 24GB,12 ns,36,$11.54,Black / Silver,5.0,1,,,,,,,,,,,,,,,,,,,,,,,,,,,,,,,,,,,,,,,,,,,,,,,"$1,384.97","$1,384.97","$1,338.81","$1,292.64","$1,246.48","$1,200.31","$1,154.15","$1,107.98","$1,061.81","$1,015.65",$969.48,$923.32,$877.15,$830.99,$798.67,$766.35,$734.04,$701.72,$669.40,$637.09,$604.77,$572.46,$540.14,$507.82,$475.51,$443.19,$429.34,$415.49,$401.64,$387.79,$373.94,$360.09,$346.24,$332.39,$318.54,$304.69,$290.84,$277.00,$286.23,$295.46,$304.69,$313.93,$323.16,$470.89,$484.74,$498.59,$512.44,$232.68,$376.71,$553.99,$703.57,$659.25,$659.25
Patriot Viper Elite 5 RGB 16 GB,DDR5-6000,1 x 16GB,14 ns,42,$16.29,White,0.0,0,,,,,,,,,,,,,,,,,,,,,,,,,,,,,,,,,,,,,,,,,,,,,,,$651.42,$651.42,$629.71,$608.00,$586.28,$564.57,$542.85,$521.14,$499.43,$477.71,$456.00,$434.28,$412.57,$390.86,$375.66,$360.46,$345.26,$330.06,$314.86,$299.66,$284.46,$269.26,$254.06,$238.86,$223.66,$208.46,$201.94,$195.43,$188.91,$182.40,$175.88,$169.37,$162.86,$156.34,$149.83,$143.31,$136.80,$130.28,$134.63,$138.97,$143.31,$147.66,$152.00,$221.48,$228.00,$234.51,$241.03,$109.44,$177.19,$260.57,$330.92,$310.08,$310.08
Crucial CT4K16G4DFD824A 64 GB,DDR4-2400,4 x 16GB,14.167 ns,17,$6.17,Green / Black,0.0,0,$556.28,$559.57,$562.86,$566.15,$569.44,$572.74,$576.03,$579.32,$582.61,$585.90,$589.19,$592.49,$493.74,$473.99,$454.24,$434.49,$414.74,$394.99,$375.24,$355.49,$335.74,$315.99,$296.24,$276.49,$240.29,$243.58,$246.87,$250.16,$253.45,$256.74,$260.04,$263.33,$266.62,$269.91,$273.20,$276.49,$283.08,$289.66,$296.24,$302.83,$309.41,$315.99,$322.58,$329.16,$335.74,$342.32,$348.91,$355.49,$345.62,$335.74,$325.87,$315.99,$306.12,$296.24,$286.37,$276.49,$266.62,$256.74,$246.87,$236.99,$230.41,$223.83,$217.24,$210.66,$204.08,$197.50,$190.91,$184.33,$177.75,$171.16,$164.58,$158.00,$161.29,$164.58,$167.87,$171.16,$174.45,$177.75,$181.04,$184.33,$187.62,$190.91,$194.20,$197.50,$204.08,$210.66,$217.24,$223.83,$230.41,$335.74,$345.62,$355.49,$365.37,$165.90,$268.59,$394.99,$576.69,$631.98,$572.74
GeIL EVO SPEAR 16 GB,DDR4-3000,2 x 8GB,10.667 ns,16,$5.56,Black / Orange,5.0,3,$125.34,$126.08,$126.82,$127.57,$128.31,$129.05,$129.79,$130.53,$131.27,$132.02,$132.76,$133.50,$111.25,$106.80,$102.35,$97.90,$93.45,$89.00,$84.55,$80.10,$75.65,$71.20,$66.75,$62.30,$54.14,$54.88,$55.62,$56.37,$57.11,$57.85,$58.59,$59.33,$60.08,$60.82,$61.56,$62.30,$63.78,$65.27,$66.75,$68.23,$69.72,$71.20,$72.68,$74.17,$75.65,$77.13,$78.62,$80.10,$77.88,$75.65,$73.43,$71.20,$68.98,$66.75,$64.52,$62.30,$60.08,$57.85,$55.62,$53.40,$51.92,$50.43,$48.95,$47.47,$45.98,$44.50,$43.02,$41.53,$40.05,$38.57,$37.08,$35.60,$36.34,$37.08,$37.83,$38.57,$39.31,$40.05,$40.79,$41.53,$42.28,$43.02,$43.76,$44.50,$45.98,$47.47,$48.95,$50.43,$51.92,$75.65,$77.88,$80.10,$82.32,$37.38,$60.52,$89.00,$129.94,$142.40,$129.05
G.Skill Trident Z5 RGB 32 GB,DDR5-6000,2 x 16GB,10 ns,30,$14.06,White / Black,5.0,3,,,,,,,,,,,,,,,,,,,,,,,,,,,,,,,,,,,,,,,,,,,,,,,"$1,124.97","$1,124.97","$1,087.48","$1,049.98","$1,012.48",$974.98,$937.48,$899.98,$862.48,$824.98,$787.48,$749.98,$712.48,$674.99,$648.74,$622.49,$596.24,$569.99,$543.74,$517.49,$491.24,$464.99,$438.74,$412.49,$386.24,$359.99,$348.74,$337.49,$326.24,$314.99,$303.74,$292.49,$281.24,$269.99,$258.74,$247.49,$236.24,$225.00,$232.49,$239.99,$247.49,$254.99,$262.49,$382.49,$393.74,$404.99,$416.24,$189.00,$305.99,$449.99,$571.49,$535.49,$535.49
Corsair Vengeance 16 GB,DDR5-4800,2 x 8GB,16.667 ns,40,$12.87,Black / White,0.0,0,,,,,,,,,,,,,,,,,,,,,,,,,,,,,,,,,,,,,,,,,,,,,,,$514.98,$514.98,$497.81,$480.64,$463.48,$446.31,$429.15,$411.98,$394.81,$377.65,$360.48,$343.32,$326.15,$308.99,$296.97,$284.95,$272.94,$260.92,$248.90,$236.89,$224.87,$212.86,$200.84,$188.82,$176.81,$164.79,$159.64,$154.49,$149.34,$144.19,$139.04,$133.89,$128.74,$123.59,$118.44,$113.29,$108.14,$103.00,$106.43,$109.86,$113.29,$116.73,$120.16,$175.09,$180.24,$185.39,$190.54,$86.52,$140.07,$205.99,$261.61,$245.13,$245.13
Corsair Dominator Platinum RGB 64 GB,DDR5-6400,4 x 16GB,10 ns,32,$15.28,Black,0.0,0,,,,,,,,,,,,,,,,,,,,,,,,,,,,,,,,,,,,,,,,,,,,,,,"$2,444.97","$2,444.97","$2,363.48","$2,281.98","$2,200.48","$2,118.98","$2,037.48","$1,955.98","$1,874.48","$1,792.98","$1,711.48","$1,629.98","$1,548.48","$1,466.99","$1,409.94","$1,352.89","$1,295.84","$1,238.79","$1,181.74","$1,124.69","$1,067.64","$1,010.59",$953.54,$896.49,$839.44,$782.39,$757.94,$733.49,$709.04,$684.59,$660.14,$635.69,$611.24,$586.79,$562.34,$537.89,$513.44,$489.00,$505.29,$521.59,$537.89,$554.19,$570.49,$831.29,$855.74,$880.19,$904.64,$410.76,$665.03,$977.99,"$1,242.05","$1,163.81","$1,163.81"
Corsair Vengeance RGB 96 GB,DDR5-6400,2 x 48GB,10 ns,32,$12.25,Black / Silver,5.0,1,,,,,,,,,,,,,,,,,,,,,,,,,,,,,,,,,,,,,,,,,,,,,,,"$2,939.97","$2,939.97","$2,841.98","$2,743.98","$2,645.98","$2,547.98","$2,449.98","$2,351.98","$2,253.98","$2,155.98","$2,057.98","$1,959.98","$1,861.98","$1,763.99","$1,695.39","$1,626.79","$1,558.19","$1,489.59","$1,420.99","$1,352.39","$1,283.79","$1,215.19","$1,146.59","$1,077.99","$1,009.39",$940.79,$911.39,$881.99,$852.59,$823.19,$793.79,$764.39,$734.99,$705.59,$676.19,$646.79,$617.39,$588.00,$607.59,$627.19,$646.79,$666.39,$685.99,$999.59,"$1,028.99","$1,058.39","$1,087.79",$493.92,$799.67,"$1,175.99","$1,493.51","$1,399.43","$1,399.43"
G.Skill Ripjaws M5 RGB 64 GB,DDR5-6400,2 x 32GB,10 ns,32,$14.53,Black,0.0,0,,,,,,,,,,,,,,,,,,,,,,,,,,,,,,,,,,,,,,,,,,,,,,,"$2,324.97","$2,324.97","$2,247.48","$2,169.98","$2,092.48","$2,014.98","$1,937.48","$1,859.98","$1,782.48","$1,704.98","$1,627.48","$1,549.98","$1,472.48","$1,394.99","$1,340.74","$1,286.49","$1,232.24","$1,177.99","$1,123.74","$1,069.49","$1,015.24",$960.99,$906.74,$852.49,$798.24,$743.99,$720.74,$697.49,$674.24,$650.99,$627.74,$604.49,$581.24,$557.99,$534.74,$511.49,$488.24,$465.00,$480.49,$495.99,$511.49,$526.99,$542.49,$790.49,$813.74,$836.99,$860.24,$390.60,$632.39,$929.99,"$1,181.09","$1,106.69","$1,106.69"
V-Color Manta XSky RGB 32 GB,DDR5-6000,2 x 16GB,8.667 ns,26,$17.50,Black,0.0,0,,,,,,,,,,,,,,,,,,,,,,,,,,,,,,,,,,,,,,,,,,,,,,,"$1,399.97","$1,399.97","$1,353.31","$1,306.64","$1,259.98","$1,213.31","$1,166.65","$1,119.98","$1,073.31","$1,026.65",$979.98,$933.32,$886.65,$839.99,$807.32,$774.65,$741.99,$709.32,$676.65,$643.99,$611.32,$578.66,$545.99,$513.32,$480.66,$447.99,$433.99,$419.99,$405.99,$391.99,$377.99,$363.99,$349.99,$335.99,$321.99,$307.99,$293.99,$280.00,$289.33,$298.66,$307.99,$317.33,$326.66,$475.99,$489.99,$503.99,$517.99,$235.20,$380.79,$559.99,$711.19,$666.39,$666.39
TEAMGROUP T-Force Vulcan Z 8 GB,DDR4-3000,1 x 8GB,10.667 ns,16,$6.25,Silver / Black,5.0,1,$70.40,$70.82,$71.24,$71.65,$72.07,$72.49,$72.90,$73.32,$73.74,$74.15,$74.57,$74.98,$62.49,$59.99,$57.49,$54.99,$52.49,$49.99,$47.49,$44.99,$42.49,$39.99,$37.49,$34.99,$30.41,$30.83,$31.24,$31.66,$32.08,$32.49,$32.91,$33.33,$33.74,$34.16,$34.58,$34.99,$35.83,$36.66,$37.49,$38.33,$39.16,$39.99,$40.83,$41.66,$42.49,$43.32,$44.16,$44.99,$43.74,$42.49,$41.24,$39.99,$38.74,$37.49,$36.24,$34.99,$33.74,$32.49,$31.24,$29.99,$29.16,$28.33,$27.49,$26.66,$25.83,$25.00,$24.16,$23.33,$22.50,$21.66,$20.83,$20.00,$20.41,$20.83,$21.25,$21.66,$22.08,$22.50,$22.91,$23.33,$23.75,$24.16,$24.58,$25.00,$25.83,$26.66,$27.49,$28.33,$29.16,$42.49,$43.74,$44.99,$46.24,$21.00,$33.99,$49.99,$72.99,$79.98,$72.49
Corsair Vengeance 64 GB,DDR5-4400,2 x 32GB,16.364 ns,36,$11.58,Black / Gray,0.0,0,,,,,,,,,,,,,,,,,,,,,,,,,,,,,,,,,,,,,,,,,,,,,,,"$1,852.47","$1,852.47","$1,790.73","$1,728.98","$1,667.23","$1,605.48","$1,543.73","$1,481.98","$1,420.23","$1,358.48","$1,296.73","$1,234.98","$1,173.23","$1,111.49","$1,068.26","$1,025.04",$981.81,$938.59,$895.36,$852.14,$808.91,$765.69,$722.47,$679.24,$636.02,$592.79,$574.27,$555.74,$537.22,$518.69,$500.17,$481.64,$463.12,$444.59,$426.07,$407.54,$389.02,$370.50,$382.84,$395.19,$407.54,$419.89,$432.24,$629.84,$648.37,$666.89,$685.42,$311.22,$503.87,$740.99,$941.06,$881.78,$881.78
Silicon Power XPOWER Turbine 32 GB,DDR4-3200,2 x 16GB,10 ns,16,$6.56,Blue,0.0,0,$295.45,$297.20,$298.95,$300.70,$302.45,$304.20,$305.94,$307.69,$309.44,$311.19,$312.94,$314.69,$262.24,$251.75,$241.26,$230.77,$220.28,$209.79,$199.30,$188.81,$178.32,$167.83,$157.34,$146.85,$127.62,$129.37,$131.12,$132.87,$134.62,$136.36,$138.11,$139.86,$141.61,$143.36,$145.10,$146.85,$150.35,$153.85,$157.34,$160.84,$164.34,$167.83,$171.33,$174.82,$178.32,$181.82,$185.31,$188.81,$183.57,$178.32,$173.08,$167.83,$162.59,$157.34,$152.10,$146.85,$141.61,$136.36,$131.12,$125.87,$122.38,$118.88,$115.38,$111.89,$108.39,$104.89,$101.40,$97.90,$94.41,$90.91,$87.41,$83.92,$85.66,$87.41,$89.16,$90.91,$92.66,$94.41,$96.15,$97.90,$99.65,$101.40,$103.15,$104.89,$108.39,$111.89,$115.38,$118.88,$122.38,$178.32,$183.57,$188.81,$194.06,$88.11,$142.66,$209.79,$306.29,$335.66,$304.20
G.Skill Flare X5 32 GB,DDR5-6400,2 x 16GB,10 ns,32,$15.00,Black,0.0,0,,,,,,,,,,,,,,,,,,,,,,,,,,,,,,,,,,,,,,,,,,,,,,,"$1,199.97","$1,199.97","$1,159.98","$1,119.98","$1,079.98","$1,039.98",$999.98,$959.98,$919.98,$879.98,$839.98,$799.98,$759.98,$719.99,$691.99,$663.99,$635.99,$607.99,$579.99,$551.99,$523.99,$495.99,$467.99,$439.99,$411.99,$383.99,$371.99,$359.99,$347.99,$335.99,$323.99,$311.99,$299.99,$287.99,$275.99,$263.99,$251.99,$240.00,$247.99,$255.99,$263.99,$271.99,$279.99,$407.99,$419.99,$431.99,$443.99,$201.60,$326.39,$479.99,$609.59,$571.19,$449.99
Crucial CT8G4DFS832A 8 GB,DDR4-3200,1 x 8GB,13.75 ns,22,$7.50,Green / Black,5.0,1,$84.49,$84.99,$85.49,$85.99,$86.49,$86.99,$87.49,$87.99,$88.49,$88.99,$89.49,$89.98,$74.99,$71.99,$68.99,$65.99,$62.99,$59.99,$56.99,$53.99,$50.99,$47.99,$44.99,$41.99,$36.49,$36.99,$37.49,$37.99,$38.49,$38.99,$39.49,$39.99,$40.49,$40.99,$41.49,$41.99,$42.99,$43.99,$44.99,$45.99,$46.99,$47.99,$48.99,$49.99,$50.99,$51.99,$52.99,$53.99,$52.49,$50.99,$49.49,$47.99,$46.49,$44.99,$43.49,$41.99,$40.49,$38.99,$37.49,$35.99,$34.99,$33.99,$32.99,$31.99,$30.99,$30.00,$29.00,$28.00,$27.00,$26.00,$25.00,$24.00,$24.50,$25.00,$25.50,$26.00,$26.50,$27.00,$27.50,$28.00,$28.50,$29.00,$29.50,$30.00,$30.99,$31.99,$32.99,$33.99,$34.99,$50.99,$52.49,$53.99,$55.49,$25.20,$40.79,$59.99,$87.59,$95.98,$86.99
Corsair Dominator Platinum RGB 32 GB,DDR5-6000,2 x 16GB,12 ns,36,$14.53,White,5.0,1,,,,,,,,,,,,,,,,,,,,,,,,,,,,,,,,,,,,,,,,,,,,,,,"$1,162.47","$1,162.47","$1,123.73","$1,084.98","$1,046.23","$1,007.48",$968.73,$929.98,$891.23,$852.48,$813.73,$774.98,$736.23,$697.49,$670.36,$643.24,$616.11,$588.99,$561.86,$534.74,$507.61,$480.49,$453.37,$426.24,$399.12,$371.99,$360.37,$348.74,$337.12,$325.49,$313.87,$302.24,$290.62,$278.99,$267.37,$255.74,$244.12,$232.50,$240.24,$247.99,$255.74,$263.49,$271.24,$395.24,$406.87,$418.49,$430.12,$195.30,$316.19,$464.99,$590.54,$553.34,$553.34
Patriot Viper Venom 32 GB,DDR5-5200,1 x 32GB,13.846 ns,36,$10.19,Black / White,0.0,0,,,,,,,,,,,,,,,,,,,,,,,,,,,,,,,,,,,,,,,,,,,,,,,$814.98,$814.98,$787.81,$760.64,$733.48,$706.31,$679.15,$651.98,$624.81,$597.65,$570.48,$543.32,$516.15,$488.99,$469.97,$450.95,$431.94,$412.92,$393.90,$374.89,$355.87,$336.86,$317.84,$298.82,$279.81,$260.79,$252.64,$244.49,$236.34,$228.19,$220.04,$211.89,$203.74,$195.59,$187.44,$179.29,$171.14,$163.00,$168.43,$173.86,$179.29,$184.73,$190.16,$277.09,$285.24,$293.39,$301.54,$136.92,$221.67,$325.99,$414.01,$387.93,$387.93
G.Skill Ripjaws S5 32 GB,DDR5-6000,2 x 16GB,10.667 ns,32,$13.84,White,0.0,0,,,,,,,,,,,,,,,,,,,,,,,,,,,,,,,,,,,,,,,,,,,,,,,"$1,107.47","$1,107.47","$1,070.56","$1,033.64",$996.73,$959.81,$922.90,$885.98,$849.06,$812.15,$775.23,$738.32,$701.40,$664.49,$638.64,$612.80,$586.96,$561.12,$535.28,$509.44,$483.60,$457.76,$431.92,$406.07,$380.23,$354.39,$343.32,$332.24,$321.17,$310.09,$299.02,$287.94,$276.87,$265.79,$254.72,$243.64,$232.57,$221.50,$228.88,$236.26,$243.64,$251.03,$258.41,$376.54,$387.62,$398.69,$409.77,$186.06,$301.23,$442.99,$562.60,$527.16,$527.16
Corsair Vengeance 64 GB,DDR5-6400,4 x 16GB,10 ns,32,$14.17,Black / Gray,0.0,0,,,,,,,,,,,,,,,,,,,,,,,,,,,,,,,,,,,,,,,,,,,,,,,"$2,267.47","$2,267.47","$2,191.89","$2,116.31","$2,040.73","$1,965.14","$1,889.56","$1,813.98","$1,738.40","$1,662.82","$1,587.23","$1,511.65","$1,436.07","$1,360.49","$1,307.58","$1,254.67","$1,201.76","$1,148.85","$1,095.95","$1,043.04",$990.13,$937.22,$884.32,$831.41,$778.50,$725.59,$702.92,$680.24,$657.57,$634.89,$612.22,$589.54,$566.87,$544.19,$521.52,$498.84,$476.17,$453.50,$468.61,$483.73,$498.84,$513.96,$529.08,$770.94,$793.62,$816.29,$838.97,$380.94,$616.75,$906.99,"$1,151.88","$1,079.32","$1,079.32"
TEAMGROUP T-Create Master 64 GB,DDR5-6800,4 x 16GB,10 ns,34,,Black,0.0,0,,,,,,,,,,,,,,,,,,,,,,,,,,,,,,,,,,,,,,,,,,,,,,,"$1,274.97","$1,274.97","$1,232.48","$1,189.98","$1,147.48","$1,104.98","$1,062.48","$1,019.98",$977.48,$934.98,$892.48,$849.98,$807.48,$764.99,$735.24,$705.49,$675.74,$645.99,$616.24,$586.49,$556.74,$526.99,$497.24,$467.49,$437.74,$407.99,$395.24,$382.49,$369.74,$356.99,$344.24,$331.49,$318.74,$305.99,$293.24,$280.49,$267.74,$255.00,$263.49,$271.99,$280.49,$288.99,$297.49,$433.49,$446.24,$458.99,$471.74,$214.20,$346.79,$509.99,$647.69,$606.89,$606.89
TEAMGROUP T-Force Delta RGB 64 GB,DDR5-6000,2 x 32GB,12.667 ns,38,$11.88,White,0.0,0,,,,,,,,,,,,,,,,,,,,,,,,,,,,,,,,,,,,,,,,,,,,,,,"$1,899.97","$1,899.97","$1,836.64","$1,773.31","$1,709.98","$1,646.64","$1,583.31","$1,519.98","$1,456.65","$1,393.32","$1,329.98","$1,266.65","$1,203.32","$1,139.99","$1,095.65","$1,051.32","$1,006.99",$962.65,$918.32,$873.99,$829.66,$785.32,$740.99,$696.66,$652.32,$607.99,$588.99,$569.99,$550.99,$531.99,$512.99,$493.99,$474.99,$455.99,$436.99,$417.99,$398.99,$380.00,$392.66,$405.33,$417.99,$430.66,$443.33,$645.99,$664.99,$683.99,$702.99,$319.20,$516.79,$759.99,$965.19,$904.39,$904.39
G.Skill Trident Z5 RGB 64 GB,DDR5-6000,2 x 32GB,10.667 ns,32,$13.75,Black,0.0,0,,,,,,,,,,,,,,,,,,,,,,,,,,,,,,,,,,,,,,,,,,,,,,,"$2,199.97","$2,199.97","$2,126.64","$2,053.31","$1,979.98","$1,906.64","$1,833.31","$1,759.98","$1,686.65","$1,613.32","$1,539.98","$1,466.65","$1,393.32","$1,319.99","$1,268.65","$1,217.32","$1,165.99","$1,114.65","$1,063.32","$1,011.99",$960.66,$909.32,$857.99,$806.66,$755.32,$703.99,$681.99,$659.99,$637.99,$615.99,$593.99,$571.99,$549.99,$527.99,$505.99,$483.99,$461.99,$440.00,$454.66,$469.33,$483.99,$498.66,$513.33,$747.99,$769.99,$791.99,$813.99,$369.60,$598.39,$879.99,"$1,117.59","$1,047.19","$1,047.19"
Corsair Vengeance RGB 32 GB,DDR5-5200,2 x 16GB,15.385 ns,40,$12.53,Black,0.0,0,,,,,,,,,,,,,,,,,,,,,,,,,,,,,,,,,,,,,,,,,,,,,,,"$1,002.48","$1,002.48",$969.06,$935.64,$902.23,$868.81,$835.40,$801.98,$768.56,$735.15,$701.73,$668.32,$634.90,$601.49,$578.09,$554.70,$531.31,$507.92,$484.53,$461.14,$437.75,$414.36,$390.97,$367.57,$344.18,$320.79,$310.77,$300.74,$290.72,$280.69,$270.67,$260.64,$250.62,$240.59,$230.57,$220.54,$210.52,$200.50,$207.18,$213.86,$220.54,$227.23,$233.91,$340.84,$350.87,$360.89,$370.92,$168.42,$272.67,$400.99,$509.26,$477.18,$439.99
Corsair Vengeance RGB Pro 16 GB,DDR4-3600,2 x 8GB,10 ns,18,$7.94,White,4.5,7,$178.84,$179.90,$180.96,$182.02,$183.08,$184.14,$185.19,$186.25,$187.31,$188.37,$189.43,$190.48,$158.74,$152.39,$146.04,$139.69,$133.34,$126.99,$120.64,$114.29,$107.94,$101.59,$95.24,$88.89,$77.25,$78.31,$79.37,$80.43,$81.49,$82.54,$83.60,$84.66,$85.72,$86.78,$87.83,$88.89,$91.01,$93.13,$95.24,$97.36,$99.48,$101.59,$103.71,$105.82,$107.94,$110.06,$112.17,$114.29,$111.12,$107.94,$104.77,$101.59,$98.42,$95.24,$92.07,$88.89,$85.72,$82.54,$79.37,$76.19,$74.08,$71.96,$69.84,$67.73,$65.61,$63.49,$61.38,$59.26,$57.15,$55.03,$52.91,$50.80,$51.85,$52.91,$53.97,$55.03,$56.09,$57.15,$58.20,$59.26,$60.32,$61.38,$62.44,$63.49,$65.61,$67.73,$69.84,$71.96,$74.08,$107.94,$111.12,$114.29,$117.47,$53.34,$86.35,$126.99,$185.41,$203.18,$184.14
Kingston FURY Renegade Pro 64 GB,DDR5-4800,4 x 16GB,15 ns,36,,Black,0.0,0,,,,,,,,,,,,,,,,,,,,,,,,,,,,,,,,,,,,,,,,,,,,,,,"$2,499.97","$2,499.97","$2,416.64","$2,333.31","$2,249.98","$2,166.64","$2,083.31","$1,999.98","$1,916.65","$1,833.32","$1,749.98","$1,666.65","$1,583.32","$1,499.99","$1,441.65","$1,383.32","$1,324.99","$1,266.65","$1,208.32","$1,149.99","$1,091.66","$1,033.32",$974.99,$916.66,$858.32,$799.99,$774.99,$749.99,$724.99,$699.99,$674.99,$649.99,$624.99,$599.99,$574.99,$549.99,$524.99,$500.00,$516.66,$533.33,$549.99,$566.66,$583.33,$849.99,$874.99,$899.99,$924.99,$420.00,$679.99,$999.99,"$1,269.99","$1,189.99","$1,189.99"
Kingston Fury Renegade RGB 96 GB,DDR5-6000,2 x 48GB,10.667 ns,32,,Silver / Black,0.0,0,,,,,,,,,,,,,,,,,,,,,,,,,,,,,,,,,,,,,,,,,,,,,,,"$1,874.97","$1,874.97","$1,812.48","$1,749.98","$1,687.48","$1,624.98","$1,562.48","$1,499.98","$1,437.48","$1,374.98","$1,312.48","$1,249.98","$1,187.48","$1,124.99","$1,081.24","$1,037.49",$993.74,$949.99,$906.24,$862.49,$818.74,$774.99,$731.24,$687.49,$643.74,$599.99,$581.24,$562.49,$543.74,$524.99,$506.24,$487.49,$468.74,$449.99,$431.24,$412.49,$393.74,$375.00,$387.49,$399.99,$412.49,$424.99,$437.49,$637.49,$656.24,$674.99,$693.74,$315.00,$509.99,$749.99,$952.49,$892.49,$892.49
Corsair Vengeance 32 GB,DDR5-5600,2 x 16GB,14.286 ns,40,$12.22,Black / Gray,4.0,1,,,,,,,,,,,,,,,,,,,,,,,,,,,,,,,,,,,,,,,,,,,,,,,$977.48,$977.48,$944.89,$912.31,$879.73,$847.14,$814.56,$781.98,$749.40,$716.82,$684.23,$651.65,$619.07,$586.49,$563.68,$540.87,$518.06,$495.25,$472.45,$449.64,$426.83,$404.02,$381.22,$358.41,$335.60,$312.79,$303.02,$293.24,$283.47,$273.69,$263.92,$254.14,$244.37,$234.59,$224.82,$215.04,$205.27,$195.50,$202.01,$208.53,$215.04,$221.56,$228.08,$332.34,$342.12,$351.89,$361.67,$164.22,$265.87,$390.99,$496.56,$465.28,$465.28
G.Skill Aegis 16 GB,DDR4-2400,2 x 8GB,14.167 ns,17,$7.50,Black / Red,0.0,0,$168.93,$169.93,$170.93,$171.93,$172.93,$173.93,$174.93,$175.93,$176.93,$177.93,$178.93,$179.93,$149.94,$143.94,$137.94,$131.95,$125.95,$119.95,$113.95,$107.96,$101.96,$95.96,$89.96,$83.97,$72.97,$73.97,$74.97,$75.97,$76.97,$77.97,$78.97,$79.97,$80.97,$81.97,$82.97,$83.97,$85.96,$87.96,$89.96,$91.96,$93.96,$95.96,$97.96,$99.96,$101.96,$103.96,$105.96,$107.95,$104.96,$101.96,$98.96,$95.96,$92.96,$89.96,$86.96,$83.97,$80.97,$77.97,$74.97,$71.97,$69.97,$67.97,$65.97,$63.97,$61.97,$59.98,$57.98,$55.98,$53.98,$51.98,$49.98,$47.98,$48.98,$49.98,$50.98,$51.98,$52.98,$53.98,$54.98,$55.98,$56.98,$57.98,$58.98,$59.98,$61.97,$63.97,$65.97,$67.97,$69.97,$101.96,$104.96,$107.95,$110.95,$50.38,$81.57,$119.95,$175.13,$191.92,$173.93
Corsair Vengeance 96 GB,DDR5-6000,4 x 24GB,10 ns,30,$12.46,Black,0.0,0,,,,,,,,,,,,,,,,,,,,,,,,,,,,,,,,,,,,,,,,,,,,,,,"$2,989.97","$2,989.97","$2,890.31","$2,790.64","$2,690.98","$2,591.31","$2,491.65","$2,391.98","$2,292.31","$2,192.65","$2,092.98","$1,993.32","$1,893.65","$1,793.99","$1,724.22","$1,654.45","$1,584.69","$1,514.92","$1,445.15","$1,375.39","$1,305.62","$1,235.86","$1,166.09","$1,096.32","$1,026.56",$956.79,$926.89,$896.99,$867.09,$837.19,$807.29,$777.39,$747.49,$717.59,$687.69,$657.79,$627.89,$598.00,$617.93,$637.86,$657.79,$677.73,$697.66,"$1,016.59","$1,046.49","$1,076.39","$1,106.29",$502.32,$813.27,"$1,195.99","$1,518.91","$1,423.23","$1,423.23"
Corsair Vengeance RGB 96 GB,DDR5-6000,4 x 24GB,13.333 ns,40,$11.41,Black,0.0,0,,,,,,,,,,,,,,,,,,,,,,,,,,,,,,,,,,,,,,,,,,,,,,,"$2,737.47","$2,737.47","$2,646.23","$2,554.98","$2,463.73","$2,372.48","$2,281.23","$2,189.98","$2,098.73","$2,007.48","$1,916.23","$1,824.98","$1,733.73","$1,642.49","$1,578.61","$1,514.74","$1,450.86","$1,386.99","$1,323.11","$1,259.24","$1,195.36","$1,131.49","$1,067.62","$1,003.74",$939.87,$875.99,$848.62,$821.24,$793.87,$766.49,$739.12,$711.74,$684.37,$656.99,$629.62,$602.24,$574.87,$547.50,$565.74,$583.99,$602.24,$620.49,$638.74,$930.74,$958.12,$985.49,"$1,012.87",$459.90,$744.59,"$1,094.99","$1,390.64","$1,303.04","$1,303.04"
Patriot Viper Xtreme 5 RGB 32 GB,DDR5-8000,2 x 16GB,9.5 ns,38,$16.41,Black,0.0,0,,,,,,,,,,,,,,,,,,,,,,,,,,,,,,,,,,,,,,,,,,,,,,,"$1,312.47","$1,312.47","$1,268.73","$1,224.98","$1,181.23","$1,137.48","$1,093.73","$1,049.98","$1,006.23",$962.48,$918.73,$874.98,$831.23,$787.49,$756.86,$726.24,$695.61,$664.99,$634.36,$603.74,$573.11,$542.49,$511.87,$481.24,$450.62,$419.99,$406.87,$393.74,$380.62,$367.49,$354.37,$341.24,$328.12,$314.99,$301.87,$288.74,$275.62,$262.50,$271.24,$279.99,$288.74,$297.49,$306.24,$446.24,$459.37,$472.49,$485.62,$220.50,$356.99,$524.99,$666.74,$624.74,$624.74
G.Skill Aegis 5 16 GB,DDR5-5200,1 x 16GB,15.385 ns,40,$34.69,Black / Red,0.0,0,,,,,,,,,,,,,,,,,,,,,,,,,,,,,,,,,,,,,,,,,,,,,,,"$1,387.47","$1,387.47","$1,341.23","$1,294.98","$1,248.73","$1,202.48","$1,156.23","$1,109.98","$1,063.73","$1,017.48",$971.23,$924.98,$878.73,$832.49,$800.11,$767.74,$735.36,$702.99,$670.61,$638.24,$605.86,$573.49,$541.12,$508.74,$476.37,$443.99,$430.12,$416.24,$402.37,$388.49,$374.62,$360.74,$346.87,$332.99,$319.12,$305.24,$291.37,$277.50,$286.74,$295.99,$305.24,$314.49,$323.74,$471.74,$485.62,$499.49,$513.37,$233.10,$377.39,$554.99,$704.84,$660.44,$660.44
G.Skill Trident Z5 Royal 32 GB,DDR5-7200,2 x 16GB,9.444 ns,34,$17.19,Gold,5.0,1,,,,,,,,,,,,,,,,,,,,,,,,,,,,,,,,,,,,,,,,,,,,,,,"$1,374.97","$1,374.97","$1,329.14","$1,283.31","$1,237.48","$1,191.64","$1,145.81","$1,099.98","$1,054.15","$1,008.32",$962.48,$916.65,$870.82,$824.99,$792.90,$760.82,$728.74,$696.65,$664.57,$632.49,$600.41,$568.32,$536.24,$504.16,$472.07,$439.99,$426.24,$412.49,$398.74,$384.99,$371.24,$357.49,$343.74,$329.99,$316.24,$302.49,$288.74,$275.00,$284.16,$293.33,$302.49,$311.66,$320.83,$467.49,$481.24,$494.99,$508.74,$231.00,$373.99,$549.99,$698.49,$654.49,$654.49
TEAMGROUP Elite 16 GB,DDR4-3200,1 x 16GB,13.75 ns,22,$7.87,Black,0.0,0,$177.44,$178.49,$179.54,$180.59,$181.64,$182.69,$183.74,$184.79,$185.84,$186.89,$187.94,$188.98,$157.49,$151.19,$144.89,$138.59,$132.29,$125.99,$119.69,$113.39,$107.09,$100.79,$94.49,$88.19,$76.64,$77.69,$78.74,$79.79,$80.84,$81.89,$82.94,$83.99,$85.04,$86.09,$87.14,$88.19,$90.29,$92.39,$94.49,$96.59,$98.69,$100.79,$102.89,$104.99,$107.09,$109.19,$111.29,$113.39,$110.24,$107.09,$103.94,$100.79,$97.64,$94.49,$91.34,$88.19,$85.04,$81.89,$78.74,$75.59,$73.49,$71.39,$69.29,$67.19,$65.09,$62.99,$60.90,$58.80,$56.70,$54.60,$52.50,$50.40,$51.45,$52.50,$53.55,$54.60,$55.65,$56.70,$57.75,$58.80,$59.85,$60.90,$61.95,$62.99,$65.09,$67.19,$69.29,$71.39,$73.49,$107.09,$110.24,$113.39,$116.54,$52.92,$85.67,$125.99,$183.95,$201.58,$182.69
Crucial CT8G4DFS8213 8 GB,DDR4-2133,1 x 8GB,14.065 ns,15,$7.47,Black / Green,4.5,21,$84.20,$84.70,$85.20,$85.70,$86.20,$86.70,$87.19,$87.69,$88.19,$88.69,$89.19,$89.69,$74.74,$71.75,$68.76,$65.77,$62.78,$59.79,$56.80,$53.81,$50.82,$47.83,$44.84,$41.85,$36.37,$36.87,$37.37,$37.87,$38.37,$38.86,$39.36,$39.86,$40.36,$40.86,$41.35,$41.85,$42.85,$43.85,$44.84,$45.84,$46.84,$47.83,$48.83,$49.82,$50.82,$51.82,$52.81,$53.81,$52.32,$50.82,$49.33,$47.83,$46.34,$44.84,$43.35,$41.85,$40.36,$38.86,$37.37,$35.87,$34.88,$33.88,$32.88,$31.89,$30.89,$29.89,$28.90,$27.90,$26.91,$25.91,$24.91,$23.92,$24.41,$24.91,$25.41,$25.91,$26.41,$26.91,$27.40,$27.90,$28.40,$28.90,$29.40,$29.89,$30.89,$31.89,$32.88,$33.88,$34.88,$50.82,$52.32,$53.81,$55.31,$25.11,$40.66,$59.79,$87.29,$95.66,$86.70
Crucial CT16G48C40S5 16 GB,DDR5-4800,1 x 16GB,16.667 ns,40,$8.62,Black,0.0,0,,,,,,,,,,,,,,,,,,,,,,,,,,,,,,,,,,,,,,,,,,,,,,,$344.98,$344.98,$333.48,$321.98,$310.48,$298.98,$287.48,$275.98,$264.48,$252.98,$241.48,$229.98,$218.48,$206.99,$198.94,$190.89,$182.84,$174.79,$166.74,$158.69,$150.64,$142.59,$134.54,$126.49,$118.44,$110.39,$106.94,$103.49,$100.04,$96.59,$93.14,$89.69,$86.24,$82.79,$79.34,$75.89,$72.44,$69.00,$71.29,$73.59,$75.89,$78.19,$80.49,$117.29,$120.74,$124.19,$127.64,$57.96,$93.83,$137.99,$175.25,$164.21,$164.21
Silicon Power XPOWER Storm RGB 32 GB,DDR5-6000,2 x 16GB,12 ns,36,$14.25,White,0.0,0,,,,,,,,,,,,,,,,,,,,,,,,,,,,,,,,,,,,,,,,,,,,,,,"$1,139.93","$1,139.93","$1,101.93","$1,063.93","$1,025.93",$987.93,$949.94,$911.94,$873.94,$835.95,$797.95,$759.95,$721.95,$683.96,$657.36,$630.76,$604.16,$577.56,$550.96,$524.37,$497.77,$471.17,$444.57,$417.97,$391.37,$364.78,$353.38,$341.98,$330.58,$319.18,$307.78,$296.38,$284.98,$273.58,$262.18,$250.78,$239.38,$227.99,$235.58,$243.18,$250.78,$258.38,$265.98,$387.57,$398.97,$410.37,$421.77,$191.51,$310.06,$455.97,$579.08,$542.60,$542.60
Crucial Ballistix Sport LT 8 GB,DDR4-2400,1 x 8GB,13.333 ns,16,$13.63,Silver,4.5,50,$153.51,$154.42,$155.32,$156.23,$157.14,$158.05,$158.96,$159.87,$160.77,$161.68,$162.59,$163.50,$136.25,$130.80,$125.35,$119.90,$114.45,$109.00,$103.55,$98.10,$92.65,$87.20,$81.75,$76.30,$66.31,$67.22,$68.12,$69.03,$69.94,$70.85,$71.76,$72.67,$73.58,$74.48,$75.39,$76.30,$78.12,$79.93,$81.75,$83.57,$85.38,$87.20,$89.02,$90.83,$92.65,$94.47,$96.28,$98.10,$95.38,$92.65,$89.93,$87.20,$84.48,$81.75,$79.02,$76.30,$73.58,$70.85,$68.12,$65.40,$63.58,$61.77,$59.95,$58.13,$56.32,$54.50,$52.68,$50.87,$49.05,$47.23,$45.42,$43.60,$44.51,$45.42,$46.33,$47.23,$48.14,$49.05,$49.96,$50.87,$51.78,$52.68,$53.59,$54.50,$56.32,$58.13,$59.95,$61.77,$63.58,$92.65,$95.38,$98.10,$100.82,$45.78,$74.12,$109.00,$159.14,$174.40,$158.05
Corsair Vengeance RGB 96 GB,DDR5-6400,4 x 24GB,10 ns,32,$12.56,Black / Gray,0.0,0,,,,,,,,,,,,,,,,,,,,,,,,,,,,,,,,,,,,,,,,,,,,,,,"$3,014.97","$3,014.97","$2,914.48","$2,813.98","$2,713.48","$2,612.98","$2,512.48","$2,411.98","$2,311.48","$2,210.98","$2,110.48","$2,009.98","$1,909.48","$1,808.99","$1,738.64","$1,668.29","$1,597.94","$1,527.59","$1,457.24","$1,386.89","$1,316.54","$1,246.19","$1,175.84","$1,105.49","$1,035.14",$964.79,$934.64,$904.49,$874.34,$844.19,$814.04,$783.89,$753.74,$723.59,$693.44,$663.29,$633.14,$603.00,$623.09,$643.19,$663.29,$683.39,$703.49,"$1,025.09","$1,055.24","$1,085.39","$1,115.54",$506.52,$820.07,"$1,205.99","$1,531.61","$1,435.13","$1,435.13"
TEAMGROUP T-Create Expert 32 GB,DDR5-7200,2 x 16GB,9.444 ns,34,$14.84,White,0.0,0,,,,,,,,,,,,,,,,,,,,,,,,,,,,,,,,,,,,,,,,,,,,,,,"$1,187.47","$1,187.47","$1,147.89","$1,108.31","$1,068.73","$1,029.14",$989.56,$949.98,$910.40,$870.82,$831.23,$791.65,$752.07,$712.49,$684.78,$657.07,$629.36,$601.65,$573.95,$546.24,$518.53,$490.82,$463.12,$435.41,$407.70,$379.99,$368.12,$356.24,$344.37,$332.49,$320.62,$308.74,$296.87,$284.99,$273.12,$261.24,$249.37,$237.50,$245.41,$253.33,$261.24,$269.16,$277.08,$403.74,$415.62,$427.49,$439.37,$199.50,$322.99,$474.99,$603.24,$565.24,$565.24
Corsair Vengeance 64 GB,DDR5-6000,2 x 32GB,13.333 ns,40,$12.19,Gray,5.0,3,,,,,,,,,,,,,,,,,,,,,,,,,,,,,,,,,,,,,,,,,,,,,,,"$1,949.97","$1,949.97","$1,884.98","$1,819.98","$1,754.98","$1,689.98","$1,624.98","$1,559.98","$1,494.98","$1,429.98","$1,364.98","$1,299.98","$1,234.98","$1,169.99","$1,124.49","$1,078.99","$1,033.49",$987.99,$942.49,$896.99,$851.49,$805.99,$760.49,$714.99,$669.49,$623.99,$604.49,$584.99,$565.49,$545.99,$526.49,$506.99,$487.49,$467.99,$448.49,$428.99,$409.49,$390.00,$402.99,$415.99,$428.99,$441.99,$454.99,$662.99,$682.49,$701.99,$721.49,$327.60,$530.39,$779.99,$990.59,$928.19,$928.19
G.Skill Trident Z5 Neo RGB 64 GB,DDR5-6000,2 x 32GB,12 ns,36,$11.72,Black / White,0.0,0,,,,,,,,,,,,,,,,,,,,,,,,,,,,,,,,,,,,,,,,,,,,,,,"$1,874.97","$1,874.97","$1,812.48","$1,749.98","$1,687.48","$1,624.98","$1,562.48","$1,499.98","$1,437.48","$1,374.98","$1,312.48","$1,249.98","$1,187.48","$1,124.99","$1,081.24","$1,037.49",$993.74,$949.99,$906.24,$862.49,$818.74,$774.99,$731.24,$687.49,$643.74,$599.99,$581.24,$562.49,$543.74,$524.99,$506.24,$487.49,$468.74,$449.99,$431.24,$412.49,$393.74,$375.00,$387.49,$399.99,$412.49,$424.99,$437.49,$637.49,$656.24,$674.99,$693.74,$315.00,$509.99,$749.99,$952.49,$892.49,$892.49
Corsair Vengeance LPX 8 GB,DDR4-2400,1 x 8GB,11.667 ns,14,$7.37,Black / Yellow,4.5,8,$83.06,$83.55,$84.05,$84.54,$85.03,$85.52,$86.01,$86.50,$87.00,$87.49,$87.98,$88.47,$73.72,$70.78,$67.83,$64.88,$61.93,$58.98,$56.03,$53.08,$50.13,$47.18,$44.24,$41.29,$35.88,$36.37,$36.86,$37.35,$37.85,$38.34,$38.83,$39.32,$39.81,$40.30,$40.79,$41.29,$42.27,$43.25,$44.23,$45.22,$46.20,$47.18,$48.17,$49.15,$50.13,$51.12,$52.10,$53.08,$51.61,$50.13,$48.66,$47.18,$45.71,$44.23,$42.76,$41.29,$39.81,$38.34,$36.86,$35.39,$34.40,$33.42,$32.44,$31.46,$30.47,$29.49,$28.51,$27.52,$26.54,$25.56,$24.57,$23.59,$24.08,$24.57,$25.07,$25.56,$26.05,$26.54,$27.03,$27.52,$28.02,$28.51,$29.00,$29.49,$30.47,$31.46,$32.44,$33.42,$34.41,$50.13,$51.61,$53.08,$54.56,$24.77,$40.11,$58.98,$86.11,$94.37,$85.52
G.Skill Trident Z5 RGB 32 GB,DDR5-6800,2 x 16GB,10 ns,34,$15.00,Black / Silver,0.0,0,,,,,,,,,,,,,,,,,,,,,,,,,,,,,,,,,,,,,,,,,,,,,,,"$1,199.97","$1,199.97","$1,159.98","$1,119.98","$1,079.98","$1,039.98",$999.98,$959.98,$919.98,$879.98,$839.98,$799.98,$759.98,$719.99,$691.99,$663.99,$635.99,$607.99,$579.99,$551.99,$523.99,$495.99,$467.99,$439.99,$411.99,$383.99,$371.99,$359.99,$347.99,$335.99,$323.99,$311.99,$299.99,$287.99,$275.99,$263.99,$251.99,$240.00,$247.99,$255.99,$263.99,$271.99,$279.99,$407.99,$419.99,$431.99,$443.99,$201.60,$326.39,$479.99,$609.59,$571.19,$571.19
Kingston KCP426NS6/4 4 GB,DDR4-2666,1 x 4GB,14.254 ns,19,$7.45,Green / Black,0.0,0,$41.94,$42.19,$42.44,$42.68,$42.93,$43.18,$43.43,$43.68,$43.93,$44.17,$44.42,$44.67,$37.23,$35.74,$34.25,$32.76,$31.27,$29.78,$28.29,$26.80,$25.31,$23.82,$22.34,$20.85,$18.12,$18.36,$18.61,$18.86,$19.11,$19.36,$19.61,$19.85,$20.10,$20.35,$20.60,$20.85,$21.34,$21.84,$22.34,$22.83,$23.33,$23.82,$24.32,$24.82,$25.31,$25.81,$26.31,$26.80,$26.06,$25.31,$24.57,$23.82,$23.08,$22.34,$21.59,$20.85,$20.10,$19.36,$18.61,$17.87,$17.37,$16.88,$16.38,$15.88,$15.39,$14.89,$14.39,$13.90,$13.40,$12.90,$12.41,$11.91,$12.16,$12.41,$12.66,$12.90,$13.15,$13.40,$13.65,$13.90,$14.15,$14.39,$14.64,$14.89,$15.39,$15.88,$16.38,$16.88,$17.37,$25.31,$26.06,$26.80,$27.55,$12.51,$20.25,$29.78,$43.48,$47.65,$43.18
Thermaltake TOUGHRAM RGB 16 GB,DDR4-3600,2 x 8GB,10 ns,18,$15.00,Black / Silver,4.5,4,$338.10,$340.10,$342.10,$344.10,$346.10,$348.10,$350.10,$352.10,$354.10,$356.10,$358.10,$360.11,$300.09,$288.08,$276.08,$264.08,$252.07,$240.07,$228.07,$216.06,$204.06,$192.06,$180.05,$168.05,$146.04,$148.04,$150.04,$152.04,$154.04,$156.05,$158.05,$160.05,$162.05,$164.05,$166.05,$168.05,$172.05,$176.05,$180.05,$184.05,$188.05,$192.06,$196.06,$200.06,$204.06,$208.06,$212.06,$216.06,$210.06,$204.06,$198.06,$192.06,$186.05,$180.05,$174.05,$168.05,$162.05,$156.05,$150.04,$144.04,$140.04,$136.04,$132.04,$128.04,$124.04,$120.03,$116.03,$112.03,$108.03,$104.03,$100.03,$96.03,$98.03,$100.03,$102.03,$104.03,$106.03,$108.03,$110.03,$112.03,$114.03,$116.03,$118.03,$120.03,$124.04,$128.04,$132.04,$136.04,$140.04,$204.06,$210.06,$216.06,$222.06,$100.83,$163.25,$240.07,$350.50,$384.11,$348.10
Crucial CT2K48G56C46S5 96 GB,DDR5-5600,2 x 48GB,16.429 ns,46,$7.93,Black,0.0,0,,,,,,,,,,,,,,,,,,,,,,,,,,,,,,,,,,,,,,,,,,,,,,,"$1,902.47","$1,902.47","$1,839.06","$1,775.64","$1,712.23","$1,648.81","$1,585.40","$1,521.98","$1,458.56","$1,395.15","$1,331.73","$1,268.32","$1,204.90","$1,141.49","$1,097.09","$1,052.70","$1,008.31",$963.92,$919.53,$875.14,$830.75,$786.36,$741.97,$697.57,$653.18,$608.79,$589.77,$570.74,$551.72,$532.69,$513.67,$494.64,$475.62,$456.59,$437.57,$418.54,$399.52,$380.50,$393.18,$405.86,$418.54,$431.23,$443.91,$646.84,$665.87,$684.89,$703.92,$319.62,$517.47,$760.99,$966.46,$905.58,$905.58
Corsair Vengeance 64 GB,DDR5-5600,2 x 32GB,14.286 ns,40,,Black / Gray,5.0,1,,,,,,,,,,,,,,,,,,,,,,,,,,,,,,,,,,,,,,,,,,,,,,,"$1,874.97","$1,874.97","$1,812.48","$1,749.98","$1,687.48","$1,624.98","$1,562.48","$1,499.98","$1,437.48","$1,374.98","$1,312.48","$1,249.98","$1,187.48","$1,124.99","$1,081.24","$1,037.49",$993.74,$949.99,$906.24,$862.49,$818.74,$774.99,$731.24,$687.49,$643.74,$599.99,$581.24,$562.49,$543.74,$524.99,$506.24,$487.49,$468.74,$449.99,$431.24,$412.49,$393.74,$375.00,$387.49,$399.99,$412.49,$424.99,$437.49,$637.49,$656.24,$674.99,$693.74,$315.00,$509.99,$749.99,$952.49,$892.49,$892.49
Corsair Vengeance RGB 96 GB,DDR5-5600,2 x 48GB,14.286 ns,40,$11.25,Black,5.0,1,,,,,,,,,,,,,,,,,,,,,,,,,,,,,,,,,,,,,,,,,,,,,,,"$2,699.97","$2,699.97","$2,609.98","$2,519.98","$2,429.98","$2,339.98","$2,249.98","$2,159.98","$2,069.98","$1,979.98","$1,889.98","$1,799.98","$1,709.98","$1,619.99","$1,556.99","$1,493.99","$1,430.99","$1,367.99","$1,304.99","$1,241.99","$1,178.99","$1,115.99","$1,052.99",$989.99,$926.99,$863.99,$836.99,$809.99,$782.99,$755.99,$728.99,$701.99,$674.99,$647.99,$620.99,$593.99,$566.99,$540.00,$557.99,$575.99,$593.99,$611.99,$629.99,$917.99,$944.99,$971.99,$998.99,$453.60,$734.39,"$1,079.99","$1,371.59","$1,285.19","$1,285.19"
G.Skill Ripjaws M5 RGB 32 GB,DDR5-5200,2 x 16GB,15.385 ns,40,$11.88,Black,0.0,0,,,,,,,,,,,,,,,,,,,,,,,,,,,,,,,,,,,,,,,,,,,,,,,$949.98,$949.98,$918.31,$886.64,$854.98,$823.31,$791.65,$759.98,$728.31,$696.65,$664.98,$633.32,$601.65,$569.99,$547.82,$525.65,$503.49,$481.32,$459.15,$436.99,$414.82,$392.66,$370.49,$348.32,$326.16,$303.99,$294.49,$284.99,$275.49,$265.99,$256.49,$246.99,$237.49,$227.99,$218.49,$208.99,$199.49,$190.00,$196.33,$202.66,$208.99,$215.33,$221.66,$322.99,$332.49,$341.99,$351.49,$159.60,$258.39,$379.99,$482.59,$452.19,$452.19
Samsung M393A4K40CB1-CRC 32 GB,DDR4-2400,1 x 32GB,14.167 ns,17,$5.78,Green / Black,0.0,0,$260.50,$262.04,$263.58,$265.12,$266.67,$268.21,$269.75,$271.29,$272.83,$274.37,$275.91,$277.45,$231.21,$221.96,$212.72,$203.47,$194.22,$184.97,$175.72,$166.47,$157.22,$147.98,$138.73,$129.48,$112.52,$114.06,$115.61,$117.15,$118.69,$120.23,$121.77,$123.31,$124.85,$126.40,$127.94,$129.48,$132.56,$135.64,$138.73,$141.81,$144.89,$147.98,$151.06,$154.14,$157.22,$160.31,$163.39,$166.47,$161.85,$157.22,$152.60,$147.98,$143.35,$138.73,$134.10,$129.48,$124.85,$120.23,$115.61,$110.98,$107.90,$104.82,$101.73,$98.65,$95.57,$92.48,$89.40,$86.32,$83.24,$80.15,$77.07,$73.99,$75.53,$77.07,$78.61,$80.15,$81.70,$83.24,$84.78,$86.32,$87.86,$89.40,$90.94,$92.48,$95.57,$98.65,$101.73,$104.82,$107.90,$157.22,$161.85,$166.47,$171.10,$77.69,$125.78,$184.97,$270.06,$295.95,$268.21
Kingston FURY Impact 8 GB,DDR5-4800,1 x 8GB,15.833 ns,38,$24.45,Black,0.0,0,,,,,,,,,,,,,,,,,,,,,,,,,,,,,,,,,,,,,,,,,,,,,,,$488.95,$488.95,$472.65,$456.35,$440.06,$423.76,$407.46,$391.16,$374.86,$358.56,$342.27,$325.97,$309.67,$293.37,$281.96,$270.55,$259.14,$247.73,$236.33,$224.92,$213.51,$202.10,$190.69,$179.28,$167.87,$156.46,$151.57,$146.69,$141.80,$136.91,$132.02,$127.13,$122.24,$117.35,$112.46,$107.57,$102.68,$97.79,$101.05,$104.31,$107.57,$110.83,$114.09,$166.24,$171.13,$176.02,$180.91,$82.14,$132.99,$195.58,$248.39,$232.74,$232.74
Crucial CT16G4DFRA266 16 GB,DDR4-2666,1 x 16GB,14.254 ns,19,$5.62,Green,0.0,0,$126.74,$127.49,$128.24,$128.99,$129.74,$130.49,$131.24,$131.99,$132.74,$133.49,$134.24,$134.98,$112.49,$107.99,$103.49,$98.99,$94.49,$89.99,$85.49,$80.99,$76.49,$71.99,$67.49,$62.99,$54.74,$55.49,$56.24,$56.99,$57.74,$58.49,$59.24,$59.99,$60.74,$61.49,$62.24,$62.99,$64.49,$65.99,$67.49,$68.99,$70.49,$71.99,$73.49,$74.99,$76.49,$77.99,$79.49,$80.99,$78.74,$76.49,$74.24,$71.99,$69.74,$67.49,$65.24,$62.99,$60.74,$58.49,$56.24,$53.99,$52.49,$50.99,$49.49,$47.99,$46.49,$44.99,$43.50,$42.00,$40.50,$39.00,$37.50,$36.00,$36.75,$37.50,$38.25,$39.00,$39.75,$40.50,$41.25,$42.00,$42.75,$43.50,$44.25,$44.99,$46.49,$47.99,$49.49,$50.99,$52.49,$76.49,$78.74,$80.99,$83.24,$37.80,$61.19,$89.99,$131.39,$143.98,$130.49
Corsair Vengeance RGB Pro SL 32 GB,DDR4-3600,2 x 16GB,10 ns,18,$6.84,Black,5.0,2,$308.41,$310.24,$312.06,$313.89,$315.71,$317.54,$319.36,$321.19,$323.01,$324.84,$326.66,$328.49,$273.74,$262.79,$251.84,$240.89,$229.94,$218.99,$208.04,$197.09,$186.14,$175.19,$164.24,$153.29,$133.22,$135.04,$136.87,$138.69,$140.52,$142.34,$144.17,$145.99,$147.82,$149.64,$151.47,$153.29,$156.94,$160.59,$164.24,$167.89,$171.54,$175.19,$178.84,$182.49,$186.14,$189.79,$193.44,$197.09,$191.62,$186.14,$180.67,$175.19,$169.72,$164.24,$158.77,$153.29,$147.82,$142.34,$136.87,$131.39,$127.74,$124.09,$120.44,$116.79,$113.14,$109.50,$105.85,$102.20,$98.55,$94.90,$91.25,$87.60,$89.42,$91.25,$93.07,$94.90,$96.72,$98.55,$100.37,$102.20,$104.02,$105.85,$107.67,$109.50,$113.14,$116.79,$120.44,$124.09,$127.74,$186.14,$191.62,$197.09,$202.57,$91.98,$148.91,$218.99,$319.73,$350.38,$317.54
G.Skill Trident Z 16 GB,DDR4-4400,2 x 8GB,8.636 ns,19,$11.50,Black,0.0,0,$259.13,$260.67,$262.20,$263.73,$265.27,$266.80,$268.33,$269.87,$271.40,$272.93,$274.47,$276.00,$230.00,$220.80,$211.60,$202.40,$193.20,$184.00,$174.80,$165.60,$156.40,$147.20,$138.00,$128.80,$111.93,$113.47,$115.00,$116.53,$118.07,$119.60,$121.13,$122.67,$124.20,$125.73,$127.27,$128.80,$131.87,$134.93,$138.00,$141.07,$144.13,$147.20,$150.27,$153.33,$156.40,$159.47,$162.53,$165.60,$161.00,$156.40,$151.80,$147.20,$142.60,$138.00,$133.40,$128.80,$124.20,$119.60,$115.00,$110.40,$107.33,$104.27,$101.20,$98.13,$95.07,$92.00,$88.93,$85.87,$82.80,$79.73,$76.67,$73.60,$75.13,$76.67,$78.20,$79.73,$81.27,$82.80,$84.33,$85.87,$87.40,$88.93,$90.47,$92.00,$95.07,$98.13,$101.20,$104.27,$107.33,$156.40,$161.00,$165.60,$170.20,$77.28,$125.12,$184.00,$268.64,$294.40,$266.80
Corsair Vengeance 48 GB,DDR5-7000,2 x 24GB,11.429 ns,40,$12.25,Black,0.0,0,,,,,,,,,,,,,,,,,,,,,,,,,,,,,,,,,,,,,,,,,,,,,,,"$1,469.97","$1,469.97","$1,420.98","$1,371.98","$1,322.98","$1,273.98","$1,224.98","$1,175.98","$1,126.98","$1,077.98","$1,028.98",$979.98,$930.98,$881.99,$847.69,$813.39,$779.09,$744.79,$710.49,$676.19,$641.89,$607.59,$573.29,$538.99,$504.69,$470.39,$455.69,$440.99,$426.29,$411.59,$396.89,$382.19,$367.49,$352.79,$338.09,$323.39,$308.69,$294.00,$303.79,$313.59,$323.39,$333.19,$342.99,$499.79,$514.49,$529.19,$543.89,$246.96,$399.83,$587.99,$746.75,$699.71,$699.71
G.Skill Trident Z5 Neo RGB 64 GB,DDR5-6000,2 x 32GB,9.333 ns,28,$15.00,White / Black,0.0,0,,,,,,,,,,,,,,,,,,,,,,,,,,,,,,,,,,,,,,,,,,,,,,,"$2,399.97","$2,399.97","$2,319.98","$2,239.98","$2,159.98","$2,079.98","$1,999.98","$1,919.98","$1,839.98","$1,759.98","$1,679.98","$1,599.98","$1,519.98","$1,439.99","$1,383.99","$1,327.99","$1,271.99","$1,215.99","$1,159.99","$1,103.99","$1,047.99",$991.99,$935.99,$879.99,$823.99,$767.99,$743.99,$719.99,$695.99,$671.99,$647.99,$623.99,$599.99,$575.99,$551.99,$527.99,$503.99,$480.00,$495.99,$511.99,$527.99,$543.99,$559.99,$815.99,$839.99,$863.99,$887.99,$403.20,$652.79,$959.99,"$1,219.19","$1,142.39","$1,142.39"
Samsung M391A2K43BB1-CRC 16 GB,DDR4-2400,1 x 16GB,14.167 ns,17,$6.70,Green,0.0,0,$150.90,$151.80,$152.69,$153.58,$154.47,$155.37,$156.26,$157.15,$158.05,$158.94,$159.83,$160.73,$133.94,$128.58,$123.22,$117.87,$112.51,$107.15,$101.79,$96.44,$91.08,$85.72,$80.36,$75.01,$65.18,$66.08,$66.97,$67.86,$68.75,$69.65,$70.54,$71.43,$72.33,$73.22,$74.11,$75.00,$76.79,$78.58,$80.36,$82.15,$83.93,$85.72,$87.51,$89.29,$91.08,$92.86,$94.65,$96.44,$93.76,$91.08,$88.40,$85.72,$83.04,$80.36,$77.68,$75.01,$72.33,$69.65,$66.97,$64.29,$62.50,$60.72,$58.93,$57.15,$55.36,$53.58,$51.79,$50.00,$48.22,$46.43,$44.65,$42.86,$43.75,$44.65,$45.54,$46.43,$47.32,$48.22,$49.11,$50.00,$50.90,$51.79,$52.68,$53.58,$55.36,$57.15,$58.93,$60.72,$62.50,$91.08,$93.76,$96.44,$99.11,$45.00,$72.86,$107.15,$156.44,$171.44,$155.37
Corsair Vengeance 48 GB,DDR5-6000,2 x 24GB,10 ns,30,$12.40,White / Gray,5.0,1,,,,,,,,,,,,,,,,,,,,,,,,,,,,,,,,,,,,,,,,,,,,,,,"$1,487.47","$1,487.47","$1,437.89","$1,388.31","$1,338.73","$1,289.14","$1,239.56","$1,189.98","$1,140.40","$1,090.82","$1,041.23",$991.65,$942.07,$892.49,$857.78,$823.07,$788.36,$753.65,$718.95,$684.24,$649.53,$614.82,$580.12,$545.41,$510.70,$475.99,$461.12,$446.24,$431.37,$416.49,$401.62,$386.74,$371.87,$356.99,$342.12,$327.24,$312.37,$297.50,$307.41,$317.33,$327.24,$337.16,$347.08,$505.74,$520.62,$535.49,$550.37,$249.90,$404.59,$594.99,$755.64,$708.04,$708.04
G.Skill Trident Z 32 GB,DDR4-3200,2 x 16GB,10 ns,16,$11.41,Black / White,5.0,7,$514.03,$517.07,$520.11,$523.15,$526.19,$529.24,$532.28,$535.32,$538.36,$541.40,$544.44,$547.49,$456.24,$437.99,$419.74,$401.49,$383.24,$364.99,$346.74,$328.49,$310.24,$291.99,$273.74,$255.49,$222.04,$225.08,$228.12,$231.16,$234.20,$237.24,$240.29,$243.33,$246.37,$249.41,$252.45,$255.49,$261.58,$267.66,$273.74,$279.83,$285.91,$291.99,$298.08,$304.16,$310.24,$316.32,$322.41,$328.49,$319.37,$310.24,$301.12,$291.99,$282.87,$273.74,$264.62,$255.49,$246.37,$237.24,$228.12,$218.99,$212.91,$206.83,$200.74,$194.66,$188.58,$182.50,$176.41,$170.33,$164.25,$158.16,$152.08,$146.00,$149.04,$152.08,$155.12,$158.16,$161.20,$164.25,$167.29,$170.33,$173.37,$176.41,$179.45,$182.50,$188.58,$194.66,$200.74,$206.83,$212.91,$310.24,$319.37,$328.49,$337.62,$153.30,$248.19,$364.99,$532.89,$583.98,$529.24
Patriot Viper Venom 32 GB,DDR5-7400,2 x 16GB,9.73 ns,36,$22.79,Black / White,0.0,0,,,,,,,,,,,,,,,,,,,,,,,,,,,,,,,,,,,,,,,,,,,,,,,"$1,823.22","$1,823.22","$1,762.45","$1,701.68","$1,640.90","$1,580.13","$1,519.35","$1,458.58","$1,397.81","$1,337.03","$1,276.26","$1,215.48","$1,154.71","$1,093.93","$1,051.39","$1,008.85",$966.31,$923.77,$881.23,$838.68,$796.14,$753.60,$711.06,$668.52,$625.97,$583.43,$565.20,$546.97,$528.74,$510.50,$492.27,$474.04,$455.81,$437.57,$419.34,$401.11,$382.88,$364.64,$376.80,$388.95,$401.11,$413.26,$425.42,$619.90,$638.13,$656.36,$674.59,$306.30,$495.92,$729.29,$926.20,$867.86,$867.86
Corsair Vengeance RGB 48 GB,DDR5-7600,2 x 24GB,9.474 ns,36,$12.88,Black,0.0,0,,,,,,,,,,,,,,,,,,,,,,,,,,,,,,,,,,,,,,,,,,,,,,,"$1,544.97","$1,544.97","$1,493.48","$1,441.98","$1,390.48","$1,338.98","$1,287.48","$1,235.98","$1,184.48","$1,132.98","$1,081.48","$1,029.98",$978.48,$926.99,$890.94,$854.89,$818.84,$782.79,$746.74,$710.69,$674.64,$638.59,$602.54,$566.49,$530.44,$494.39,$478.94,$463.49,$448.04,$432.59,$417.14,$401.69,$386.24,$370.79,$355.34,$339.89,$324.44,$309.00,$319.29,$329.59,$339.89,$350.19,$360.49,$525.29,$540.74,$556.19,$571.64,$259.56,$420.23,$617.99,$784.85,$735.41,$735.41
Corsair Vengeance RGB Pro 16 GB,DDR4-3000,2 x 8GB,10 ns,15,$7.50,White,5.0,10,$168.99,$169.99,$170.99,$171.99,$172.99,$173.99,$174.99,$175.99,$176.99,$177.99,$178.99,$179.98,$149.99,$143.99,$137.99,$131.99,$125.99,$119.99,$113.99,$107.99,$101.99,$95.99,$89.99,$83.99,$72.99,$73.99,$74.99,$75.99,$76.99,$77.99,$78.99,$79.99,$80.99,$81.99,$82.99,$83.99,$85.99,$87.99,$89.99,$91.99,$93.99,$95.99,$97.99,$99.99,$101.99,$103.99,$105.99,$107.99,$104.99,$101.99,$98.99,$95.99,$92.99,$89.99,$86.99,$83.99,$80.99,$77.99,$74.99,$71.99,$69.99,$67.99,$65.99,$63.99,$61.99,$59.99,$58.00,$56.00,$54.00,$52.00,$50.00,$48.00,$49.00,$50.00,$51.00,$52.00,$53.00,$54.00,$55.00,$56.00,$57.00,$58.00,$59.00,$59.99,$61.99,$63.99,$65.99,$67.99,$69.99,$101.99,$104.99,$107.99,$110.99,$50.40,$81.59,$119.99,$175.19,$191.98,$173.99
Mushkin Redline 32 GB,DDR5-4800,2 x 16GB,16.667 ns,40,$12.91,Black,0.0,0,,,,,,,,,,,,,,,,,,,,,,,,,,,,,,,,,,,,,,,,,,,,,,,"$1,032.78","$1,032.78",$998.35,$963.92,$929.50,$895.07,$860.65,$826.22,$791.79,$757.37,$722.94,$688.52,$654.09,$619.66,$595.57,$571.47,$547.37,$523.27,$499.17,$475.08,$450.98,$426.88,$402.78,$378.68,$354.59,$330.49,$320.16,$309.83,$299.50,$289.18,$278.85,$268.52,$258.19,$247.87,$237.54,$227.21,$216.88,$206.56,$213.44,$220.33,$227.21,$234.10,$240.98,$351.14,$361.47,$371.80,$382.13,$173.51,$280.91,$413.11,$524.65,$491.60,$491.60
Kingston ValueRAM 8 GB,DDR4-2666,1 x 8GB,14.254 ns,19,$10.18,Green,0.0,0,$114.67,$115.34,$116.02,$116.70,$117.38,$118.06,$118.74,$119.42,$120.09,$120.77,$121.45,$122.13,$101.78,$97.70,$93.63,$89.56,$85.49,$81.42,$77.35,$73.28,$69.21,$65.14,$61.07,$56.99,$49.53,$50.21,$50.89,$51.57,$52.24,$52.92,$53.60,$54.28,$54.96,$55.64,$56.32,$56.99,$58.35,$59.71,$61.06,$62.42,$63.78,$65.14,$66.49,$67.85,$69.21,$70.56,$71.92,$73.28,$71.24,$69.21,$67.17,$65.14,$63.10,$61.06,$59.03,$56.99,$54.96,$52.92,$50.89,$48.85,$47.49,$46.14,$44.78,$43.42,$42.07,$40.71,$39.35,$38.00,$36.64,$35.28,$33.92,$32.57,$33.25,$33.93,$34.60,$35.28,$35.96,$36.64,$37.32,$38.00,$38.67,$39.35,$40.03,$40.71,$42.07,$43.42,$44.78,$46.14,$47.50,$69.21,$71.24,$73.28,$75.31,$34.20,$55.37,$81.42,$118.87,$130.27,$118.06
Corsair Vengeance RGB 64 GB,DDR5-5200,2 x 32GB,15.385 ns,40,$12.42,Gray,0.0,0,,,,,,,,,,,,,,,,,,,,,,,,,,,,,,,,,,,,,,,,,,,,,,,"$1,987.50","$1,987.50","$1,921.25","$1,855.00","$1,788.75","$1,722.50","$1,656.25","$1,590.00","$1,523.75","$1,457.50","$1,391.25","$1,325.00","$1,258.75","$1,192.50","$1,146.12","$1,099.75","$1,053.38","$1,007.00",$960.62,$914.25,$867.88,$821.50,$775.13,$728.75,$682.38,$636.00,$616.12,$596.25,$576.38,$556.50,$536.62,$516.75,$496.88,$477.00,$457.13,$437.25,$417.38,$397.50,$410.75,$424.00,$437.25,$450.50,$463.75,$675.75,$695.62,$715.50,$735.38,$333.90,$540.60,$795.00,"$1,009.65",$946.05,$946.05
Crucial CT32G4DFD832A 32 GB,DDR4-3200,1 x 32GB,13.75 ns,22,$6.84,Green / Black,0.0,0,$308.42,$310.25,$312.07,$313.90,$315.73,$317.55,$319.38,$321.20,$323.02,$324.85,$326.68,$328.50,$273.75,$262.80,$251.85,$240.90,$229.95,$219.00,$208.05,$197.10,$186.15,$175.20,$164.25,$153.30,$133.22,$135.05,$136.88,$138.70,$140.52,$142.35,$144.18,$146.00,$147.83,$149.65,$151.47,$153.30,$156.95,$160.60,$164.25,$167.90,$171.55,$175.20,$178.85,$182.50,$186.15,$189.80,$193.45,$197.10,$191.62,$186.15,$180.68,$175.20,$169.72,$164.25,$158.78,$153.30,$147.83,$142.35,$136.88,$131.40,$127.75,$124.10,$120.45,$116.80,$113.15,$109.50,$105.85,$102.20,$98.55,$94.90,$91.25,$87.60,$89.43,$91.25,$93.08,$94.90,$96.73,$98.55,$100.38,$102.20,$104.03,$105.85,$107.68,$109.50,$113.15,$116.80,$120.45,$124.10,$127.75,$186.15,$191.62,$197.10,$202.57,$91.98,$148.92,$219.00,$319.74,$350.40,$317.55
Patriot Viper Venom 16 GB,DDR5-5600,1 x 16GB,12.857 ns,36,$11.62,Black / White,0.0,0,,,,,,,,,,,,,,,,,,,,,,,,,,,,,,,,,,,,,,,,,,,,,,,$464.98,$464.98,$449.48,$433.98,$418.48,$402.98,$387.48,$371.98,$356.48,$340.98,$325.48,$309.98,$294.48,$278.99,$268.14,$257.29,$246.44,$235.59,$224.74,$213.89,$203.04,$192.19,$181.34,$170.49,$159.64,$148.79,$144.14,$139.49,$134.84,$130.19,$125.54,$120.89,$116.24,$111.59,$106.94,$102.29,$97.64,$93.00,$96.09,$99.19,$102.29,$105.39,$108.49,$158.09,$162.74,$167.39,$172.04,$78.12,$126.47,$185.99,$236.21,$221.33,$221.33
Corsair Dominator Platinum RGB 32 GB,DDR5-7600,2 x 16GB,9.474 ns,36,$15.72,Black,0.0,0,,,,,,,,,,,,,,,,,,,,,,,,,,,,,,,,,,,,,,,,,,,,,,,"$1,257.47","$1,257.47","$1,215.56","$1,173.64","$1,131.73","$1,089.81","$1,047.90","$1,005.98",$964.06,$922.15,$880.23,$838.32,$796.40,$754.49,$725.14,$695.80,$666.46,$637.12,$607.78,$578.44,$549.10,$519.76,$490.42,$461.07,$431.73,$402.39,$389.82,$377.24,$364.67,$352.09,$339.52,$326.94,$314.37,$301.79,$289.22,$276.64,$264.07,$251.50,$259.88,$268.26,$276.64,$285.03,$293.41,$427.54,$440.12,$452.69,$465.27,$211.26,$342.03,$502.99,$638.80,$598.56,$598.56
Crucial CT2K32G48C40S5 64 GB,DDR5-4800,2 x 32GB,16.667 ns,40,$8.70,Black,0.0,0,,,,,,,,,,,,,,,,,,,,,,,,,,,,,,,,,,,,,,,,,,,,,,,"$1,392.47","$1,392.47","$1,346.06","$1,299.64","$1,253.23","$1,206.81","$1,160.40","$1,113.98","$1,067.56","$1,021.15",$974.73,$928.32,$881.90,$835.49,$802.99,$770.50,$738.01,$705.52,$673.03,$640.54,$608.05,$575.56,$543.07,$510.57,$478.08,$445.59,$431.67,$417.74,$403.82,$389.89,$375.97,$362.04,$348.12,$334.19,$320.27,$306.34,$292.42,$278.50,$287.78,$297.06,$306.34,$315.63,$324.91,$473.44,$487.37,$501.29,$515.22,$233.94,$378.75,$556.99,$707.38,$662.82,$662.82
Corsair Vengeance RGB 48 GB,DDR5-6400,2 x 24GB,11.25 ns,36,$12.44,Black,0.0,0,,,,,,,,,,,,,,,,,,,,,,,,,,,,,,,,,,,,,,,,,,,,,,,"$1,492.47","$1,492.47","$1,442.73","$1,392.98","$1,343.23","$1,293.48","$1,243.73","$1,193.98","$1,144.23","$1,094.48","$1,044.73",$994.98,$945.23,$895.49,$860.66,$825.84,$791.01,$756.19,$721.36,$686.54,$651.71,$616.89,$582.07,$547.24,$512.42,$477.59,$462.67,$447.74,$432.82,$417.89,$402.97,$388.04,$373.12,$358.19,$343.27,$328.34,$313.42,$298.50,$308.44,$318.39,$328.34,$338.29,$348.24,$507.44,$522.37,$537.29,$552.22,$250.74,$405.95,$596.99,$758.18,$710.42,$710.42
Corsair Vengeance 32 GB,DDR5-6000,2 x 16GB,12 ns,36,$13.38,Black,0.0,0,,,,,,,,,,,,,,,,,,,,,,,,,,,,,,,,,,,,,,,,,,,,,,,"$1,069.97","$1,069.97","$1,034.31",$998.64,$962.98,$927.31,$891.65,$855.98,$820.31,$784.65,$748.98,$713.32,$677.65,$641.99,$617.02,$592.05,$567.09,$542.12,$517.15,$492.19,$467.22,$442.26,$417.29,$392.32,$367.36,$342.39,$331.69,$320.99,$310.29,$299.59,$288.89,$278.19,$267.49,$256.79,$246.09,$235.39,$224.69,$214.00,$221.13,$228.26,$235.39,$242.53,$249.66,$363.79,$374.49,$385.19,$395.89,$179.76,$291.03,$427.99,$543.55,$509.31,$509.31
TEAMGROUP T-Force Delta RGB 32 GB,DDR5-8000,2 x 16GB,9.5 ns,38,$15.63,Black / Silver,0.0,0,,,,,,,,,,,,,,,,,,,,,,,,,,,,,,,,,,,,,,,,,,,,,,,"$1,249.97","$1,249.97","$1,208.31","$1,166.64","$1,124.98","$1,083.31","$1,041.65",$999.98,$958.31,$916.65,$874.98,$833.32,$791.65,$749.99,$720.82,$691.65,$662.49,$633.32,$604.15,$574.99,$545.82,$516.66,$487.49,$458.32,$429.16,$399.99,$387.49,$374.99,$362.49,$349.99,$337.49,$324.99,$312.49,$299.99,$287.49,$274.99,$262.49,$250.00,$258.33,$266.66,$274.99,$283.33,$291.66,$424.99,$437.49,$449.99,$462.49,$210.00,$339.99,$499.99,$634.99,$594.99,$594.99
Kingston FURY Impact 64 GB,DDR5-5600,2 x 32GB,14.286 ns,40,$9.69,Black,0.0,0,,,,,,,,,,,,,,,,,,,,,,,,,,,,,,,,,,,,,,,,,,,,,,,"$1,549.97","$1,549.97","$1,498.31","$1,446.64","$1,394.98","$1,343.31","$1,291.65","$1,239.98","$1,188.31","$1,136.65","$1,084.98","$1,033.32",$981.65,$929.99,$893.82,$857.65,$821.49,$785.32,$749.15,$712.99,$676.82,$640.66,$604.49,$568.32,$532.16,$495.99,$480.49,$464.99,$449.49,$433.99,$418.49,$402.99,$387.49,$371.99,$356.49,$340.99,$325.49,$310.00,$320.33,$330.66,$340.99,$351.33,$361.66,$526.99,$542.49,$557.99,$573.49,$260.40,$421.59,$619.99,$787.39,$737.79,$737.79
G.Skill Ripjaws V 16 GB,DDR4-4000,2 x 8GB,7.5 ns,15,$9.94,Black,0.0,0,$223.92,$225.25,$226.57,$227.90,$229.22,$230.55,$231.88,$233.20,$234.52,$235.85,$237.18,$238.50,$198.75,$190.80,$182.85,$174.90,$166.95,$159.00,$151.05,$143.10,$135.15,$127.20,$119.25,$111.30,$96.72,$98.05,$99.38,$100.70,$102.02,$103.35,$104.67,$106.00,$107.33,$108.65,$109.97,$111.30,$113.95,$116.60,$119.25,$121.90,$124.55,$127.20,$129.85,$132.50,$135.15,$137.80,$140.45,$143.10,$139.12,$135.15,$131.18,$127.20,$123.23,$119.25,$115.27,$111.30,$107.33,$103.35,$99.38,$95.40,$92.75,$90.10,$87.45,$84.80,$82.15,$79.50,$76.85,$74.20,$71.55,$68.90,$66.25,$63.60,$64.93,$66.25,$67.58,$68.90,$70.23,$71.55,$72.88,$74.20,$75.53,$76.85,$78.18,$79.50,$82.15,$84.80,$87.45,$90.10,$92.75,$135.15,$139.12,$143.10,$147.07,$66.78,$108.12,$159.00,$232.14,$254.40,$129.99
Kingston KTH-PL426/32G 32 GB,DDR4-2666,1 x 32GB,14.254 ns,19,$7.78,Green / Black,0.0,0,$350.67,$352.75,$354.82,$356.90,$358.98,$361.05,$363.12,$365.20,$367.27,$369.35,$371.43,$373.50,$311.25,$298.80,$286.35,$273.90,$261.45,$249.00,$236.55,$224.10,$211.65,$199.20,$186.75,$174.30,$151.47,$153.55,$155.62,$157.70,$159.77,$161.85,$163.93,$166.00,$168.08,$170.15,$172.22,$174.30,$178.45,$182.60,$186.75,$190.90,$195.05,$199.20,$203.35,$207.50,$211.65,$215.80,$219.95,$224.10,$217.88,$211.65,$205.43,$199.20,$192.97,$186.75,$180.53,$174.30,$168.08,$161.85,$155.62,$149.40,$145.25,$141.10,$136.95,$132.80,$128.65,$124.50,$120.35,$116.20,$112.05,$107.90,$103.75,$99.60,$101.68,$103.75,$105.83,$107.90,$109.98,$112.05,$114.13,$116.20,$118.28,$120.35,$122.43,$124.50,$128.65,$132.80,$136.95,$141.10,$145.25,$211.65,$217.88,$224.10,$230.32,$104.58,$169.32,$249.00,$363.54,$398.40,$361.05
Silicon Power XPOWER Pulse Gaming 32 GB,DDR5-6000,2 x 16GB,12 ns,36,$18.81,Black,5.0,1,,,,,,,,,,,,,,,,,,,,,,,,,,,,,,,,,,,,,,,,,,,,,,,"$1,504.50","$1,504.50","$1,454.35","$1,404.20","$1,354.05","$1,303.90","$1,253.75","$1,203.60","$1,153.45","$1,103.30","$1,053.15","$1,003.00",$952.85,$902.70,$867.59,$832.49,$797.38,$762.28,$727.17,$692.07,$656.97,$621.86,$586.75,$551.65,$516.54,$481.44,$466.39,$451.35,$436.31,$421.26,$406.21,$391.17,$376.12,$361.08,$346.04,$330.99,$315.95,$300.90,$310.93,$320.96,$330.99,$341.02,$351.05,$511.53,$526.57,$541.62,$556.66,$252.76,$409.22,$601.80,$764.29,$716.14,$716.14
Patriot Viper Elite II 16 GB,DDR4-3600,2 x 8GB,11.111 ns,20,$10.06,Red / Black,0.0,0,$226.66,$228.00,$229.34,$230.68,$232.02,$233.36,$234.70,$236.05,$237.39,$238.73,$240.07,$241.41,$201.18,$193.13,$185.08,$177.03,$168.99,$160.94,$152.89,$144.85,$136.80,$128.75,$120.71,$112.66,$97.91,$99.25,$100.59,$101.93,$103.27,$104.61,$105.95,$107.29,$108.63,$109.98,$111.32,$112.66,$115.34,$118.02,$120.70,$123.39,$126.07,$128.75,$131.43,$134.12,$136.80,$139.48,$142.16,$144.85,$140.82,$136.80,$132.78,$128.75,$124.73,$120.70,$116.68,$112.66,$108.63,$104.61,$100.59,$96.56,$93.88,$91.20,$88.52,$85.83,$83.15,$80.47,$77.79,$75.11,$72.42,$69.74,$67.06,$64.38,$65.72,$67.06,$68.40,$69.74,$71.08,$72.42,$73.76,$75.11,$76.45,$77.79,$79.13,$80.47,$83.15,$85.83,$88.52,$91.20,$93.88,$136.80,$140.82,$144.85,$148.87,$67.59,$109.44,$160.94,$234.97,$257.50,$233.36
G.Skill Trident Z5 RGB 48 GB,DDR5-8000,2 x 24GB,10 ns,40,$11.46,White / Black,0.0,0,,,,,,,,,,,,,,,,,,,,,,,,,,,,,,,,,,,,,,,,,,,,,,,"$1,374.97","$1,374.97","$1,329.14","$1,283.31","$1,237.48","$1,191.64","$1,145.81","$1,099.98","$1,054.15","$1,008.32",$962.48,$916.65,$870.82,$824.99,$792.90,$760.82,$728.74,$696.65,$664.57,$632.49,$600.41,$568.32,$536.24,$504.16,$472.07,$439.99,$426.24,$412.49,$398.74,$384.99,$371.24,$357.49,$343.74,$329.99,$316.24,$302.49,$288.74,$275.00,$284.16,$293.33,$302.49,$311.66,$320.83,$467.49,$481.24,$494.99,$508.74,$231.00,$373.99,$549.99,$698.49,$654.49,$654.49
G.Skill Trident Z5 Neo RGB 32 GB,DDR5-6000,2 x 16GB,9.333 ns,28,$15.94,Black,0.0,0,,,,,,,,,,,,,,,,,,,,,,,,,,,,,,,,,,,,,,,,,,,,,,,"$1,274.97","$1,274.97","$1,232.48","$1,189.98","$1,147.48","$1,104.98","$1,062.48","$1,019.98",$977.48,$934.98,$892.48,$849.98,$807.48,$764.99,$735.24,$705.49,$675.74,$645.99,$616.24,$586.49,$556.74,$526.99,$497.24,$467.49,$437.74,$407.99,$395.24,$382.49,$369.74,$356.99,$344.24,$331.49,$318.74,$305.99,$293.24,$280.49,$267.74,$255.00,$263.49,$271.99,$280.49,$288.99,$297.49,$433.49,$446.24,$458.99,$471.74,$214.20,$346.79,$509.99,$647.69,$606.89,$606.89
Kingston ValueRAM 16 GB,DDR4-2133,2 x 8GB,14.065 ns,15,$8.12,Black / Green,0.0,0,$183.07,$184.15,$185.24,$186.32,$187.40,$188.49,$189.57,$190.65,$191.74,$192.82,$193.90,$194.99,$162.49,$155.99,$149.49,$142.99,$136.49,$129.99,$123.49,$116.99,$110.49,$103.99,$97.49,$90.99,$79.08,$80.16,$81.24,$82.33,$83.41,$84.49,$85.58,$86.66,$87.74,$88.83,$89.91,$90.99,$93.16,$95.33,$97.49,$99.66,$101.83,$103.99,$106.16,$108.33,$110.49,$112.66,$114.82,$116.99,$113.74,$110.49,$107.24,$103.99,$100.74,$97.49,$94.24,$90.99,$87.74,$84.49,$81.24,$77.99,$75.83,$73.66,$71.49,$69.33,$67.16,$65.00,$62.83,$60.66,$58.50,$56.33,$54.16,$52.00,$53.08,$54.16,$55.25,$56.33,$57.41,$58.50,$59.58,$60.66,$61.75,$62.83,$63.91,$65.00,$67.16,$69.33,$71.49,$73.66,$75.83,$110.49,$113.74,$116.99,$120.24,$54.60,$88.39,$129.99,$189.79,$207.98,$188.49
Corsair Vengeance 96 GB,DDR5-5200,2 x 48GB,14.615 ns,38,$11.15,Black,5.0,1,,,,,,,,,,,,,,,,,,,,,,,,,,,,,,,,,,,,,,,,,,,,,,,"$2,674.97","$2,674.97","$2,585.81","$2,496.64","$2,407.48","$2,318.31","$2,229.15","$2,139.98","$2,050.81","$1,961.65","$1,872.48","$1,783.32","$1,694.15","$1,604.99","$1,542.57","$1,480.15","$1,417.74","$1,355.32","$1,292.90","$1,230.49","$1,168.07","$1,105.66","$1,043.24",$980.82,$918.41,$855.99,$829.24,$802.49,$775.74,$748.99,$722.24,$695.49,$668.74,$641.99,$615.24,$588.49,$561.74,$535.00,$552.83,$570.66,$588.49,$606.33,$624.16,$909.49,$936.24,$962.99,$989.74,$449.40,$727.59,"$1,069.99","$1,358.89","$1,273.29","$1,273.29"
Kingston FURY Renegade Pro 32 GB,DDR5-5600,1 x 32GB,12.857 ns,36,,Black,0.0,0,,,,,,,,,,,,,,,,,,,,,,,,,,,,,,,,,,,,,,,,,,,,,,,"$1,249.97","$1,249.97","$1,208.31","$1,166.64","$1,124.98","$1,083.31","$1,041.65",$999.98,$958.31,$916.65,$874.98,$833.32,$791.65,$749.99,$720.82,$691.65,$662.49,$633.32,$604.15,$574.99,$545.82,$516.66,$487.49,$458.32,$429.16,$399.99,$387.49,$374.99,$362.49,$349.99,$337.49,$324.99,$312.49,$299.99,$287.49,$274.99,$262.49,$250.00,$258.33,$266.66,$274.99,$283.33,$291.66,$424.99,$437.49,$449.99,$462.49,$210.00,$339.99,$499.99,$634.99,$594.99,$594.99
G.Skill Ripjaws M5 RGB 64 GB,DDR5-6000,2 x 32GB,10 ns,30,$13.91,Black,0.0,0,,,,,,,,,,,,,,,,,,,,,,,,,,,,,,,,,,,,,,,,,,,,,,,"$2,224.97","$2,224.97","$2,150.81","$2,076.64","$2,002.48","$1,928.31","$1,854.15","$1,779.98","$1,705.81","$1,631.65","$1,557.48","$1,483.32","$1,409.15","$1,334.99","$1,283.07","$1,231.15","$1,179.24","$1,127.32","$1,075.40","$1,023.49",$971.57,$919.66,$867.74,$815.82,$763.91,$711.99,$689.74,$667.49,$645.24,$622.99,$600.74,$578.49,$556.24,$533.99,$511.74,$489.49,$467.24,$445.00,$459.83,$474.66,$489.49,$504.33,$519.16,$756.49,$778.74,$800.99,$823.24,$373.80,$605.19,$889.99,"$1,130.29","$1,059.09","$1,059.09"
Silicon Power XPOWER Turbine RGB 32 GB,DDR4-3200,2 x 16GB,10 ns,16,$6.84,Silver / Black,4.5,3,$308.13,$309.95,$311.78,$313.60,$315.42,$317.25,$319.07,$320.89,$322.72,$324.54,$326.36,$328.19,$273.49,$262.55,$251.61,$240.67,$229.73,$218.79,$207.85,$196.91,$185.97,$175.03,$164.09,$153.15,$133.10,$134.92,$136.74,$138.57,$140.39,$142.21,$144.04,$145.86,$147.68,$149.51,$151.33,$153.15,$156.80,$160.45,$164.09,$167.74,$171.39,$175.03,$178.68,$182.32,$185.97,$189.62,$193.26,$196.91,$191.44,$185.97,$180.50,$175.03,$169.56,$164.09,$158.62,$153.15,$147.68,$142.21,$136.74,$131.27,$127.63,$123.98,$120.33,$116.69,$113.04,$109.39,$105.75,$102.10,$98.46,$94.81,$91.16,$87.52,$89.34,$91.16,$92.99,$94.81,$96.63,$98.46,$100.28,$102.10,$103.93,$105.75,$107.57,$109.39,$113.04,$116.69,$120.33,$123.98,$127.63,$185.97,$191.44,$196.91,$202.38,$91.89,$148.78,$218.79,$319.43,$350.06,$317.25
Corsair Vengeance RGB 48 GB,DDR5-7200,2 x 24GB,10 ns,36,$12.77,Black,0.0,0,,,,,,,,,,,,,,,,,,,,,,,,,,,,,,,,,,,,,,,,,,,,,,,"$1,532.47","$1,532.47","$1,481.39","$1,430.31","$1,379.23","$1,328.14","$1,277.06","$1,225.98","$1,174.90","$1,123.82","$1,072.73","$1,021.65",$970.57,$919.49,$883.73,$847.97,$812.21,$776.45,$740.70,$704.94,$669.18,$633.42,$597.67,$561.91,$526.15,$490.39,$475.07,$459.74,$444.42,$429.09,$413.77,$398.44,$383.12,$367.79,$352.47,$337.14,$321.82,$306.50,$316.71,$326.93,$337.14,$347.36,$357.58,$521.04,$536.37,$551.69,$567.02,$257.46,$416.83,$612.99,$778.50,$729.46,$729.46
TEAMGROUP T-Force Delta RGB 48 GB,DDR5-8000,2 x 24GB,9.5 ns,38,$11.67,Black,0.0,0,,,,,,,,,,,,,,,,,,,,,,,,,,,,,,,,,,,,,,,,,,,,,,,"$1,399.97","$1,399.97","$1,353.31","$1,306.64","$1,259.98","$1,213.31","$1,166.65","$1,119.98","$1,073.31","$1,026.65",$979.98,$933.32,$886.65,$839.99,$807.32,$774.65,$741.99,$709.32,$676.65,$643.99,$611.32,$578.66,$545.99,$513.32,$480.66,$447.99,$433.99,$419.99,$405.99,$391.99,$377.99,$363.99,$349.99,$335.99,$321.99,$307.99,$293.99,$280.00,$289.33,$298.66,$307.99,$317.33,$326.66,$475.99,$489.99,$503.99,$517.99,$235.20,$380.79,$559.99,$711.19,$666.39,$666.39
G.Skill Flare X5 256 GB,DDR5-6000,4 x 64GB,11.333 ns,34,$11.02,Black,0.0,0,,,,,,,,,,,,,,,,,,,,,,,,,,,,,,,,,,,,,,,,,,,,,,,"$7,049.97","$7,049.97","$6,814.98","$6,579.98","$6,344.98","$6,109.98","$5,874.98","$5,639.98","$5,404.98","$5,169.98","$4,934.98","$4,699.98","$4,464.98","$4,229.98","$4,065.49","$3,900.99","$3,736.49","$3,571.99","$3,407.49","$3,242.99","$3,078.49","$2,913.99","$2,749.49","$2,584.99","$2,420.49","$2,255.99","$2,185.49","$2,114.99","$2,044.49","$1,973.99","$1,903.49","$1,832.99","$1,762.49","$1,691.99","$1,621.49","$1,550.99","$1,480.49","$1,409.99","$1,456.99","$1,503.99","$1,550.99","$1,597.99","$1,644.99","$2,396.99","$2,467.49","$2,537.99","$2,608.49","$1,184.40","$1,917.59","$2,819.99","$3,581.39","$3,355.79","$3,355.79"
PNY MN64GK2D43200-TB 64 GB,DDR4-3200,2 x 32GB,13.75 ns,22,$6.02,Black,0.0,0,$542.19,$545.40,$548.61,$551.82,$555.03,$558.24,$561.44,$564.65,$567.86,$571.07,$574.28,$577.49,$481.24,$461.99,$442.74,$423.49,$404.24,$384.99,$365.74,$346.49,$327.24,$307.99,$288.74,$269.49,$234.20,$237.41,$240.62,$243.83,$247.04,$250.24,$253.45,$256.66,$259.87,$263.08,$266.28,$269.49,$275.91,$282.33,$288.74,$295.16,$301.58,$307.99,$314.41,$320.82,$327.24,$333.66,$340.07,$346.49,$336.87,$327.24,$317.62,$307.99,$298.37,$288.74,$279.12,$269.49,$259.87,$250.24,$240.62,$230.99,$224.58,$218.16,$211.74,$205.33,$198.91,$192.50,$186.08,$179.66,$173.25,$166.83,$160.41,$154.00,$157.20,$160.41,$163.62,$166.83,$170.04,$173.25,$176.45,$179.66,$182.87,$186.08,$189.29,$192.50,$198.91,$205.33,$211.74,$218.16,$224.58,$327.24,$336.87,$346.49,$356.12,$161.70,$261.79,$384.99,$562.09,$615.98,$558.24
Silicon Power XPOWER Pulse Gaming 64 GB,DDR5-6000,2 x 32GB,12.667 ns,38,$11.72,Black,0.0,0,,,,,,,,,,,,,,,,,,,,,,,,,,,,,,,,,,,,,,,,,,,,,,,"$1,874.97","$1,874.97","$1,812.48","$1,749.98","$1,687.48","$1,624.98","$1,562.48","$1,499.98","$1,437.48","$1,374.98","$1,312.48","$1,249.98","$1,187.48","$1,124.99","$1,081.24","$1,037.49",$993.74,$949.99,$906.24,$862.49,$818.74,$774.99,$731.24,$687.49,$643.74,$599.99,$581.24,$562.49,$543.74,$524.99,$506.24,$487.49,$468.74,$449.99,$431.24,$412.49,$393.74,$375.00,$387.49,$399.99,$412.49,$424.99,$437.49,$637.49,$656.24,$674.99,$693.74,$315.00,$509.99,$749.99,$952.49,$892.49,$892.49
Kingston ValueRAM 16 GB,DDR4-2666,1 x 16GB,14.254 ns,19,$6.24,Green,3.0,1,$140.54,$141.37,$142.20,$143.03,$143.86,$144.70,$145.53,$146.36,$147.19,$148.02,$148.85,$149.69,$124.74,$119.75,$114.76,$109.77,$104.78,$99.79,$94.80,$89.81,$84.82,$79.83,$74.84,$69.85,$60.71,$61.54,$62.37,$63.20,$64.03,$64.86,$65.70,$66.53,$67.36,$68.19,$69.02,$69.85,$71.52,$73.18,$74.84,$76.51,$78.17,$79.83,$81.50,$83.16,$84.82,$86.48,$88.15,$89.81,$87.32,$84.82,$82.33,$79.83,$77.34,$74.84,$72.35,$69.85,$67.36,$64.86,$62.37,$59.87,$58.21,$56.55,$54.88,$53.22,$51.56,$49.90,$48.23,$46.57,$44.91,$43.24,$41.58,$39.92,$40.75,$41.58,$42.41,$43.24,$44.07,$44.91,$45.74,$46.57,$47.40,$48.23,$49.06,$49.90,$51.56,$53.22,$54.88,$56.55,$58.21,$84.82,$87.32,$89.81,$92.31,$41.91,$67.86,$99.79,$145.69,$159.66,$144.70
Patriot Viper Elite II 32 GB,DDR4-3600,2 x 16GB,11.111 ns,20,$7.03,Red / Black,0.0,0,$316.86,$318.74,$320.61,$322.49,$324.36,$326.24,$328.11,$329.99,$331.86,$333.74,$335.61,$337.49,$281.24,$269.99,$258.74,$247.49,$236.24,$224.99,$213.74,$202.49,$191.24,$179.99,$168.74,$157.49,$136.87,$138.74,$140.62,$142.49,$144.37,$146.24,$148.12,$149.99,$151.87,$153.74,$155.62,$157.49,$161.24,$164.99,$168.74,$172.49,$176.24,$179.99,$183.74,$187.49,$191.24,$194.99,$198.74,$202.49,$196.87,$191.24,$185.62,$179.99,$174.37,$168.74,$163.12,$157.49,$151.87,$146.24,$140.62,$134.99,$131.24,$127.49,$123.74,$119.99,$116.24,$112.50,$108.75,$105.00,$101.25,$97.50,$93.75,$90.00,$91.87,$93.75,$95.62,$97.50,$99.37,$101.25,$103.12,$105.00,$106.87,$108.75,$110.62,$112.50,$116.24,$119.99,$123.74,$127.49,$131.24,$191.24,$196.87,$202.49,$208.12,$94.50,$152.99,$224.99,$328.49,$359.98,$326.24
G.Skill Aegis 5 32 GB,DDR5-6000,1 x 32GB,12 ns,36,$16.18,Black / Red,0.0,0,,,,,,,,,,,,,,,,,,,,,,,,,,,,,,,,,,,,,,,,,,,,,,,"$1,294.75","$1,294.75","$1,251.59","$1,208.43","$1,165.27","$1,122.12","$1,078.96","$1,035.80",$992.64,$949.48,$906.32,$863.17,$820.01,$776.85,$746.64,$716.43,$686.22,$656.01,$625.80,$595.58,$565.37,$535.16,$504.95,$474.74,$444.53,$414.32,$401.37,$388.42,$375.48,$362.53,$349.58,$336.63,$323.69,$310.74,$297.79,$284.85,$271.90,$258.95,$267.58,$276.21,$284.85,$293.48,$302.11,$440.21,$453.16,$466.11,$479.06,$217.52,$352.17,$517.90,$657.73,$616.30,$616.30
G.Skill Ripjaws M5 RGB 64 GB,DDR5-5200,2 x 32GB,15.385 ns,40,$11.41,White,0.0,0,,,,,,,,,,,,,,,,,,,,,,,,,,,,,,,,,,,,,,,,,,,,,,,"$1,824.97","$1,824.97","$1,764.14","$1,703.31","$1,642.48","$1,581.64","$1,520.81","$1,459.98","$1,399.15","$1,338.32","$1,277.48","$1,216.65","$1,155.82","$1,094.99","$1,052.40","$1,009.82",$967.24,$924.65,$882.07,$839.49,$796.91,$754.32,$711.74,$669.16,$626.57,$583.99,$565.74,$547.49,$529.24,$510.99,$492.74,$474.49,$456.24,$437.99,$419.74,$401.49,$383.24,$365.00,$377.16,$389.33,$401.49,$413.66,$425.83,$620.49,$638.74,$656.99,$675.24,$306.60,$496.39,$729.99,$927.09,$868.69,$868.69
G.Skill Flare X5 96 GB,DDR5-6000,2 x 48GB,10 ns,30,$11.35,White,0.0,0,,,,,,,,,,,,,,,,,,,,,,,,,,,,,,,,,,,,,,,,,,,,,,,"$2,724.97","$2,724.97","$2,634.14","$2,543.31","$2,452.48","$2,361.64","$2,270.81","$2,179.98","$2,089.15","$1,998.32","$1,907.48","$1,816.65","$1,725.82","$1,634.99","$1,571.40","$1,507.82","$1,444.24","$1,380.65","$1,317.07","$1,253.49","$1,189.91","$1,126.32","$1,062.74",$999.16,$935.57,$871.99,$844.74,$817.49,$790.24,$762.99,$735.74,$708.49,$681.24,$653.99,$626.74,$599.49,$572.24,$545.00,$563.16,$581.33,$599.49,$617.66,$635.83,$926.49,$953.74,$980.99,"$1,008.24",$457.80,$741.19,"$1,089.99","$1,384.29","$1,297.09","$1,297.09"
Patriot Viper Steel 8 GB,DDR4-3200,1 x 8GB,10 ns,16,,Silver / Black,4.5,7,$73.22,$73.65,$74.09,$74.52,$74.95,$75.39,$75.82,$76.25,$76.69,$77.12,$77.55,$77.98,$64.99,$62.39,$59.79,$57.19,$54.59,$51.99,$49.39,$46.79,$44.19,$41.59,$38.99,$36.39,$31.63,$32.06,$32.49,$32.93,$33.36,$33.79,$34.23,$34.66,$35.09,$35.53,$35.96,$36.39,$37.26,$38.13,$38.99,$39.86,$40.73,$41.59,$42.46,$43.32,$44.19,$45.06,$45.92,$46.79,$45.49,$44.19,$42.89,$41.59,$40.29,$38.99,$37.69,$36.39,$35.09,$33.79,$32.49,$31.19,$30.33,$29.46,$28.59,$27.73,$26.86,$26.00,$25.13,$24.26,$23.40,$22.53,$21.66,$20.80,$21.23,$21.66,$22.10,$22.53,$22.96,$23.40,$23.83,$24.26,$24.70,$25.13,$25.56,$26.00,$26.86,$27.73,$28.59,$29.46,$30.33,$44.19,$45.49,$46.79,$48.09,$21.84,$35.35,$51.99,$75.91,$83.18,$75.39
Silicon Power XPOWER Zenith RGB Gaming 64 GB,DDR5-6000,2 x 32GB,10 ns,30,$12.12,Black,0.0,0,,,,,,,,,,,,,,,,,,,,,,,,,,,,,,,,,,,,,,,,,,,,,,,"$1,939.47","$1,939.47","$1,874.83","$1,810.18","$1,745.53","$1,680.88","$1,616.23","$1,551.58","$1,486.93","$1,422.28","$1,357.63","$1,292.98","$1,228.33","$1,163.68","$1,118.43","$1,073.18","$1,027.92",$982.67,$937.41,$892.16,$846.90,$801.65,$756.40,$711.14,$665.89,$620.63,$601.24,$581.84,$562.45,$543.05,$523.66,$504.26,$484.87,$465.47,$446.08,$426.68,$407.29,$387.89,$400.82,$413.75,$426.68,$439.61,$452.54,$659.42,$678.82,$698.21,$717.61,$325.83,$527.54,$775.79,$985.25,$923.19,$923.19
Corsair Vengeance RGB 96 GB,DDR5-6000,4 x 24GB,10 ns,30,$12.58,Black,0.0,0,,,,,,,,,,,,,,,,,,,,,,,,,,,,,,,,,,,,,,,,,,,,,,,"$3,019.97","$3,019.97","$2,919.31","$2,818.64","$2,717.98","$2,617.31","$2,516.65","$2,415.98","$2,315.31","$2,214.65","$2,113.98","$2,013.32","$1,912.65","$1,811.99","$1,741.52","$1,671.05","$1,600.59","$1,530.12","$1,459.65","$1,389.19","$1,318.72","$1,248.26","$1,177.79","$1,107.32","$1,036.86",$966.39,$936.19,$905.99,$875.79,$845.59,$815.39,$785.19,$754.99,$724.79,$694.59,$664.39,$634.19,$604.00,$624.13,$644.26,$664.39,$684.53,$704.66,"$1,026.79","$1,056.99","$1,087.19","$1,117.39",$507.36,$821.43,"$1,207.99","$1,534.15","$1,437.51","$1,437.51"
TEAMGROUP T-Create Master 64 GB,DDR5-6400,4 x 16GB,10 ns,32,$16.08,Black,0.0,0,,,,,,,,,,,,,,,,,,,,,,,,,,,,,,,,,,,,,,,,,,,,,,,"$2,572.47","$2,572.47","$2,486.73","$2,400.98","$2,315.23","$2,229.48","$2,143.73","$2,057.98","$1,972.23","$1,886.48","$1,800.73","$1,714.98","$1,629.23","$1,543.49","$1,483.46","$1,423.44","$1,363.41","$1,303.39","$1,243.36","$1,183.34","$1,123.31","$1,063.29","$1,003.27",$943.24,$883.22,$823.19,$797.47,$771.74,$746.02,$720.29,$694.57,$668.84,$643.12,$617.39,$591.67,$565.94,$540.22,$514.50,$531.64,$548.79,$565.94,$583.09,$600.24,$874.64,$900.37,$926.09,$951.82,$432.18,$699.71,"$1,028.99","$1,306.82","$1,224.50","$1,224.50"
Crucial CT2K32G4DFD8266 64 GB,DDR4-2666,2 x 32GB,14.254 ns,19,$6.84,Green,0.0,0,$616.55,$620.20,$623.85,$627.50,$631.15,$634.80,$638.44,$642.09,$645.74,$649.39,$653.04,$656.69,$547.24,$525.35,$503.46,$481.57,$459.68,$437.79,$415.90,$394.01,$372.12,$350.23,$328.34,$306.45,$266.32,$269.97,$273.62,$277.27,$280.92,$284.56,$288.21,$291.86,$295.51,$299.16,$302.80,$306.45,$313.75,$321.05,$328.34,$335.64,$342.94,$350.23,$357.53,$364.82,$372.12,$379.42,$386.71,$394.01,$383.07,$372.12,$361.18,$350.23,$339.29,$328.34,$317.40,$306.45,$295.51,$284.56,$273.62,$262.67,$255.38,$248.08,$240.78,$233.49,$226.19,$218.90,$211.60,$204.30,$197.01,$189.71,$182.41,$175.12,$178.76,$182.41,$186.06,$189.71,$193.36,$197.01,$200.65,$204.30,$207.95,$211.60,$215.25,$218.90,$226.19,$233.49,$240.78,$248.08,$255.38,$372.12,$383.07,$394.01,$404.96,$183.87,$297.70,$437.79,$639.17,$700.46,$634.80
Patriot Signature Line 16 GB,DDR4-2666,1 x 16GB,14.254 ns,19,$8.12,Black,0.0,0,$183.07,$184.15,$185.24,$186.32,$187.40,$188.49,$189.57,$190.65,$191.74,$192.82,$193.90,$194.99,$162.49,$155.99,$149.49,$142.99,$136.49,$129.99,$123.49,$116.99,$110.49,$103.99,$97.49,$90.99,$79.08,$80.16,$81.24,$82.33,$83.41,$84.49,$85.58,$86.66,$87.74,$88.83,$89.91,$90.99,$93.16,$95.33,$97.49,$99.66,$101.83,$103.99,$106.16,$108.33,$110.49,$112.66,$114.82,$116.99,$113.74,$110.49,$107.24,$103.99,$100.74,$97.49,$94.24,$90.99,$87.74,$84.49,$81.24,$77.99,$75.83,$73.66,$71.49,$69.33,$67.16,$65.00,$62.83,$60.66,$58.50,$56.33,$54.16,$52.00,$53.08,$54.16,$55.25,$56.33,$57.41,$58.50,$59.58,$60.66,$61.75,$62.83,$63.91,$65.00,$67.16,$69.33,$71.49,$73.66,$75.83,$110.49,$113.74,$116.99,$120.24,$54.60,$88.39,$129.99,$189.79,$207.98,$188.49
Patriot Viper Steel 32 GB,DDR4-3200,1 x 32GB,10 ns,16,$10.05,Gray,0.0,0,$452.68,$455.36,$458.04,$460.72,$463.39,$466.07,$468.75,$471.43,$474.11,$476.79,$479.47,$482.14,$401.79,$385.72,$369.64,$353.57,$337.50,$321.43,$305.36,$289.29,$273.22,$257.14,$241.07,$225.00,$195.54,$198.22,$200.89,$203.57,$206.25,$208.93,$211.61,$214.29,$216.97,$219.64,$222.32,$225.00,$230.36,$235.72,$241.07,$246.43,$251.79,$257.14,$262.50,$267.86,$273.22,$278.57,$283.93,$289.29,$281.25,$273.22,$265.18,$257.14,$249.11,$241.07,$233.04,$225.00,$216.97,$208.93,$200.89,$192.86,$187.50,$182.14,$176.79,$171.43,$166.07,$160.72,$155.36,$150.00,$144.64,$139.29,$133.93,$128.57,$131.25,$133.93,$136.61,$139.29,$141.96,$144.64,$147.32,$150.00,$152.68,$155.36,$158.04,$160.72,$166.07,$171.43,$176.79,$182.14,$187.50,$273.22,$281.25,$289.29,$297.32,$135.00,$218.57,$321.43,$469.29,$514.29,$466.07
Timetec PINNACLE Konduit 32 GB,DDR4-3200,2 x 16GB,10 ns,16,$6.56,Black,5.0,1,$295.74,$297.49,$299.24,$300.99,$302.74,$304.49,$306.24,$307.99,$309.74,$311.49,$313.24,$314.99,$262.49,$251.99,$241.49,$230.99,$220.49,$209.99,$199.49,$188.99,$178.49,$167.99,$157.49,$146.99,$127.74,$129.49,$131.24,$132.99,$134.74,$136.49,$138.24,$139.99,$141.74,$143.49,$145.24,$146.99,$150.49,$153.99,$157.49,$160.99,$164.49,$167.99,$171.49,$174.99,$178.49,$181.99,$185.49,$188.99,$183.74,$178.49,$173.24,$167.99,$162.74,$157.49,$152.24,$146.99,$141.74,$136.49,$131.24,$125.99,$122.49,$118.99,$115.49,$111.99,$108.49,$105.00,$101.50,$98.00,$94.50,$91.00,$87.50,$84.00,$85.75,$87.50,$89.25,$91.00,$92.75,$94.50,$96.25,$98.00,$99.75,$101.50,$103.25,$105.00,$108.49,$111.99,$115.49,$118.99,$122.49,$178.49,$183.74,$188.99,$194.24,$88.20,$142.79,$209.99,$306.59,$335.98,$304.49
G.Skill Ripjaws S5 32 GB,DDR5-6400,2 x 16GB,11.25 ns,36,$12.50,Black,0.0,0,,,,,,,,,,,,,,,,,,,,,,,,,,,,,,,,,,,,,,,,,,,,,,,$999.98,$999.98,$966.64,$933.31,$899.98,$866.64,$833.31,$799.98,$766.65,$733.32,$699.98,$666.65,$633.32,$599.99,$576.65,$553.32,$529.99,$506.65,$483.32,$459.99,$436.66,$413.32,$389.99,$366.66,$343.32,$319.99,$309.99,$299.99,$289.99,$279.99,$269.99,$259.99,$249.99,$239.99,$229.99,$219.99,$209.99,$200.00,$206.66,$213.33,$219.99,$226.66,$233.33,$339.99,$349.99,$359.99,$369.99,$168.00,$271.99,$399.99,$507.99,$475.99,$475.99
G.Skill Trident Z5 32 GB,DDR5-7600,2 x 16GB,9.474 ns,36,$15.63,Black,0.0,0,,,,,,,,,,,,,,,,,,,,,,,,,,,,,,,,,,,,,,,,,,,,,,,"$1,249.97","$1,249.97","$1,208.31","$1,166.64","$1,124.98","$1,083.31","$1,041.65",$999.98,$958.31,$916.65,$874.98,$833.32,$791.65,$749.99,$720.82,$691.65,$662.49,$633.32,$604.15,$574.99,$545.82,$516.66,$487.49,$458.32,$429.16,$399.99,$387.49,$374.99,$362.49,$349.99,$337.49,$324.99,$312.49,$299.99,$287.49,$274.99,$262.49,$250.00,$258.33,$266.66,$274.99,$283.33,$291.66,$424.99,$437.49,$449.99,$462.49,$210.00,$339.99,$499.99,$634.99,$594.99,$594.99
Crucial CT64G56C46S5 64 GB,DDR5-5600,1 x 64GB,16.429 ns,46,$8.36,Black,0.0,0,,,,,,,,,,,,,,,,,,,,,,,,,,,,,,,,,,,,,,,,,,,,,,,"$1,337.47","$1,337.47","$1,292.89","$1,248.31","$1,203.73","$1,159.14","$1,114.56","$1,069.98","$1,025.40",$980.82,$936.23,$891.65,$847.07,$802.49,$771.28,$740.07,$708.86,$677.65,$646.45,$615.24,$584.03,$552.82,$521.62,$490.41,$459.20,$427.99,$414.62,$401.24,$387.87,$374.49,$361.12,$347.74,$334.37,$320.99,$307.62,$294.24,$280.87,$267.50,$276.41,$285.33,$294.24,$303.16,$312.08,$454.74,$468.12,$481.49,$494.87,$224.70,$363.79,$534.99,$679.44,$636.64,$636.64
G.Skill Ripjaws M5 RGB 64 GB,DDR5-6800,2 x 32GB,10 ns,34,,Black,0.0,0,,,,,,,,,,,,,,,,,,,,,,,,,,,,,,,,,,,,,,,,,,,,,,,"$2,449.97","$2,449.97","$2,368.31","$2,286.64","$2,204.98","$2,123.31","$2,041.65","$1,959.98","$1,878.31","$1,796.65","$1,714.98","$1,633.32","$1,551.65","$1,469.99","$1,412.82","$1,355.65","$1,298.49","$1,241.32","$1,184.15","$1,126.99","$1,069.82","$1,012.66",$955.49,$898.32,$841.16,$783.99,$759.49,$734.99,$710.49,$685.99,$661.49,$636.99,$612.49,$587.99,$563.49,$538.99,$514.49,$490.00,$506.33,$522.66,$538.99,$555.33,$571.66,$832.99,$857.49,$881.99,$906.49,$411.60,$666.39,$979.99,"$1,244.59","$1,166.19","$1,166.19"
Corsair Vengeance 48 GB,DDR5-5200,2 x 24GB,14.615 ns,38,$11.29,Black,5.0,1,,,,,,,,,,,,,,,,,,,,,,,,,,,,,,,,,,,,,,,,,,,,,,,"$1,354.97","$1,354.97","$1,309.81","$1,264.64","$1,219.48","$1,174.31","$1,129.15","$1,083.98","$1,038.81",$993.65,$948.48,$903.32,$858.15,$812.99,$781.37,$749.75,$718.14,$686.52,$654.90,$623.29,$591.67,$560.06,$528.44,$496.82,$465.21,$433.59,$420.04,$406.49,$392.94,$379.39,$365.84,$352.29,$338.74,$325.19,$311.64,$298.09,$284.54,$271.00,$280.03,$289.06,$298.09,$307.13,$316.16,$460.69,$474.24,$487.79,$501.34,$227.64,$368.55,$541.99,$688.33,$644.97,$644.97
Corsair Vengeance Performance 16 GB,DDR4-2400,2 x 8GB,13.333 ns,16,$5.62,Black,0.0,0,$126.74,$127.49,$128.24,$128.99,$129.74,$130.49,$131.24,$131.99,$132.74,$133.49,$134.24,$134.98,$112.49,$107.99,$103.49,$98.99,$94.49,$89.99,$85.49,$80.99,$76.49,$71.99,$67.49,$62.99,$54.74,$55.49,$56.24,$56.99,$57.74,$58.49,$59.24,$59.99,$60.74,$61.49,$62.24,$62.99,$64.49,$65.99,$67.49,$68.99,$70.49,$71.99,$73.49,$74.99,$76.49,$77.99,$79.49,$80.99,$78.74,$76.49,$74.24,$71.99,$69.74,$67.49,$65.24,$62.99,$60.74,$58.49,$56.24,$53.99,$52.49,$50.99,$49.49,$47.99,$46.49,$44.99,$43.50,$42.00,$40.50,$39.00,$37.50,$36.00,$36.75,$37.50,$38.25,$39.00,$39.75,$40.50,$41.25,$42.00,$42.75,$43.50,$44.25,$44.99,$46.49,$47.99,$49.49,$50.99,$52.49,$76.49,$78.74,$80.99,$83.24,$37.80,$61.19,$89.99,$131.39,$143.98,$130.49
Corsair Vengeance 64 GB,DDR5-6200,4 x 16GB,10.323 ns,32,$13.66,Black / Gray,0.0,0,,,,,,,,,,,,,,,,,,,,,,,,,,,,,,,,,,,,,,,,,,,,,,,"$2,184.97","$2,184.97","$2,112.14","$2,039.31","$1,966.48","$1,893.64","$1,820.81","$1,747.98","$1,675.15","$1,602.32","$1,529.48","$1,456.65","$1,383.82","$1,310.99","$1,260.00","$1,209.02","$1,158.04","$1,107.05","$1,056.07","$1,005.09",$954.11,$903.12,$852.14,$801.16,$750.17,$699.19,$677.34,$655.49,$633.64,$611.79,$589.94,$568.09,$546.24,$524.39,$502.54,$480.69,$458.84,$437.00,$451.56,$466.13,$480.69,$495.26,$509.83,$742.89,$764.74,$786.59,$808.44,$367.08,$594.31,$873.99,"$1,109.97","$1,040.05","$1,040.05"
G.Skill Ripjaws V 32 GB,DDR4-3600,2 x 16GB,10 ns,18,$11.34,White / Black,0.0,0,$511.08,$514.11,$517.13,$520.16,$523.18,$526.20,$529.23,$532.25,$535.28,$538.30,$541.33,$544.35,$453.62,$435.48,$417.34,$399.19,$381.05,$362.90,$344.75,$326.61,$308.47,$290.32,$272.18,$254.03,$220.76,$223.79,$226.81,$229.84,$232.86,$235.88,$238.91,$241.93,$244.96,$247.98,$251.01,$254.03,$260.08,$266.13,$272.17,$278.22,$284.27,$290.32,$296.37,$302.42,$308.46,$314.51,$320.56,$326.61,$317.54,$308.46,$299.39,$290.32,$281.25,$272.17,$263.10,$254.03,$244.96,$235.88,$226.81,$217.74,$211.69,$205.64,$199.59,$193.55,$187.50,$181.45,$175.40,$169.35,$163.30,$157.26,$151.21,$145.16,$148.18,$151.21,$154.23,$157.26,$160.28,$163.31,$166.33,$169.35,$172.38,$175.40,$178.43,$181.45,$187.50,$193.55,$199.59,$205.64,$211.69,$308.46,$317.54,$326.61,$335.68,$152.42,$246.77,$362.90,$529.83,$580.64,$526.20
G.Skill Ripjaws S5 32 GB,DDR5-6000,2 x 16GB,10.667 ns,32,$13.84,Black,0.0,0,,,,,,,,,,,,,,,,,,,,,,,,,,,,,,,,,,,,,,,,,,,,,,,"$1,107.47","$1,107.47","$1,070.56","$1,033.64",$996.73,$959.81,$922.90,$885.98,$849.06,$812.15,$775.23,$738.32,$701.40,$664.49,$638.64,$612.80,$586.96,$561.12,$535.28,$509.44,$483.60,$457.76,$431.92,$406.07,$380.23,$354.39,$343.32,$332.24,$321.17,$310.09,$299.02,$287.94,$276.87,$265.79,$254.72,$243.64,$232.57,$221.50,$228.88,$236.26,$243.64,$251.03,$258.41,$376.54,$387.62,$398.69,$409.77,$186.06,$301.23,$442.99,$562.60,$527.16,$527.16
Silicon Power XPOWER Storm RGB 32 GB,DDR5-6000,2 x 16GB,9.333 ns,28,$14.59,Black,0.0,0,,,,,,,,,,,,,,,,,,,,,,,,,,,,,,,,,,,,,,,,,,,,,,,"$1,166.98","$1,166.98","$1,128.08","$1,089.18","$1,050.28","$1,011.38",$972.48,$933.58,$894.68,$855.78,$816.88,$777.98,$739.08,$700.19,$672.96,$645.73,$618.50,$591.27,$564.04,$536.81,$509.58,$482.35,$455.12,$427.89,$400.66,$373.43,$361.76,$350.09,$338.42,$326.75,$315.08,$303.41,$291.74,$280.07,$268.40,$256.73,$245.06,$233.40,$241.17,$248.95,$256.73,$264.51,$272.29,$396.77,$408.44,$420.11,$431.78,$196.05,$317.42,$466.79,$592.82,$555.48,$555.48
V-Color Manta XSky RGB 32 GB,DDR5-6000,2 x 16GB,9.333 ns,28,$13.75,Black,0.0,0,,,,,,,,,,,,,,,,,,,,,,,,,,,,,,,,,,,,,,,,,,,,,,,"$1,099.97","$1,099.97","$1,063.31","$1,026.64",$989.98,$953.31,$916.65,$879.98,$843.31,$806.65,$769.98,$733.32,$696.65,$659.99,$634.32,$608.65,$582.99,$557.32,$531.65,$505.99,$480.32,$454.66,$428.99,$403.32,$377.66,$351.99,$340.99,$329.99,$318.99,$307.99,$296.99,$285.99,$274.99,$263.99,$252.99,$241.99,$230.99,$220.00,$227.33,$234.66,$241.99,$249.33,$256.66,$373.99,$384.99,$395.99,$406.99,$184.80,$299.19,$439.99,$558.79,$523.59,$523.59
G.Skill Ripjaws 32 GB,DDR4-2400,2 x 16GB,13.333 ns,16,$6.56,Black / Blue,0.0,0,$295.74,$297.49,$299.24,$300.99,$302.74,$304.49,$306.24,$307.99,$309.74,$311.49,$313.24,$314.99,$262.49,$251.99,$241.49,$230.99,$220.49,$209.99,$199.49,$188.99,$178.49,$167.99,$157.49,$146.99,$127.74,$129.49,$131.24,$132.99,$134.74,$136.49,$138.24,$139.99,$141.74,$143.49,$145.24,$146.99,$150.49,$153.99,$157.49,$160.99,$164.49,$167.99,$171.49,$174.99,$178.49,$181.99,$185.49,$188.99,$183.74,$178.49,$173.24,$167.99,$162.74,$157.49,$152.24,$146.99,$141.74,$136.49,$131.24,$125.99,$122.49,$118.99,$115.49,$111.99,$108.49,$105.00,$101.50,$98.00,$94.50,$91.00,$87.50,$84.00,$85.75,$87.50,$89.25,$91.00,$92.75,$94.50,$96.25,$98.00,$99.75,$101.50,$103.25,$105.00,$108.49,$111.99,$115.49,$118.99,$122.49,$178.49,$183.74,$188.99,$194.24,$88.20,$142.79,$209.99,$306.59,$335.98,$304.49
Patriot Viper Xtreme 5 RGB 48 GB,DDR5-7600,2 x 24GB,9.474 ns,36,$11.77,Black,0.0,0,,,,,,,,,,,,,,,,,,,,,,,,,,,,,,,,,,,,,,,,,,,,,,,"$1,412.47","$1,412.47","$1,365.39","$1,318.31","$1,271.23","$1,224.14","$1,177.06","$1,129.98","$1,082.90","$1,035.82",$988.73,$941.65,$894.57,$847.49,$814.53,$781.57,$748.61,$715.65,$682.70,$649.74,$616.78,$583.82,$550.87,$517.91,$484.95,$451.99,$437.87,$423.74,$409.62,$395.49,$381.37,$367.24,$353.12,$338.99,$324.87,$310.74,$296.62,$282.50,$291.91,$301.33,$310.74,$320.16,$329.58,$480.24,$494.37,$508.49,$522.62,$237.30,$384.19,$564.99,$717.54,$672.34,$672.34
G.Skill Sniper X 32 GB,DDR4-3200,2 x 16GB,10 ns,16,$7.66,Black / Camo,5.0,1,$345.37,$347.41,$349.45,$351.50,$353.54,$355.58,$357.63,$359.67,$361.71,$363.76,$365.80,$367.84,$306.54,$294.28,$282.01,$269.75,$257.49,$245.23,$232.97,$220.71,$208.45,$196.18,$183.92,$171.66,$149.18,$151.23,$153.27,$155.31,$157.36,$159.40,$161.44,$163.49,$165.53,$167.57,$169.62,$171.66,$175.75,$179.84,$183.92,$188.01,$192.10,$196.18,$200.27,$204.36,$208.45,$212.53,$216.62,$220.71,$214.58,$208.45,$202.31,$196.18,$190.05,$183.92,$177.79,$171.66,$165.53,$159.40,$153.27,$147.14,$143.05,$138.96,$134.88,$130.79,$126.70,$122.61,$118.53,$114.44,$110.35,$106.27,$102.18,$98.09,$100.14,$102.18,$104.22,$106.27,$108.31,$110.35,$112.40,$114.44,$116.48,$118.53,$120.57,$122.61,$126.70,$130.79,$134.88,$138.96,$143.05,$208.45,$214.58,$220.71,$226.84,$103.00,$166.76,$245.23,$358.04,$392.37,$355.58
Crucial CT8G4DFD824A 8 GB,DDR4-2400,1 x 8GB,14.167 ns,17,$7.50,Green,4.5,7,$84.49,$84.99,$85.49,$85.99,$86.49,$86.99,$87.49,$87.99,$88.49,$88.99,$89.49,$89.98,$74.99,$71.99,$68.99,$65.99,$62.99,$59.99,$56.99,$53.99,$50.99,$47.99,$44.99,$41.99,$36.49,$36.99,$37.49,$37.99,$38.49,$38.99,$39.49,$39.99,$40.49,$40.99,$41.49,$41.99,$42.99,$43.99,$44.99,$45.99,$46.99,$47.99,$48.99,$49.99,$50.99,$51.99,$52.99,$53.99,$52.49,$50.99,$49.49,$47.99,$46.49,$44.99,$43.49,$41.99,$40.49,$38.99,$37.49,$35.99,$34.99,$33.99,$32.99,$31.99,$30.99,$30.00,$29.00,$28.00,$27.00,$26.00,$25.00,$24.00,$24.50,$25.00,$25.50,$26.00,$26.50,$27.00,$27.50,$28.00,$28.50,$29.00,$29.50,$30.00,$30.99,$31.99,$32.99,$33.99,$34.99,$50.99,$52.49,$53.99,$55.49,$25.20,$40.79,$59.99,$87.59,$95.98,$86.99
Patriot Viper 4 8 GB,DDR4-2400,2 x 4GB,12.5 ns,15,$10.48,Black / Red,4.5,2,$118.03,$118.73,$119.43,$120.13,$120.83,$121.52,$122.22,$122.92,$123.62,$124.32,$125.02,$125.72,$104.76,$100.57,$96.38,$92.19,$88.00,$83.81,$79.62,$75.43,$71.24,$67.05,$62.86,$58.67,$50.98,$51.68,$52.38,$53.08,$53.78,$54.48,$55.17,$55.87,$56.57,$57.27,$57.97,$58.67,$60.06,$61.46,$62.86,$64.25,$65.65,$67.05,$68.44,$69.84,$71.24,$72.64,$74.03,$75.43,$73.33,$71.24,$69.14,$67.05,$64.95,$62.86,$60.76,$58.67,$56.57,$54.48,$52.38,$50.29,$48.89,$47.49,$46.10,$44.70,$43.30,$41.91,$40.51,$39.11,$37.71,$36.32,$34.92,$33.52,$34.22,$34.92,$35.62,$36.32,$37.02,$37.71,$38.41,$39.11,$39.81,$40.51,$41.21,$41.91,$43.30,$44.70,$46.10,$47.49,$48.89,$71.24,$73.33,$75.43,$77.52,$35.20,$56.99,$83.81,$122.36,$134.10,$121.52
TEAMGROUP Elite 32 GB,DDR5-4800,2 x 16GB,16.667 ns,40,$12.47,Black,0.0,0,,,,,,,,,,,,,,,,,,,,,,,,,,,,,,,,,,,,,,,,,,,,,,,$997.48,$997.48,$964.23,$930.98,$897.73,$864.48,$831.23,$797.98,$764.73,$731.48,$698.23,$664.98,$631.73,$598.49,$575.21,$551.94,$528.66,$505.39,$482.11,$458.84,$435.56,$412.29,$389.02,$365.74,$342.47,$319.19,$309.22,$299.24,$289.27,$279.29,$269.32,$259.34,$249.37,$239.39,$229.42,$219.44,$209.47,$199.50,$206.14,$212.79,$219.44,$226.09,$232.74,$339.14,$349.12,$359.09,$369.07,$167.58,$271.31,$398.99,$506.72,$474.80,$474.80
Corsair Vengeance 32 GB,DDR5-6600,2 x 16GB,11.515 ns,38,$12.53,Black / Silver,0.0,0,,,,,,,,,,,,,,,,,,,,,,,,,,,,,,,,,,,,,,,,,,,,,,,"$1,002.48","$1,002.48",$969.06,$935.64,$902.23,$868.81,$835.40,$801.98,$768.56,$735.15,$701.73,$668.32,$634.90,$601.49,$578.09,$554.70,$531.31,$507.92,$484.53,$461.14,$437.75,$414.36,$390.97,$367.57,$344.18,$320.79,$310.77,$300.74,$290.72,$280.69,$270.67,$260.64,$250.62,$240.59,$230.57,$220.54,$210.52,$200.50,$207.18,$213.86,$220.54,$227.23,$233.91,$340.84,$350.87,$360.89,$370.92,$168.42,$272.67,$400.99,$509.26,$477.18,$477.18
G.Skill Trident Z5 Royal 32 GB,DDR5-6400,2 x 16GB,9.375 ns,30,$17.19,Gold,0.0,0,,,,,,,,,,,,,,,,,,,,,,,,,,,,,,,,,,,,,,,,,,,,,,,"$1,374.97","$1,374.97","$1,329.14","$1,283.31","$1,237.48","$1,191.64","$1,145.81","$1,099.98","$1,054.15","$1,008.32",$962.48,$916.65,$870.82,$824.99,$792.90,$760.82,$728.74,$696.65,$664.57,$632.49,$600.41,$568.32,$536.24,$504.16,$472.07,$439.99,$426.24,$412.49,$398.74,$384.99,$371.24,$357.49,$343.74,$329.99,$316.24,$302.49,$288.74,$275.00,$284.16,$293.33,$302.49,$311.66,$320.83,$467.49,$481.24,$494.99,$508.74,$231.00,$373.99,$549.99,$698.49,$654.49,$654.49
G.Skill Trident Z5 RGB 32 GB,DDR5-8000,2 x 16GB,9.5 ns,38,$17.19,Black / White,0.0,0,,,,,,,,,,,,,,,,,,,,,,,,,,,,,,,,,,,,,,,,,,,,,,,"$1,374.97","$1,374.97","$1,329.14","$1,283.31","$1,237.48","$1,191.64","$1,145.81","$1,099.98","$1,054.15","$1,008.32",$962.48,$916.65,$870.82,$824.99,$792.90,$760.82,$728.74,$696.65,$664.57,$632.49,$600.41,$568.32,$536.24,$504.16,$472.07,$439.99,$426.24,$412.49,$398.74,$384.99,$371.24,$357.49,$343.74,$329.99,$316.24,$302.49,$288.74,$275.00,$284.16,$293.33,$302.49,$311.66,$320.83,$467.49,$481.24,$494.99,$508.74,$231.00,$373.99,$549.99,$698.49,$654.49,$654.49
G.Skill F5-6000J3636F32GX2-FX5 64 GB,DDR5-6000,2 x 32GB,12 ns,36,$11.41,Black,0.0,0,,,,,,,,,,,,,,,,,,,,,,,,,,,,,,,,,,,,,,,,,,,,,,,"$1,824.97","$1,824.97","$1,764.14","$1,703.31","$1,642.48","$1,581.64","$1,520.81","$1,459.98","$1,399.15","$1,338.32","$1,277.48","$1,216.65","$1,155.82","$1,094.99","$1,052.40","$1,009.82",$967.24,$924.65,$882.07,$839.49,$796.91,$754.32,$711.74,$669.16,$626.57,$583.99,$565.74,$547.49,$529.24,$510.99,$492.74,$474.49,$456.24,$437.99,$419.74,$401.49,$383.24,$365.00,$377.16,$389.33,$401.49,$413.66,$425.83,$620.49,$638.74,$656.99,$675.24,$306.60,$496.39,$729.99,$927.09,$868.69,$868.69
Kingston FURY Impact 64 GB,DDR5-4800,2 x 32GB,15.833 ns,38,$13.73,Black,0.0,0,,,,,,,,,,,,,,,,,,,,,,,,,,,,,,,,,,,,,,,,,,,,,,,"$2,197.22","$2,197.22","$2,123.98","$2,050.74","$1,977.50","$1,904.26","$1,831.02","$1,757.78","$1,684.54","$1,611.30","$1,538.06","$1,464.82","$1,391.58","$1,318.34","$1,267.07","$1,215.80","$1,164.53","$1,113.26","$1,061.99","$1,010.72",$959.45,$908.19,$856.92,$805.65,$754.38,$703.11,$681.14,$659.17,$637.20,$615.22,$593.25,$571.28,$549.31,$527.33,$505.36,$483.39,$461.42,$439.44,$454.09,$468.74,$483.39,$498.04,$512.69,$747.06,$769.03,$791.00,$812.97,$369.13,$597.65,$878.89,"$1,116.19","$1,045.88","$1,045.88"
G.Skill Trident Z5 64 GB,DDR5-6000,2 x 32GB,10.667 ns,32,$12.50,Black / Silver,5.0,2,,,,,,,,,,,,,,,,,,,,,,,,,,,,,,,,,,,,,,,,,,,,,,,"$1,999.97","$1,999.97","$1,933.31","$1,866.64","$1,799.98","$1,733.31","$1,666.65","$1,599.98","$1,533.31","$1,466.65","$1,399.98","$1,333.32","$1,266.65","$1,199.99","$1,153.32","$1,106.65","$1,059.99","$1,013.32",$966.65,$919.99,$873.32,$826.66,$779.99,$733.32,$686.66,$639.99,$619.99,$599.99,$579.99,$559.99,$539.99,$519.99,$499.99,$479.99,$459.99,$439.99,$419.99,$400.00,$413.33,$426.66,$439.99,$453.33,$466.66,$679.99,$699.99,$719.99,$739.99,$336.00,$543.99,$799.99,"$1,015.99",$951.99,$951.99
Corsair Vengeance RGB 32 GB,DDR5-6000,2 x 16GB,12 ns,36,$13.66,White / Silver,0.0,0,,,,,,,,,,,,,,,,,,,,,,,,,,,,,,,,,,,,,,,,,,,,,,,"$1,092.47","$1,092.47","$1,056.06","$1,019.64",$983.23,$946.81,$910.40,$873.98,$837.56,$801.15,$764.73,$728.32,$691.90,$655.49,$629.99,$604.50,$579.01,$553.52,$528.03,$502.54,$477.05,$451.56,$426.07,$400.57,$375.08,$349.59,$338.67,$327.74,$316.82,$305.89,$294.97,$284.04,$273.12,$262.19,$251.27,$240.34,$229.42,$218.50,$225.78,$233.06,$240.34,$247.63,$254.91,$371.44,$382.37,$393.29,$404.22,$183.54,$297.15,$436.99,$554.98,$520.02,$439.99
G.Skill Aegis 5 16 GB,DDR5-5600,1 x 16GB,12.857 ns,36,$34.80,Black / Red,0.0,0,,,,,,,,,,,,,,,,,,,,,,,,,,,,,,,,,,,,,,,,,,,,,,,"$1,392.12","$1,392.12","$1,345.72","$1,299.32","$1,252.91","$1,206.51","$1,160.10","$1,113.70","$1,067.30","$1,020.89",$974.49,$928.08,$881.68,$835.28,$802.79,$770.31,$737.83,$705.34,$672.86,$640.38,$607.89,$575.41,$542.93,$510.45,$477.96,$445.48,$431.56,$417.64,$403.72,$389.80,$375.87,$361.95,$348.03,$334.11,$320.19,$306.27,$292.35,$278.43,$287.71,$296.99,$306.27,$315.55,$324.83,$473.32,$487.24,$501.16,$515.09,$233.88,$378.66,$556.85,$707.20,$662.65,$662.65
Kingston Server Premier 16 GB,DDR5-5200,1 x 16GB,16.154 ns,42,,Green / Black,0.0,0,,,,,,,,,,,,,,,,,,,,,,,,,,,,,,,,,,,,,,,,,,,,,,,$749.98,$749.98,$724.98,$699.98,$674.98,$649.98,$624.98,$599.98,$574.98,$549.98,$524.98,$499.98,$474.98,$449.99,$432.49,$414.99,$397.49,$379.99,$362.49,$344.99,$327.49,$309.99,$292.49,$274.99,$257.49,$239.99,$232.49,$224.99,$217.49,$209.99,$202.49,$194.99,$187.49,$179.99,$172.49,$164.99,$157.49,$150.00,$154.99,$159.99,$164.99,$169.99,$174.99,$254.99,$262.49,$269.99,$277.49,$126.00,$203.99,$299.99,$380.99,$356.99,$356.99
G.Skill Trident Z5 Royal 48 GB,DDR5-8000,2 x 24GB,10 ns,40,$12.71,Silver,0.0,0,,,,,,,,,,,,,,,,,,,,,,,,,,,,,,,,,,,,,,,,,,,,,,,"$1,524.97","$1,524.97","$1,474.14","$1,423.31","$1,372.48","$1,321.64","$1,270.81","$1,219.98","$1,169.15","$1,118.32","$1,067.48","$1,016.65",$965.82,$914.99,$879.40,$843.82,$808.24,$772.65,$737.07,$701.49,$665.91,$630.32,$594.74,$559.16,$523.57,$487.99,$472.74,$457.49,$442.24,$426.99,$411.74,$396.49,$381.24,$365.99,$350.74,$335.49,$320.24,$305.00,$315.16,$325.33,$335.49,$345.66,$355.83,$518.49,$533.74,$548.99,$564.24,$256.20,$414.79,$609.99,$774.69,$725.89,$725.89
Corsair Vengeance RGB Pro SL 16 GB,DDR4-3600,2 x 8GB,10 ns,18,$7.87,Black,4.5,3,$177.44,$178.49,$179.54,$180.59,$181.64,$182.69,$183.74,$184.79,$185.84,$186.89,$187.94,$188.98,$157.49,$151.19,$144.89,$138.59,$132.29,$125.99,$119.69,$113.39,$107.09,$100.79,$94.49,$88.19,$76.64,$77.69,$78.74,$79.79,$80.84,$81.89,$82.94,$83.99,$85.04,$86.09,$87.14,$88.19,$90.29,$92.39,$94.49,$96.59,$98.69,$100.79,$102.89,$104.99,$107.09,$109.19,$111.29,$113.39,$110.24,$107.09,$103.94,$100.79,$97.64,$94.49,$91.34,$88.19,$85.04,$81.89,$78.74,$75.59,$73.49,$71.39,$69.29,$67.19,$65.09,$62.99,$60.90,$58.80,$56.70,$54.60,$52.50,$50.40,$51.45,$52.50,$53.55,$54.60,$55.65,$56.70,$57.75,$58.80,$59.85,$60.90,$61.95,$62.99,$65.09,$67.19,$69.29,$71.39,$73.49,$107.09,$110.24,$113.39,$116.54,$52.92,$85.67,$125.99,$183.95,$201.58,$182.69
Patriot Viper Steel RGB 16 GB,DDR4-3200,1 x 16GB,11.25 ns,18,$7.37,Black,0.0,0,$166.17,$167.15,$168.14,$169.12,$170.10,$171.09,$172.07,$173.05,$174.04,$175.02,$176.00,$176.98,$147.49,$141.59,$135.69,$129.79,$123.89,$117.99,$112.09,$106.19,$100.29,$94.39,$88.49,$82.59,$71.78,$72.76,$73.74,$74.73,$75.71,$76.69,$77.68,$78.66,$79.64,$80.63,$81.61,$82.59,$84.56,$86.53,$88.49,$90.46,$92.43,$94.39,$96.36,$98.32,$100.29,$102.26,$104.22,$106.19,$103.24,$100.29,$97.34,$94.39,$91.44,$88.49,$85.54,$82.59,$79.64,$76.69,$73.74,$70.79,$68.83,$66.86,$64.89,$62.93,$60.96,$58.99,$57.03,$55.06,$53.10,$51.13,$49.16,$47.20,$48.18,$49.16,$50.15,$51.13,$52.11,$53.10,$54.08,$55.06,$56.05,$57.03,$58.01,$58.99,$60.96,$62.93,$64.89,$66.86,$68.83,$100.29,$103.24,$106.19,$109.14,$49.56,$80.23,$117.99,$172.27,$188.78,$171.09
Corsair Vengeance RGB Pro 16 GB,DDR4-3600,2 x 8GB,10 ns,18,$7.94,Black,4.5,6,$178.84,$179.90,$180.96,$182.02,$183.08,$184.14,$185.19,$186.25,$187.31,$188.37,$189.43,$190.48,$158.74,$152.39,$146.04,$139.69,$133.34,$126.99,$120.64,$114.29,$107.94,$101.59,$95.24,$88.89,$77.25,$78.31,$79.37,$80.43,$81.49,$82.54,$83.60,$84.66,$85.72,$86.78,$87.83,$88.89,$91.01,$93.13,$95.24,$97.36,$99.48,$101.59,$103.71,$105.82,$107.94,$110.06,$112.17,$114.29,$111.12,$107.94,$104.77,$101.59,$98.42,$95.24,$92.07,$88.89,$85.72,$82.54,$79.37,$76.19,$74.08,$71.96,$69.84,$67.73,$65.61,$63.49,$61.38,$59.26,$57.15,$55.03,$52.91,$50.80,$51.85,$52.91,$53.97,$55.03,$56.09,$57.15,$58.20,$59.26,$60.32,$61.38,$62.44,$63.49,$65.61,$67.73,$69.84,$71.96,$74.08,$107.94,$111.12,$114.29,$117.47,$53.34,$86.35,$126.99,$185.41,$203.18,$184.14
Corsair Vengeance RGB 48 GB,DDR5-5600,2 x 24GB,14.286 ns,40,$11.54,Black,0.0,0,,,,,,,,,,,,,,,,,,,,,,,,,,,,,,,,,,,,,,,,,,,,,,,"$1,384.97","$1,384.97","$1,338.81","$1,292.64","$1,246.48","$1,200.31","$1,154.15","$1,107.98","$1,061.81","$1,015.65",$969.48,$923.32,$877.15,$830.99,$798.67,$766.35,$734.04,$701.72,$669.40,$637.09,$604.77,$572.46,$540.14,$507.82,$475.51,$443.19,$429.34,$415.49,$401.64,$387.79,$373.94,$360.09,$346.24,$332.39,$318.54,$304.69,$290.84,$277.00,$286.23,$295.46,$304.69,$313.93,$323.16,$470.89,$484.74,$498.59,$512.44,$232.68,$376.71,$553.99,$703.57,$659.25,$659.25
TEAMGROUP Elite Plus 16 GB,DDR5-6000,1 x 16GB,13.333 ns,40,$12.69,Black,0.0,0,,,,,,,,,,,,,,,,,,,,,,,,,,,,,,,,,,,,,,,,,,,,,,,$507.48,$507.48,$490.56,$473.64,$456.73,$439.81,$422.90,$405.98,$389.06,$372.15,$355.23,$338.32,$321.40,$304.49,$292.64,$280.80,$268.96,$257.12,$245.28,$233.44,$221.60,$209.76,$197.92,$186.07,$174.23,$162.39,$157.32,$152.24,$147.17,$142.09,$137.02,$131.94,$126.87,$121.79,$116.72,$111.64,$106.57,$101.50,$104.88,$108.26,$111.64,$115.03,$118.41,$172.54,$177.62,$182.69,$187.77,$85.26,$138.03,$202.99,$257.80,$241.56,$241.56
TEAMGROUP T-Create Expert 48 GB,DDR5-7200,2 x 24GB,9.444 ns,34,$11.77,White,0.0,0,,,,,,,,,,,,,,,,,,,,,,,,,,,,,,,,,,,,,,,,,,,,,,,"$1,412.47","$1,412.47","$1,365.39","$1,318.31","$1,271.23","$1,224.14","$1,177.06","$1,129.98","$1,082.90","$1,035.82",$988.73,$941.65,$894.57,$847.49,$814.53,$781.57,$748.61,$715.65,$682.70,$649.74,$616.78,$583.82,$550.87,$517.91,$484.95,$451.99,$437.87,$423.74,$409.62,$395.49,$381.37,$367.24,$353.12,$338.99,$324.87,$310.74,$296.62,$282.50,$291.91,$301.33,$310.74,$320.16,$329.58,$480.24,$494.37,$508.49,$522.62,$237.30,$384.19,$564.99,$717.54,$672.34,$672.34
G.Skill Ripjaws M5 RGB 32 GB,DDR5-6800,2 x 16GB,10 ns,34,$15.63,White,0.0,0,,,,,,,,,,,,,,,,,,,,,,,,,,,,,,,,,,,,,,,,,,,,,,,"$1,249.97","$1,249.97","$1,208.31","$1,166.64","$1,124.98","$1,083.31","$1,041.65",$999.98,$958.31,$916.65,$874.98,$833.32,$791.65,$749.99,$720.82,$691.65,$662.49,$633.32,$604.15,$574.99,$545.82,$516.66,$487.49,$458.32,$429.16,$399.99,$387.49,$374.99,$362.49,$349.99,$337.49,$324.99,$312.49,$299.99,$287.49,$274.99,$262.49,$250.00,$258.33,$266.66,$274.99,$283.33,$291.66,$424.99,$437.49,$449.99,$462.49,$210.00,$339.99,$499.99,$634.99,$594.99,$594.99
G.Skill Trident Z5 RGB 32 GB,DDR5-8000,2 x 16GB,9.5 ns,38,$16.25,Silver / Black,0.0,0,,,,,,,,,,,,,,,,,,,,,,,,,,,,,,,,,,,,,,,,,,,,,,,"$1,299.97","$1,299.97","$1,256.64","$1,213.31","$1,169.98","$1,126.64","$1,083.31","$1,039.98",$996.65,$953.32,$909.98,$866.65,$823.32,$779.99,$749.65,$719.32,$688.99,$658.65,$628.32,$597.99,$567.66,$537.32,$506.99,$476.66,$446.32,$415.99,$402.99,$389.99,$376.99,$363.99,$350.99,$337.99,$324.99,$311.99,$298.99,$285.99,$272.99,$260.00,$268.66,$277.33,$285.99,$294.66,$303.33,$441.99,$454.99,$467.99,$480.99,$218.40,$353.59,$519.99,$660.39,$618.79,$618.79
G.Skill Value 8 GB,DDR4-2400,1 x 8GB,14.167 ns,17,$13.70,Black,4.5,3,$154.37,$155.28,$156.19,$157.11,$158.02,$158.93,$159.85,$160.76,$161.67,$162.59,$163.50,$164.41,$137.01,$131.53,$126.05,$120.57,$115.09,$109.61,$104.13,$98.65,$93.17,$87.69,$82.21,$76.73,$66.68,$67.59,$68.51,$69.42,$70.33,$71.25,$72.16,$73.07,$73.99,$74.90,$75.81,$76.73,$78.55,$80.38,$82.21,$84.03,$85.86,$87.69,$89.51,$91.34,$93.17,$95.00,$96.82,$98.65,$95.91,$93.17,$90.43,$87.69,$84.95,$82.21,$79.47,$76.73,$73.99,$71.25,$68.51,$65.77,$63.94,$62.11,$60.29,$58.46,$56.63,$54.80,$52.98,$51.15,$49.32,$47.50,$45.67,$43.84,$44.76,$45.67,$46.58,$47.50,$48.41,$49.32,$50.24,$51.15,$52.06,$52.98,$53.89,$54.80,$56.63,$58.46,$60.29,$62.11,$63.94,$93.17,$95.91,$98.65,$101.39,$46.04,$74.53,$109.61,$160.03,$175.38,$158.93
Thermaltake TOUGHRAM XG RGB 16 GB,DDR4-4600,2 x 8GB,8.261 ns,19,$14.06,White / Silver,0.0,0,$316.85,$318.72,$320.60,$322.47,$324.35,$326.22,$328.10,$329.97,$331.85,$333.72,$335.60,$337.47,$281.22,$269.98,$258.73,$247.48,$236.23,$224.98,$213.73,$202.48,$191.23,$179.98,$168.74,$157.49,$136.86,$138.74,$140.61,$142.49,$144.36,$146.24,$148.11,$149.99,$151.86,$153.74,$155.61,$157.49,$161.24,$164.99,$168.73,$172.48,$176.23,$179.98,$183.73,$187.48,$191.23,$194.98,$198.73,$202.48,$196.86,$191.23,$185.61,$179.98,$174.36,$168.73,$163.11,$157.49,$151.86,$146.24,$140.61,$134.99,$131.24,$127.49,$123.74,$119.99,$116.24,$112.49,$108.74,$104.99,$101.24,$97.49,$93.74,$89.99,$91.87,$93.74,$95.62,$97.49,$99.37,$101.24,$103.12,$104.99,$106.87,$108.74,$110.62,$112.49,$116.24,$119.99,$123.74,$127.49,$131.24,$191.23,$196.86,$202.48,$208.11,$94.49,$152.99,$224.98,$328.47,$359.97,$326.22
Patriot Signature Premium 16 GB,DDR4-2666,1 x 16GB,14.254 ns,19,,Black,4.5,3,$126.74,$127.49,$128.24,$128.99,$129.74,$130.49,$131.24,$131.99,$132.74,$133.49,$134.24,$134.98,$112.49,$107.99,$103.49,$98.99,$94.49,$89.99,$85.49,$80.99,$76.49,$71.99,$67.49,$62.99,$54.74,$55.49,$56.24,$56.99,$57.74,$58.49,$59.24,$59.99,$60.74,$61.49,$62.24,$62.99,$64.49,$65.99,$67.49,$68.99,$70.49,$71.99,$73.49,$74.99,$76.49,$77.99,$79.49,$80.99,$78.74,$76.49,$74.24,$71.99,$69.74,$67.49,$65.24,$62.99,$60.74,$58.49,$56.24,$53.99,$52.49,$50.99,$49.49,$47.99,$46.49,$44.99,$43.50,$42.00,$40.50,$39.00,$37.50,$36.00,$36.75,$37.50,$38.25,$39.00,$39.75,$40.50,$41.25,$42.00,$42.75,$43.50,$44.25,$44.99,$46.49,$47.99,$49.49,$50.99,$52.49,$76.49,$78.74,$80.99,$83.24,$37.80,$61.19,$89.99,$131.39,$143.98,$130.49
G.Skill Ripjaws 64 GB,DDR4-3200,2 x 32GB,13.75 ns,22,$4.38,Blue / Black,0.0,0,$394.32,$396.65,$398.99,$401.32,$403.65,$405.99,$408.32,$410.65,$412.99,$415.32,$417.65,$419.99,$349.99,$335.99,$321.99,$307.99,$293.99,$279.99,$265.99,$251.99,$237.99,$223.99,$209.99,$195.99,$170.33,$172.66,$174.99,$177.33,$179.66,$181.99,$184.33,$186.66,$188.99,$191.33,$193.66,$195.99,$200.66,$205.33,$209.99,$214.66,$219.33,$223.99,$228.66,$233.32,$237.99,$242.66,$247.32,$251.99,$244.99,$237.99,$230.99,$223.99,$216.99,$209.99,$202.99,$195.99,$188.99,$181.99,$174.99,$167.99,$163.33,$158.66,$153.99,$149.33,$144.66,$140.00,$135.33,$130.66,$126.00,$121.33,$116.66,$112.00,$114.33,$116.66,$119.00,$121.33,$123.66,$126.00,$128.33,$130.66,$133.00,$135.33,$137.66,$140.00,$144.66,$149.33,$153.99,$158.66,$163.33,$237.99,$244.99,$251.99,$258.99,$117.60,$190.39,$279.99,$408.79,$447.98,$405.99
Corsair Vengeance RGB 64 GB,DDR5-6000,2 x 32GB,12.667 ns,38,$13.52,Black,0.0,0,,,,,,,,,,,,,,,,,,,,,,,,,,,,,,,,,,,,,,,,,,,,,,,"$2,162.47","$2,162.47","$2,090.39","$2,018.31","$1,946.23","$1,874.14","$1,802.06","$1,729.98","$1,657.90","$1,585.82","$1,513.73","$1,441.65","$1,369.57","$1,297.49","$1,247.03","$1,196.57","$1,146.11","$1,095.65","$1,045.20",$994.74,$944.28,$893.82,$843.37,$792.91,$742.45,$691.99,$670.37,$648.74,$627.12,$605.49,$583.87,$562.24,$540.62,$518.99,$497.37,$475.74,$454.12,$432.50,$446.91,$461.33,$475.74,$490.16,$504.58,$735.24,$756.87,$778.49,$800.12,$363.30,$588.19,$864.99,"$1,098.54","$1,029.34","$1,029.34"
G.Skill Trident Z5 Royal 48 GB,DDR5-7200,2 x 24GB,10 ns,36,$13.54,Gold,5.0,1,,,,,,,,,,,,,,,,,,,,,,,,,,,,,,,,,,,,,,,,,,,,,,,"$1,624.97","$1,624.97","$1,570.81","$1,516.64","$1,462.48","$1,408.31","$1,354.15","$1,299.98","$1,245.81","$1,191.65","$1,137.48","$1,083.32","$1,029.15",$974.99,$937.07,$899.15,$861.24,$823.32,$785.40,$747.49,$709.57,$671.66,$633.74,$595.82,$557.91,$519.99,$503.74,$487.49,$471.24,$454.99,$438.74,$422.49,$406.24,$389.99,$373.74,$357.49,$341.24,$325.00,$335.83,$346.66,$357.49,$368.33,$379.16,$552.49,$568.74,$584.99,$601.24,$273.00,$441.99,$649.99,$825.49,$773.49,$773.49
Kingston FURY Impact 16 GB,DDR4-3200,2 x 8GB,12.5 ns,20,$11.79,Black,0.0,0,$265.61,$267.18,$268.75,$270.33,$271.90,$273.47,$275.04,$276.61,$278.18,$279.76,$281.33,$282.90,$235.75,$226.32,$216.89,$207.46,$198.03,$188.60,$179.17,$169.74,$160.31,$150.88,$141.45,$132.02,$114.73,$116.30,$117.88,$119.45,$121.02,$122.59,$124.16,$125.73,$127.31,$128.88,$130.45,$132.02,$135.16,$138.31,$141.45,$144.59,$147.74,$150.88,$154.02,$157.17,$160.31,$163.45,$166.60,$169.74,$165.03,$160.31,$155.59,$150.88,$146.16,$141.45,$136.73,$132.02,$127.31,$122.59,$117.88,$113.16,$110.02,$106.87,$103.73,$100.59,$97.44,$94.30,$91.16,$88.01,$84.87,$81.73,$78.58,$75.44,$77.01,$78.58,$80.16,$81.73,$83.30,$84.87,$86.44,$88.01,$89.59,$91.16,$92.73,$94.30,$97.44,$100.59,$103.73,$106.87,$110.02,$160.31,$165.03,$169.74,$174.45,$79.21,$128.25,$188.60,$275.36,$301.76,$273.47
Kingston KSM48E40BD8KM-32HM 32 GB,DDR5-4800,1 x 32GB,16.667 ns,40,,Green,0.0,0,,,,,,,,,,,,,,,,,,,,,,,,,,,,,,,,,,,,,,,,,,,,,,,$874.98,$874.98,$845.81,$816.64,$787.48,$758.31,$729.15,$699.98,$670.81,$641.65,$612.48,$583.32,$554.15,$524.99,$504.57,$484.15,$463.74,$443.32,$422.90,$402.49,$382.07,$361.66,$341.24,$320.82,$300.41,$279.99,$271.24,$262.49,$253.74,$244.99,$236.24,$227.49,$218.74,$209.99,$201.24,$192.49,$183.74,$175.00,$180.83,$186.66,$192.49,$198.33,$204.16,$297.49,$306.24,$314.99,$323.74,$147.00,$237.99,$349.99,$444.49,$416.49,$416.49
Silicon Power XPOWER Turbine RGB 16 GB,DDR4-3200,2 x 8GB,10 ns,16,$7.92,Silver / Black,4.5,9,$178.56,$179.62,$180.68,$181.73,$182.79,$183.85,$184.90,$185.96,$187.02,$188.07,$189.13,$190.19,$158.49,$152.15,$145.81,$139.47,$133.13,$126.79,$120.45,$114.11,$107.77,$101.43,$95.09,$88.75,$77.13,$78.19,$79.24,$80.30,$81.36,$82.41,$83.47,$84.53,$85.58,$86.64,$87.70,$88.75,$90.87,$92.98,$95.09,$97.21,$99.32,$101.43,$103.55,$105.66,$107.77,$109.88,$112.00,$114.11,$110.94,$107.77,$104.60,$101.43,$98.26,$95.09,$91.92,$88.75,$85.58,$82.41,$79.24,$76.07,$73.96,$71.85,$69.73,$67.62,$65.51,$63.40,$61.28,$59.17,$57.06,$54.94,$52.83,$50.72,$51.77,$52.83,$53.89,$54.94,$56.00,$57.06,$58.11,$59.17,$60.23,$61.28,$62.34,$63.40,$65.51,$67.62,$69.73,$71.85,$73.96,$107.77,$110.94,$114.11,$117.28,$53.25,$86.22,$126.79,$185.11,$202.86,$183.85
G.Skill Trident Z Royal 16 GB,DDR4-4000,2 x 8GB,7.5 ns,15,$10.56,Gold,0.0,0,$238.01,$239.42,$240.82,$242.23,$243.64,$245.05,$246.46,$247.87,$249.27,$250.68,$252.09,$253.50,$211.25,$202.80,$194.35,$185.90,$177.45,$169.00,$160.55,$152.10,$143.65,$135.20,$126.75,$118.30,$102.81,$104.22,$105.62,$107.03,$108.44,$109.85,$111.26,$112.67,$114.08,$115.48,$116.89,$118.30,$121.12,$123.93,$126.75,$129.57,$132.38,$135.20,$138.02,$140.83,$143.65,$146.47,$149.28,$152.10,$147.88,$143.65,$139.43,$135.20,$130.97,$126.75,$122.52,$118.30,$114.08,$109.85,$105.62,$101.40,$98.58,$95.77,$92.95,$90.13,$87.32,$84.50,$81.68,$78.87,$76.05,$73.23,$70.42,$67.60,$69.01,$70.42,$71.83,$73.23,$74.64,$76.05,$77.46,$78.87,$80.28,$81.68,$83.09,$84.50,$87.32,$90.13,$92.95,$95.77,$98.58,$143.65,$147.88,$152.10,$156.32,$70.98,$114.92,$169.00,$246.74,$270.40,$245.05
Timetec 75TT21NU 8 GB,DDR4-2133,2 x 4GB,14.065 ns,15,$11.62,Black,0.0,0,$130.96,$131.74,$132.51,$133.29,$134.06,$134.84,$135.61,$136.39,$137.16,$137.94,$138.71,$139.48,$116.24,$111.59,$106.94,$102.29,$97.64,$92.99,$88.34,$83.69,$79.04,$74.39,$69.74,$65.09,$56.57,$57.34,$58.12,$58.89,$59.67,$60.44,$61.22,$61.99,$62.77,$63.54,$64.32,$65.09,$66.64,$68.19,$69.74,$71.29,$72.84,$74.39,$75.94,$77.49,$79.04,$80.59,$82.14,$83.69,$81.37,$79.04,$76.72,$74.39,$72.07,$69.74,$67.42,$65.09,$62.77,$60.44,$58.12,$55.79,$54.24,$52.69,$51.14,$49.59,$48.04,$46.49,$44.95,$43.40,$41.85,$40.30,$38.75,$37.20,$37.97,$38.75,$39.52,$40.30,$41.07,$41.85,$42.62,$43.40,$44.17,$44.95,$45.72,$46.49,$48.04,$49.59,$51.14,$52.69,$54.24,$79.04,$81.37,$83.69,$86.02,$39.06,$63.23,$92.99,$135.77,$148.78,$134.84
Crucial CT2K8G4RFS424A 16 GB,DDR4-2400,2 x 8GB,14.167 ns,17,$7.50,Green / Black,0.0,0,$168.99,$169.99,$170.99,$171.99,$172.99,$173.99,$174.99,$175.99,$176.99,$177.99,$178.99,$179.98,$149.99,$143.99,$137.99,$131.99,$125.99,$119.99,$113.99,$107.99,$101.99,$95.99,$89.99,$83.99,$72.99,$73.99,$74.99,$75.99,$76.99,$77.99,$78.99,$79.99,$80.99,$81.99,$82.99,$83.99,$85.99,$87.99,$89.99,$91.99,$93.99,$95.99,$97.99,$99.99,$101.99,$103.99,$105.99,$107.99,$104.99,$101.99,$98.99,$95.99,$92.99,$89.99,$86.99,$83.99,$80.99,$77.99,$74.99,$71.99,$69.99,$67.99,$65.99,$63.99,$61.99,$59.99,$58.00,$56.00,$54.00,$52.00,$50.00,$48.00,$49.00,$50.00,$51.00,$52.00,$53.00,$54.00,$55.00,$56.00,$57.00,$58.00,$59.00,$59.99,$61.99,$63.99,$65.99,$67.99,$69.99,$101.99,$104.99,$107.99,$110.99,$50.40,$81.59,$119.99,$175.19,$191.98,$173.99
G.Skill Trident Z 32 GB,DDR5-6400,2 x 16GB,10 ns,32,$14.69,Black,0.0,0,,,,,,,,,,,,,,,,,,,,,,,,,,,,,,,,,,,,,,,,,,,,,,,"$1,174.97","$1,174.97","$1,135.81","$1,096.64","$1,057.48","$1,018.31",$979.15,$939.98,$900.81,$861.65,$822.48,$783.32,$744.15,$704.99,$677.57,$650.15,$622.74,$595.32,$567.90,$540.49,$513.07,$485.66,$458.24,$430.82,$403.41,$375.99,$364.24,$352.49,$340.74,$328.99,$317.24,$305.49,$293.74,$281.99,$270.24,$258.49,$246.74,$235.00,$242.83,$250.66,$258.49,$266.33,$274.16,$399.49,$411.24,$422.99,$434.74,$197.40,$319.59,$469.99,$596.89,$559.29,$559.29
G.Skill Zeta R5 Neo 128 GB,DDR5-6000,4 x 32GB,10 ns,30,,Black,0.0,0,,,,,,,,,,,,,,,,,,,,,,,,,,,,,,,,,,,,,,,,,,,,,,,"$2,212.47","$2,212.47","$2,138.73","$2,064.98","$1,991.23","$1,917.48","$1,843.73","$1,769.98","$1,696.23","$1,622.48","$1,548.73","$1,474.98","$1,401.23","$1,327.49","$1,275.86","$1,224.24","$1,172.61","$1,120.99","$1,069.36","$1,017.74",$966.11,$914.49,$862.87,$811.24,$759.62,$707.99,$685.87,$663.74,$641.62,$619.49,$597.37,$575.24,$553.12,$530.99,$508.87,$486.74,$464.62,$442.50,$457.24,$471.99,$486.74,$501.49,$516.24,$752.24,$774.37,$796.49,$818.62,$371.70,$601.79,$884.99,"$1,123.94","$1,053.14","$1,053.14"
TEAMGROUP T-Create Master 64 GB,DDR5-6000,4 x 16GB,10.667 ns,32,$15.25,Black,0.0,0,,,,,,,,,,,,,,,,,,,,,,,,,,,,,,,,,,,,,,,,,,,,,,,"$2,439.97","$2,439.97","$2,358.64","$2,277.31","$2,195.98","$2,114.64","$2,033.31","$1,951.98","$1,870.65","$1,789.32","$1,707.98","$1,626.65","$1,545.32","$1,463.99","$1,407.05","$1,350.12","$1,293.19","$1,236.25","$1,179.32","$1,122.39","$1,065.46","$1,008.52",$951.59,$894.66,$837.72,$780.79,$756.39,$731.99,$707.59,$683.19,$658.79,$634.39,$609.99,$585.59,$561.19,$536.79,$512.39,$488.00,$504.26,$520.53,$536.79,$553.06,$569.33,$829.59,$853.99,$878.39,$902.79,$409.92,$663.67,$975.99,"$1,239.51","$1,161.43","$1,161.43"
G.Skill Trident Z5 Neo 32 GB,DDR5-6000,2 x 16GB,10.667 ns,32,$14.49,Black,5.0,2,,,,,,,,,,,,,,,,,,,,,,,,,,,,,,,,,,,,,,,,,,,,,,,"$1,158.92","$1,158.92","$1,120.29","$1,081.66","$1,043.03","$1,004.40",$965.77,$927.14,$888.51,$849.88,$811.25,$772.62,$733.99,$695.36,$668.31,$641.27,$614.23,$587.19,$560.15,$533.11,$506.06,$479.02,$451.98,$424.94,$397.90,$370.86,$359.27,$347.68,$336.09,$324.50,$312.91,$301.32,$289.73,$278.14,$266.55,$254.96,$243.37,$231.78,$239.51,$247.24,$254.96,$262.69,$270.42,$394.03,$405.62,$417.21,$428.80,$194.70,$315.23,$463.57,$588.73,$551.65,$551.65
Corsair Dominator Platinum RGB 32 GB,DDR5-5600,2 x 16GB,12.857 ns,36,$13.97,Black / Silver,0.0,0,,,,,,,,,,,,,,,,,,,,,,,,,,,,,,,,,,,,,,,,,,,,,,,"$1,117.47","$1,117.47","$1,080.23","$1,042.98","$1,005.73",$968.48,$931.23,$893.98,$856.73,$819.48,$782.23,$744.98,$707.73,$670.49,$644.41,$618.34,$592.26,$566.19,$540.11,$514.04,$487.96,$461.89,$435.82,$409.74,$383.67,$357.59,$346.42,$335.24,$324.07,$312.89,$301.72,$290.54,$279.37,$268.19,$257.02,$245.84,$234.67,$223.50,$230.94,$238.39,$245.84,$253.29,$260.74,$379.94,$391.12,$402.29,$413.47,$187.74,$303.95,$446.99,$567.68,$531.92,$531.92
Corsair Vengeance 64 GB,DDR5-6200,2 x 32GB,10.323 ns,32,$13.66,Black / Gray,0.0,0,,,,,,,,,,,,,,,,,,,,,,,,,,,,,,,,,,,,,,,,,,,,,,,"$2,184.97","$2,184.97","$2,112.14","$2,039.31","$1,966.48","$1,893.64","$1,820.81","$1,747.98","$1,675.15","$1,602.32","$1,529.48","$1,456.65","$1,383.82","$1,310.99","$1,260.00","$1,209.02","$1,158.04","$1,107.05","$1,056.07","$1,005.09",$954.11,$903.12,$852.14,$801.16,$750.17,$699.19,$677.34,$655.49,$633.64,$611.79,$589.94,$568.09,$546.24,$524.39,$502.54,$480.69,$458.84,$437.00,$451.56,$466.13,$480.69,$495.26,$509.83,$742.89,$764.74,$786.59,$808.44,$367.08,$594.31,$873.99,"$1,109.97","$1,040.05","$1,040.05"
G.Skill Trident Z5 RGB 48 GB,DDR5-7600,2 x 24GB,10 ns,38,$12.71,Black,0.0,0,,,,,,,,,,,,,,,,,,,,,,,,,,,,,,,,,,,,,,,,,,,,,,,"$1,524.97","$1,524.97","$1,474.14","$1,423.31","$1,372.48","$1,321.64","$1,270.81","$1,219.98","$1,169.15","$1,118.32","$1,067.48","$1,016.65",$965.82,$914.99,$879.40,$843.82,$808.24,$772.65,$737.07,$701.49,$665.91,$630.32,$594.74,$559.16,$523.57,$487.99,$472.74,$457.49,$442.24,$426.99,$411.74,$396.49,$381.24,$365.99,$350.74,$335.49,$320.24,$305.00,$315.16,$325.33,$335.49,$345.66,$355.83,$518.49,$533.74,$548.99,$564.24,$256.20,$414.79,$609.99,$774.69,$725.89,$725.89
Patriot Viper Xtreme 5 RGB 32 GB,DDR5-7600,2 x 16GB,9.474 ns,36,$16.50,Black,0.0,0,,,,,,,,,,,,,,,,,,,,,,,,,,,,,,,,,,,,,,,,,,,,,,,"$1,319.97","$1,319.97","$1,275.98","$1,231.98","$1,187.98","$1,143.98","$1,099.98","$1,055.98","$1,011.98",$967.98,$923.98,$879.98,$835.98,$791.99,$761.19,$730.39,$699.59,$668.79,$637.99,$607.19,$576.39,$545.59,$514.79,$483.99,$453.19,$422.39,$409.19,$395.99,$382.79,$369.59,$356.39,$343.19,$329.99,$316.79,$303.59,$290.39,$277.19,$264.00,$272.79,$281.59,$290.39,$299.19,$307.99,$448.79,$461.99,$475.19,$488.39,$221.76,$359.03,$527.99,$670.55,$628.31,$628.31
G.Skill Aegis 16 GB,DDR4-3000,1 x 16GB,10.667 ns,16,$9.35,Red / Black,0.0,0,$210.70,$211.95,$213.19,$214.44,$215.69,$216.93,$218.18,$219.43,$220.67,$221.92,$223.17,$224.42,$187.01,$179.53,$172.05,$164.57,$157.09,$149.61,$142.13,$134.65,$127.17,$119.69,$112.21,$104.73,$91.01,$92.26,$93.51,$94.75,$96.00,$97.25,$98.49,$99.74,$100.99,$102.23,$103.48,$104.73,$107.22,$109.71,$112.21,$114.70,$117.19,$119.69,$122.18,$124.67,$127.17,$129.66,$132.16,$134.65,$130.91,$127.17,$123.43,$119.69,$115.95,$112.21,$108.47,$104.73,$100.99,$97.25,$93.51,$89.77,$87.27,$84.78,$82.29,$79.79,$77.30,$74.81,$72.31,$69.82,$67.32,$64.83,$62.34,$59.84,$61.09,$62.34,$63.58,$64.83,$66.08,$67.32,$68.57,$69.82,$71.06,$72.31,$73.56,$74.81,$77.30,$79.79,$82.29,$84.78,$87.27,$127.17,$130.91,$134.65,$138.39,$62.84,$101.73,$149.61,$218.43,$239.38,$216.93
TEAMGROUP Xtreem ARGB 32 GB,DDR5-7200,2 x 16GB,9.444 ns,34,$15.63,Black,0.0,0,,,,,,,,,,,,,,,,,,,,,,,,,,,,,,,,,,,,,,,,,,,,,,,"$1,249.97","$1,249.97","$1,208.31","$1,166.64","$1,124.98","$1,083.31","$1,041.65",$999.98,$958.31,$916.65,$874.98,$833.32,$791.65,$749.99,$720.82,$691.65,$662.49,$633.32,$604.15,$574.99,$545.82,$516.66,$487.49,$458.32,$429.16,$399.99,$387.49,$374.99,$362.49,$349.99,$337.49,$324.99,$312.49,$299.99,$287.49,$274.99,$262.49,$250.00,$258.33,$266.66,$274.99,$283.33,$291.66,$424.99,$437.49,$449.99,$462.49,$210.00,$339.99,$499.99,$634.99,$594.99,$594.99
TEAMGROUP T-Force Delta RGB 48 GB,DDR5-7600,2 x 24GB,9.474 ns,36,$11.56,White,5.0,1,,,,,,,,,,,,,,,,,,,,,,,,,,,,,,,,,,,,,,,,,,,,,,,"$1,387.47","$1,387.47","$1,341.23","$1,294.98","$1,248.73","$1,202.48","$1,156.23","$1,109.98","$1,063.73","$1,017.48",$971.23,$924.98,$878.73,$832.49,$800.11,$767.74,$735.36,$702.99,$670.61,$638.24,$605.86,$573.49,$541.12,$508.74,$476.37,$443.99,$430.12,$416.24,$402.37,$388.49,$374.62,$360.74,$346.87,$332.99,$319.12,$305.24,$291.37,$277.50,$286.74,$295.99,$305.24,$314.49,$323.74,$471.74,$485.62,$499.49,$513.37,$233.10,$377.39,$554.99,$704.84,$660.44,$660.44
Kingston FURY Renegade Pro 16 GB,DDR5-6400,1 x 16GB,10 ns,32,,Black,0.0,0,,,,,,,,,,,,,,,,,,,,,,,,,,,,,,,,,,,,,,,,,,,,,,,$424.98,$424.98,$410.81,$396.64,$382.48,$368.31,$354.15,$339.98,$325.81,$311.65,$297.48,$283.32,$269.15,$254.99,$245.07,$235.15,$225.24,$215.32,$205.40,$195.49,$185.57,$175.66,$165.74,$155.82,$145.91,$135.99,$131.74,$127.49,$123.24,$118.99,$114.74,$110.49,$106.24,$101.99,$97.74,$93.49,$89.24,$85.00,$87.83,$90.66,$93.49,$96.33,$99.16,$144.49,$148.74,$152.99,$157.24,$71.40,$115.59,$169.99,$215.89,$202.29,$202.29
TEAMGROUP Xtreem ARGB 32 GB,DDR5-8000,2 x 16GB,9.5 ns,38,$15.94,Black,0.0,0,,,,,,,,,,,,,,,,,,,,,,,,,,,,,,,,,,,,,,,,,,,,,,,"$1,274.97","$1,274.97","$1,232.48","$1,189.98","$1,147.48","$1,104.98","$1,062.48","$1,019.98",$977.48,$934.98,$892.48,$849.98,$807.48,$764.99,$735.24,$705.49,$675.74,$645.99,$616.24,$586.49,$556.74,$526.99,$497.24,$467.49,$437.74,$407.99,$395.24,$382.49,$369.74,$356.99,$344.24,$331.49,$318.74,$305.99,$293.24,$280.49,$267.74,$255.00,$263.49,$271.99,$280.49,$288.99,$297.49,$433.49,$446.24,$458.99,$471.74,$214.20,$346.79,$509.99,$647.69,$606.89,$606.89
TEAMGROUP T-Force Delta RGB 32 GB,DDR5-6800,2 x 16GB,10 ns,34,$14.06,Black / Silver,4.5,2,,,,,,,,,,,,,,,,,,,,,,,,,,,,,,,,,,,,,,,,,,,,,,,"$1,124.97","$1,124.97","$1,087.48","$1,049.98","$1,012.48",$974.98,$937.48,$899.98,$862.48,$824.98,$787.48,$749.98,$712.48,$674.99,$648.74,$622.49,$596.24,$569.99,$543.74,$517.49,$491.24,$464.99,$438.74,$412.49,$386.24,$359.99,$348.74,$337.49,$326.24,$314.99,$303.74,$292.49,$281.24,$269.99,$258.74,$247.49,$236.24,$225.00,$232.49,$239.99,$247.49,$254.99,$262.49,$382.49,$393.74,$404.99,$416.24,$189.00,$305.99,$449.99,$571.49,$535.49,$535.49
Corsair Vengeance RGB 64 GB,DDR5-6400,4 x 16GB,10 ns,32,$14.31,Black / Gray,0.0,0,,,,,,,,,,,,,,,,,,,,,,,,,,,,,,,,,,,,,,,,,,,,,,,"$2,289.97","$2,289.97","$2,213.64","$2,137.31","$2,060.98","$1,984.64","$1,908.31","$1,831.98","$1,755.65","$1,679.32","$1,602.98","$1,526.65","$1,450.32","$1,373.99","$1,320.55","$1,267.12","$1,213.69","$1,160.25","$1,106.82","$1,053.39",$999.96,$946.52,$893.09,$839.66,$786.22,$732.79,$709.89,$686.99,$664.09,$641.19,$618.29,$595.39,$572.49,$549.59,$526.69,$503.79,$480.89,$458.00,$473.26,$488.53,$503.79,$519.06,$534.33,$778.59,$801.49,$824.39,$847.29,$384.72,$622.87,$915.99,"$1,163.31","$1,090.03","$1,090.03"
Corsair Vengeance LPX 32 GB,DDR4-3200,4 x 8GB,10 ns,16,$6.84,Black / Yellow,0.0,0,$308.41,$310.24,$312.06,$313.89,$315.71,$317.54,$319.36,$321.19,$323.01,$324.84,$326.66,$328.49,$273.74,$262.79,$251.84,$240.89,$229.94,$218.99,$208.04,$197.09,$186.14,$175.19,$164.24,$153.29,$133.22,$135.04,$136.87,$138.69,$140.52,$142.34,$144.17,$145.99,$147.82,$149.64,$151.47,$153.29,$156.94,$160.59,$164.24,$167.89,$171.54,$175.19,$178.84,$182.49,$186.14,$189.79,$193.44,$197.09,$191.62,$186.14,$180.67,$175.19,$169.72,$164.24,$158.77,$153.29,$147.82,$142.34,$136.87,$131.39,$127.74,$124.09,$120.44,$116.79,$113.14,$109.50,$105.85,$102.20,$98.55,$94.90,$91.25,$87.60,$89.42,$91.25,$93.07,$94.90,$96.72,$98.55,$100.37,$102.20,$104.02,$105.85,$107.67,$109.50,$113.14,$116.79,$120.44,$124.09,$127.74,$186.14,$191.62,$197.09,$202.57,$91.98,$148.91,$218.99,$319.73,$350.38,$269.00
Patriot Viper Steel RGB 64 GB,DDR4-3600,2 x 32GB,11.111 ns,20,$9.38,Black,0.0,0,$844.99,$849.99,$854.99,$859.99,$864.99,$869.99,$874.99,$879.99,$884.99,$889.99,$894.99,$899.99,$749.99,$719.99,$689.99,$659.99,$629.99,$599.99,$569.99,$539.99,$509.99,$479.99,$449.99,$419.99,$364.99,$369.99,$374.99,$379.99,$384.99,$389.99,$394.99,$399.99,$404.99,$409.99,$414.99,$419.99,$429.99,$439.99,$449.99,$459.99,$469.99,$479.99,$489.99,$499.99,$509.99,$519.99,$529.99,$539.99,$524.99,$509.99,$494.99,$479.99,$464.99,$449.99,$434.99,$419.99,$404.99,$389.99,$374.99,$359.99,$349.99,$339.99,$329.99,$319.99,$309.99,$300.00,$290.00,$280.00,$270.00,$260.00,$250.00,$240.00,$245.00,$250.00,$255.00,$260.00,$265.00,$270.00,$275.00,$280.00,$285.00,$290.00,$295.00,$300.00,$309.99,$319.99,$329.99,$339.99,$349.99,$509.99,$524.99,$539.99,$554.99,$252.00,$407.99,$599.99,$875.99,$959.98,$869.99
Kingston KCP424SD8/16 16 GB,DDR4-2400,1 x 16GB,14.167 ns,17,$4.94,Green / Black,0.0,0,$111.23,$111.89,$112.55,$113.20,$113.86,$114.52,$115.18,$115.84,$116.50,$117.15,$117.81,$118.47,$98.73,$94.78,$90.83,$86.88,$82.93,$78.98,$75.03,$71.08,$67.13,$63.18,$59.24,$55.29,$48.05,$48.70,$49.36,$50.02,$50.68,$51.34,$52.00,$52.65,$53.31,$53.97,$54.63,$55.29,$56.60,$57.92,$59.23,$60.55,$61.87,$63.18,$64.50,$65.82,$67.13,$68.45,$69.77,$71.08,$69.11,$67.13,$65.16,$63.18,$61.21,$59.23,$57.26,$55.29,$53.31,$51.34,$49.36,$47.39,$46.07,$44.76,$43.44,$42.12,$40.81,$39.49,$38.17,$36.86,$35.54,$34.22,$32.91,$31.59,$32.25,$32.91,$33.57,$34.22,$34.88,$35.54,$36.20,$36.86,$37.52,$38.17,$38.83,$39.49,$40.81,$42.12,$43.44,$44.76,$46.07,$67.13,$69.11,$71.08,$73.06,$33.17,$53.71,$78.98,$115.31,$126.37,$114.52
Patriot Signature Line 16 GB,DDR4-2400,1 x 16GB,14.167 ns,17,$3.75,Green / Black,0.0,0,$84.49,$84.99,$85.49,$85.99,$86.49,$86.99,$87.49,$87.99,$88.49,$88.99,$89.49,$89.98,$74.99,$71.99,$68.99,$65.99,$62.99,$59.99,$56.99,$53.99,$50.99,$47.99,$44.99,$41.99,$36.49,$36.99,$37.49,$37.99,$38.49,$38.99,$39.49,$39.99,$40.49,$40.99,$41.49,$41.99,$42.99,$43.99,$44.99,$45.99,$46.99,$47.99,$48.99,$49.99,$50.99,$51.99,$52.99,$53.99,$52.49,$50.99,$49.49,$47.99,$46.49,$44.99,$43.49,$41.99,$40.49,$38.99,$37.49,$35.99,$34.99,$33.99,$32.99,$31.99,$30.99,$30.00,$29.00,$28.00,$27.00,$26.00,$25.00,$24.00,$24.50,$25.00,$25.50,$26.00,$26.50,$27.00,$27.50,$28.00,$28.50,$29.00,$29.50,$30.00,$30.99,$31.99,$32.99,$33.99,$34.99,$50.99,$52.49,$53.99,$55.49,$25.20,$40.79,$59.99,$87.59,$95.98,$86.99
G.Skill Ripjaws M5 RGB 32 GB,DDR5-6400,2 x 16GB,10 ns,32,$14.22,White,0.0,0,,,,,,,,,,,,,,,,,,,,,,,,,,,,,,,,,,,,,,,,,,,,,,,"$1,137.47","$1,137.47","$1,099.56","$1,061.64","$1,023.73",$985.81,$947.90,$909.98,$872.06,$834.15,$796.23,$758.32,$720.40,$682.49,$655.94,$629.40,$602.86,$576.32,$549.78,$523.24,$496.70,$470.16,$443.62,$417.07,$390.53,$363.99,$352.62,$341.24,$329.87,$318.49,$307.12,$295.74,$284.37,$272.99,$261.62,$250.24,$238.87,$227.50,$235.08,$242.66,$250.24,$257.83,$265.41,$386.74,$398.12,$409.49,$420.87,$191.10,$309.39,$454.99,$577.84,$541.44,$541.44
TEAMGROUP T-Force Night Hawk Legend RGB 32 GB,DDR4-3200,2 x 16GB,10 ns,16,$7.16,Black,5.0,1,$322.51,$324.42,$326.32,$328.23,$330.14,$332.05,$333.96,$335.87,$337.77,$339.68,$341.59,$343.50,$286.25,$274.80,$263.35,$251.90,$240.45,$229.00,$217.55,$206.10,$194.65,$183.20,$171.75,$160.30,$139.31,$141.22,$143.12,$145.03,$146.94,$148.85,$150.76,$152.67,$154.58,$156.48,$158.39,$160.30,$164.12,$167.93,$171.75,$175.57,$179.38,$183.20,$187.02,$190.83,$194.65,$198.47,$202.28,$206.10,$200.38,$194.65,$188.93,$183.20,$177.47,$171.75,$166.03,$160.30,$154.58,$148.85,$143.12,$137.40,$133.58,$129.77,$125.95,$122.13,$118.32,$114.50,$110.68,$106.87,$103.05,$99.23,$95.42,$91.60,$93.51,$95.42,$97.33,$99.23,$101.14,$103.05,$104.96,$106.87,$108.78,$110.68,$112.59,$114.50,$118.32,$122.13,$125.95,$129.77,$133.58,$194.65,$200.38,$206.10,$211.82,$96.18,$155.72,$229.00,$334.34,$366.40,$332.05
Corsair Vengeance 32 GB,DDR5-6600,2 x 16GB,9.697 ns,32,$14.31,Black,0.0,0,,,,,,,,,,,,,,,,,,,,,,,,,,,,,,,,,,,,,,,,,,,,,,,"$1,144.97","$1,144.97","$1,106.81","$1,068.64","$1,030.48",$992.31,$954.15,$915.98,$877.81,$839.65,$801.48,$763.32,$725.15,$686.99,$660.27,$633.55,$606.84,$580.12,$553.40,$526.69,$499.97,$473.26,$446.54,$419.82,$393.11,$366.39,$354.94,$343.49,$332.04,$320.59,$309.14,$297.69,$286.24,$274.79,$263.34,$251.89,$240.44,$229.00,$236.63,$244.26,$251.89,$259.53,$267.16,$389.29,$400.74,$412.19,$423.64,$192.36,$311.43,$457.99,$581.65,$545.01,$545.01
Patriot Viper Elite II 16 GB,DDR4-2666,1 x 16GB,12.003 ns,16,$6.25,Red / Black,0.0,0,$140.82,$141.65,$142.49,$143.32,$144.15,$144.99,$145.82,$146.65,$147.49,$148.32,$149.15,$149.98,$124.99,$119.99,$114.99,$109.99,$104.99,$99.99,$94.99,$89.99,$84.99,$79.99,$74.99,$69.99,$60.83,$61.66,$62.49,$63.33,$64.16,$64.99,$65.83,$66.66,$67.49,$68.33,$69.16,$69.99,$71.66,$73.33,$74.99,$76.66,$78.33,$79.99,$81.66,$83.32,$84.99,$86.66,$88.32,$89.99,$87.49,$84.99,$82.49,$79.99,$77.49,$74.99,$72.49,$69.99,$67.49,$64.99,$62.49,$59.99,$58.33,$56.66,$54.99,$53.33,$51.66,$49.99,$48.33,$46.66,$45.00,$43.33,$41.66,$40.00,$40.83,$41.66,$42.50,$43.33,$44.16,$45.00,$45.83,$46.66,$47.50,$48.33,$49.16,$49.99,$51.66,$53.33,$54.99,$56.66,$58.33,$84.99,$87.49,$89.99,$92.49,$42.00,$67.99,$99.99,$145.99,$159.98,$144.99
Patriot Viper Venom RGB 32 GB,DDR5-6400,2 x 16GB,12.5 ns,40,$11.88,Black / White,0.0,0,,,,,,,,,,,,,,,,,,,,,,,,,,,,,,,,,,,,,,,,,,,,,,,$949.98,$949.98,$918.31,$886.64,$854.98,$823.31,$791.65,$759.98,$728.31,$696.65,$664.98,$633.32,$601.65,$569.99,$547.82,$525.65,$503.49,$481.32,$459.15,$436.99,$414.82,$392.66,$370.49,$348.32,$326.16,$303.99,$294.49,$284.99,$275.49,$265.99,$256.49,$246.99,$237.49,$227.99,$218.49,$208.99,$199.49,$190.00,$196.33,$202.66,$208.99,$215.33,$221.66,$322.99,$332.49,$341.99,$351.49,$159.60,$258.39,$379.99,$482.59,$452.19,$452.19
G.Skill Ripjaws S5 32 GB,DDR5-6000,2 x 16GB,10 ns,30,$14.63,Black,0.0,0,,,,,,,,,,,,,,,,,,,,,,,,,,,,,,,,,,,,,,,,,,,,,,,"$1,169.97","$1,169.97","$1,130.98","$1,091.98","$1,052.98","$1,013.98",$974.98,$935.98,$896.98,$857.98,$818.98,$779.98,$740.98,$701.99,$674.69,$647.39,$620.09,$592.79,$565.49,$538.19,$510.89,$483.59,$456.29,$428.99,$401.69,$374.39,$362.69,$350.99,$339.29,$327.59,$315.89,$304.19,$292.49,$280.79,$269.09,$257.39,$245.69,$234.00,$241.79,$249.59,$257.39,$265.19,$272.99,$397.79,$409.49,$421.19,$432.89,$196.56,$318.23,$467.99,$594.35,$556.91,$556.91
Kingston KVR21R15S4K4/32 32 GB,DDR4-2133,4 x 8GB,14.065 ns,15,$4.00,Black / Green,0.0,0,$180.18,$181.25,$182.31,$183.38,$184.45,$185.51,$186.58,$187.65,$188.71,$189.78,$190.84,$191.91,$159.93,$153.53,$147.13,$140.73,$134.34,$127.94,$121.54,$115.15,$108.75,$102.35,$95.96,$89.56,$77.83,$78.90,$79.96,$81.03,$82.09,$83.16,$84.23,$85.29,$86.36,$87.43,$88.49,$89.56,$91.69,$93.82,$95.95,$98.09,$100.22,$102.35,$104.48,$106.62,$108.75,$110.88,$113.01,$115.15,$111.95,$108.75,$105.55,$102.35,$99.15,$95.95,$92.76,$89.56,$86.36,$83.16,$79.96,$76.76,$74.63,$72.50,$70.37,$68.23,$66.10,$63.97,$61.84,$59.71,$57.57,$55.44,$53.31,$51.18,$52.24,$53.31,$54.37,$55.44,$56.51,$57.57,$58.64,$59.71,$60.77,$61.84,$62.90,$63.97,$66.10,$68.23,$70.37,$72.50,$74.63,$108.75,$111.95,$115.15,$118.34,$53.73,$87.00,$127.94,$186.79,$204.70,$185.51
Crucial CT2K16G4DFD8213 32 GB,DDR4-2133,2 x 16GB,14.065 ns,15,$5.84,Black / Green,0.0,0,$263.06,$264.62,$266.18,$267.73,$269.29,$270.85,$272.40,$273.96,$275.52,$277.07,$278.63,$280.19,$233.49,$224.15,$214.81,$205.47,$196.13,$186.79,$177.45,$168.11,$158.77,$149.43,$140.09,$130.75,$113.63,$115.19,$116.74,$118.30,$119.86,$121.41,$122.97,$124.53,$126.08,$127.64,$129.20,$130.75,$133.87,$136.98,$140.09,$143.21,$146.32,$149.43,$152.55,$155.66,$158.77,$161.88,$165.00,$168.11,$163.44,$158.77,$154.10,$149.43,$144.76,$140.09,$135.42,$130.75,$126.08,$121.41,$116.74,$112.07,$108.96,$105.85,$102.73,$99.62,$96.51,$93.39,$90.28,$87.17,$84.06,$80.94,$77.83,$74.72,$76.27,$77.83,$79.39,$80.94,$82.50,$84.06,$85.61,$87.17,$88.73,$90.28,$91.84,$93.39,$96.51,$99.62,$102.73,$105.85,$108.96,$158.77,$163.44,$168.11,$172.78,$78.45,$127.02,$186.79,$272.71,$298.86,$270.85
G.Skill Trident Z Royal 16 GB,DDR4-4600,2 x 8GB,7.826 ns,18,$17.44,Silver,0.0,0,$392.92,$395.25,$397.57,$399.90,$402.23,$404.55,$406.88,$409.20,$411.52,$413.85,$416.18,$418.50,$348.75,$334.80,$320.85,$306.90,$292.95,$279.00,$265.05,$251.10,$237.15,$223.20,$209.25,$195.30,$169.72,$172.05,$174.38,$176.70,$179.02,$181.35,$183.68,$186.00,$188.33,$190.65,$192.97,$195.30,$199.95,$204.60,$209.25,$213.90,$218.55,$223.20,$227.85,$232.50,$237.15,$241.80,$246.45,$251.10,$244.12,$237.15,$230.18,$223.20,$216.22,$209.25,$202.28,$195.30,$188.33,$181.35,$174.38,$167.40,$162.75,$158.10,$153.45,$148.80,$144.15,$139.50,$134.85,$130.20,$125.55,$120.90,$116.25,$111.60,$113.93,$116.25,$118.58,$120.90,$123.23,$125.55,$127.88,$130.20,$132.53,$134.85,$137.18,$139.50,$144.15,$148.80,$153.45,$158.10,$162.75,$237.15,$244.12,$251.10,$258.07,$117.18,$189.72,$279.00,$407.34,$446.40,$404.55
Corsair Vengeance RGB Pro 16 GB,DDR4-3200,2 x 8GB,10 ns,16,$8.06,Black,5.0,1,$181.66,$182.74,$183.81,$184.89,$185.96,$187.04,$188.11,$189.19,$190.26,$191.34,$192.41,$193.49,$161.24,$154.79,$148.34,$141.89,$135.44,$128.99,$122.54,$116.09,$109.64,$103.19,$96.74,$90.29,$78.47,$79.54,$80.62,$81.69,$82.77,$83.84,$84.92,$85.99,$87.07,$88.14,$89.22,$90.29,$92.44,$94.59,$96.74,$98.89,$101.04,$103.19,$105.34,$107.49,$109.64,$111.79,$113.94,$116.09,$112.87,$109.64,$106.42,$103.19,$99.97,$96.74,$93.52,$90.29,$87.07,$83.84,$80.62,$77.39,$75.24,$73.09,$70.94,$68.79,$66.64,$64.50,$62.35,$60.20,$58.05,$55.90,$53.75,$51.60,$52.67,$53.75,$54.82,$55.90,$56.97,$58.05,$59.12,$60.20,$61.27,$62.35,$63.42,$64.50,$66.64,$68.79,$70.94,$73.09,$75.24,$109.64,$112.87,$116.09,$119.32,$54.18,$87.71,$128.99,$188.33,$206.38,$187.04
TEAMGROUP Elite 16 GB,DDR4-2666,1 x 16GB,14.254 ns,19,$6.66,Black,0.0,0,$150.03,$150.92,$151.81,$152.69,$153.58,$154.47,$155.36,$156.24,$157.13,$158.02,$158.91,$159.80,$133.16,$127.84,$122.51,$117.18,$111.86,$106.53,$101.20,$95.88,$90.55,$85.22,$79.90,$74.57,$64.81,$65.69,$66.58,$67.47,$68.36,$69.24,$70.13,$71.02,$71.91,$72.80,$73.68,$74.57,$76.35,$78.12,$79.90,$81.67,$83.45,$85.22,$87.00,$88.77,$90.55,$92.33,$94.10,$95.88,$93.21,$90.55,$87.89,$85.22,$82.56,$79.90,$77.23,$74.57,$71.91,$69.24,$66.58,$63.92,$62.14,$60.37,$58.59,$56.82,$55.04,$53.27,$51.49,$49.71,$47.94,$46.16,$44.39,$42.61,$43.50,$44.39,$45.28,$46.16,$47.05,$47.94,$48.83,$49.71,$50.60,$51.49,$52.38,$53.27,$55.04,$56.82,$58.59,$60.37,$62.14,$90.55,$93.21,$95.88,$98.54,$44.74,$72.44,$106.53,$155.53,$170.45,$154.47
TEAMGROUP T-Force Vulcan Z 16 GB,DDR4-3600,1 x 16GB,10 ns,18,$8.31,Gray / Black,4.0,1,$187.20,$188.30,$189.41,$190.52,$191.63,$192.73,$193.84,$194.95,$196.06,$197.16,$198.27,$199.38,$166.15,$159.50,$152.86,$146.21,$139.57,$132.92,$126.27,$119.63,$112.98,$106.34,$99.69,$93.04,$80.86,$81.97,$83.07,$84.18,$85.29,$86.40,$87.51,$88.61,$89.72,$90.83,$91.94,$93.04,$95.26,$97.47,$99.69,$101.91,$104.12,$106.34,$108.55,$110.77,$112.98,$115.20,$117.41,$119.63,$116.30,$112.98,$109.66,$106.34,$103.01,$99.69,$96.37,$93.04,$89.72,$86.40,$83.07,$79.75,$77.54,$75.32,$73.11,$70.89,$68.68,$66.46,$64.24,$62.03,$59.81,$57.60,$55.38,$53.17,$54.28,$55.38,$56.49,$57.60,$58.71,$59.81,$60.92,$62.03,$63.14,$64.24,$65.35,$66.46,$68.68,$70.89,$73.11,$75.32,$77.54,$112.98,$116.30,$119.63,$122.95,$55.83,$90.39,$132.92,$194.06,$212.67,$192.73
Corsair Dominator Titanium 48 GB,DDR5-7000,2 x 24GB,10.286 ns,36,$13.50,Black,0.0,0,,,,,,,,,,,,,,,,,,,,,,,,,,,,,,,,,,,,,,,,,,,,,,,"$1,619.97","$1,619.97","$1,565.98","$1,511.98","$1,457.98","$1,403.98","$1,349.98","$1,295.98","$1,241.98","$1,187.98","$1,133.98","$1,079.98","$1,025.98",$971.99,$934.19,$896.39,$858.59,$820.79,$782.99,$745.19,$707.39,$669.59,$631.79,$593.99,$556.19,$518.39,$502.19,$485.99,$469.79,$453.59,$437.39,$421.19,$404.99,$388.79,$372.59,$356.39,$340.19,$324.00,$334.79,$345.59,$356.39,$367.19,$377.99,$550.79,$566.99,$583.19,$599.39,$272.16,$440.63,$647.99,$822.95,$771.11,$771.11
Samsung M391A2K43BB1-CPB 16 GB,DDR4-2133,1 x 16GB,14.065 ns,15,$5.00,Black / Green,0.0,0,$112.64,$113.30,$113.97,$114.64,$115.30,$115.97,$116.64,$117.30,$117.97,$118.64,$119.30,$119.97,$99.98,$95.98,$91.98,$87.98,$83.98,$79.98,$75.98,$71.98,$67.98,$63.98,$59.99,$55.99,$48.65,$49.32,$49.99,$50.65,$51.32,$51.99,$52.65,$53.32,$53.99,$54.65,$55.32,$55.99,$57.32,$58.65,$59.98,$61.32,$62.65,$63.98,$65.32,$66.65,$67.98,$69.32,$70.65,$71.98,$69.98,$67.98,$65.98,$63.98,$61.98,$59.98,$57.99,$55.99,$53.99,$51.99,$49.99,$47.99,$46.65,$45.32,$43.99,$42.66,$41.32,$39.99,$38.66,$37.32,$35.99,$34.66,$33.32,$31.99,$32.66,$33.33,$33.99,$34.66,$35.32,$35.99,$36.66,$37.32,$37.99,$38.66,$39.32,$39.99,$41.32,$42.66,$43.99,$45.32,$46.66,$67.98,$69.98,$71.98,$73.98,$33.59,$54.39,$79.98,$116.77,$127.97,$115.97
G.Skill Flare X5 96 GB,DDR5-5200,2 x 48GB,15.385 ns,40,$10.94,Black,4.0,1,,,,,,,,,,,,,,,,,,,,,,,,,,,,,,,,,,,,,,,,,,,,,,,"$2,624.97","$2,624.97","$2,537.48","$2,449.98","$2,362.48","$2,274.98","$2,187.48","$2,099.98","$2,012.48","$1,924.98","$1,837.48","$1,749.98","$1,662.48","$1,574.99","$1,513.74","$1,452.49","$1,391.24","$1,329.99","$1,268.74","$1,207.49","$1,146.24","$1,084.99","$1,023.74",$962.49,$901.24,$839.99,$813.74,$787.49,$761.24,$734.99,$708.74,$682.49,$656.24,$629.99,$603.74,$577.49,$551.24,$525.00,$542.49,$559.99,$577.49,$594.99,$612.49,$892.49,$918.74,$944.99,$971.24,$441.00,$713.99,"$1,049.99","$1,333.49","$1,249.49","$1,249.49"
Corsair Vengeance 48 GB,DDR5-6400,2 x 24GB,11.25 ns,36,$12.21,Black / Gray,0.0,0,,,,,,,,,,,,,,,,,,,,,,,,,,,,,,,,,,,,,,,,,,,,,,,"$1,464.97","$1,464.97","$1,416.14","$1,367.31","$1,318.48","$1,269.64","$1,220.81","$1,171.98","$1,123.15","$1,074.32","$1,025.48",$976.65,$927.82,$878.99,$844.80,$810.62,$776.44,$742.25,$708.07,$673.89,$639.71,$605.52,$571.34,$537.16,$502.97,$468.79,$454.14,$439.49,$424.84,$410.19,$395.54,$380.89,$366.24,$351.59,$336.94,$322.29,$307.64,$293.00,$302.76,$312.53,$322.29,$332.06,$341.83,$498.09,$512.74,$527.39,$542.04,$246.12,$398.47,$585.99,$744.21,$697.33,$697.33
G.Skill Trident Z5 Neo RGB 96 GB,DDR5-5600,2 x 48GB,14.286 ns,40,$10.94,Black,0.0,0,,,,,,,,,,,,,,,,,,,,,,,,,,,,,,,,,,,,,,,,,,,,,,,"$2,624.97","$2,624.97","$2,537.48","$2,449.98","$2,362.48","$2,274.98","$2,187.48","$2,099.98","$2,012.48","$1,924.98","$1,837.48","$1,749.98","$1,662.48","$1,574.99","$1,513.74","$1,452.49","$1,391.24","$1,329.99","$1,268.74","$1,207.49","$1,146.24","$1,084.99","$1,023.74",$962.49,$901.24,$839.99,$813.74,$787.49,$761.24,$734.99,$708.74,$682.49,$656.24,$629.99,$603.74,$577.49,$551.24,$525.00,$542.49,$559.99,$577.49,$594.99,$612.49,$892.49,$918.74,$944.99,$971.24,$441.00,$713.99,"$1,049.99","$1,333.49","$1,249.49","$1,249.49"
Patriot Viper Elite 5 Ultra RGB 48 GB,DDR5-6400,2 x 24GB,10 ns,32,$11.88,Black,0.0,0,,,,,,,,,,,,,,,,,,,,,,,,,,,,,,,,,,,,,,,,,,,,,,,"$1,424.97","$1,424.97","$1,377.48","$1,329.98","$1,282.48","$1,234.98","$1,187.48","$1,139.98","$1,092.48","$1,044.98",$997.48,$949.98,$902.48,$854.99,$821.74,$788.49,$755.24,$721.99,$688.74,$655.49,$622.24,$588.99,$555.74,$522.49,$489.24,$455.99,$441.74,$427.49,$413.24,$398.99,$384.74,$370.49,$356.24,$341.99,$327.74,$313.49,$299.24,$285.00,$294.49,$303.99,$313.49,$322.99,$332.49,$484.49,$498.74,$512.99,$527.24,$239.40,$387.59,$569.99,$723.89,$678.29,$678.29
Patriot Viper Venom 32 GB,DDR5-5600,1 x 32GB,12.857 ns,36,$14.85,Black / White,0.0,0,,,,,,,,,,,,,,,,,,,,,,,,,,,,,,,,,,,,,,,,,,,,,,,"$1,188.20","$1,188.20","$1,148.59","$1,108.99","$1,069.38","$1,029.77",$990.17,$950.56,$910.95,$871.35,$831.74,$792.13,$752.53,$712.92,$685.20,$657.47,$629.75,$602.02,$574.30,$546.57,$518.85,$491.12,$463.40,$435.67,$407.95,$380.22,$368.34,$356.46,$344.58,$332.70,$320.81,$308.93,$297.05,$285.17,$273.29,$261.40,$249.52,$237.64,$245.56,$253.48,$261.40,$269.33,$277.25,$403.99,$415.87,$427.75,$439.63,$199.62,$323.19,$475.28,$603.61,$565.58,$565.58
G.Skill Trident Z5 CK RGB 48 GB,DDR5-8200,2 x 24GB,9.756 ns,40,$14.17,Black,0.0,0,,,,,,,,,,,,,,,,,,,,,,,,,,,,,,,,,,,,,,,,,,,,,,,"$1,699.97","$1,699.97","$1,643.31","$1,586.64","$1,529.98","$1,473.31","$1,416.65","$1,359.98","$1,303.31","$1,246.65","$1,189.98","$1,133.32","$1,076.65","$1,019.99",$980.32,$940.65,$900.99,$861.32,$821.65,$781.99,$742.32,$702.66,$662.99,$623.32,$583.66,$543.99,$526.99,$509.99,$492.99,$475.99,$458.99,$441.99,$424.99,$407.99,$390.99,$373.99,$356.99,$340.00,$351.33,$362.66,$373.99,$385.33,$396.66,$577.99,$594.99,$611.99,$628.99,$285.60,$462.39,$679.99,$863.59,$809.19,$809.19
Patriot Viper Elite 5 RGB 32 GB,DDR5-6000,1 x 32GB,14 ns,42,$13.64,White,0.0,0,,,,,,,,,,,,,,,,,,,,,,,,,,,,,,,,,,,,,,,,,,,,,,,"$1,091.38","$1,091.38","$1,055.00","$1,018.62",$982.24,$945.86,$909.48,$873.10,$836.72,$800.34,$763.96,$727.58,$691.20,$654.83,$629.36,$603.89,$578.43,$552.96,$527.50,$502.03,$476.57,$451.10,$425.64,$400.17,$374.71,$349.24,$338.33,$327.41,$316.50,$305.59,$294.67,$283.76,$272.84,$261.93,$251.02,$240.10,$229.19,$218.28,$225.55,$232.83,$240.10,$247.38,$254.65,$371.07,$381.98,$392.89,$403.81,$183.35,$296.85,$436.55,$554.42,$519.49,$519.49
Kingston FURY Renegade Pro 64 GB,DDR5-6000,4 x 16GB,10.667 ns,32,$10.39,Black,0.0,0,,,,,,,,,,,,,,,,,,,,,,,,,,,,,,,,,,,,,,,,,,,,,,,"$1,662.47","$1,662.47","$1,607.06","$1,551.64","$1,496.23","$1,440.81","$1,385.40","$1,329.98","$1,274.56","$1,219.15","$1,163.73","$1,108.32","$1,052.90",$997.49,$958.69,$919.90,$881.11,$842.32,$803.53,$764.74,$725.95,$687.16,$648.37,$609.57,$570.78,$531.99,$515.37,$498.74,$482.12,$465.49,$448.87,$432.24,$415.62,$398.99,$382.37,$365.74,$349.12,$332.50,$343.58,$354.66,$365.74,$376.83,$387.91,$565.24,$581.87,$598.49,$615.12,$279.30,$452.19,$664.99,$844.54,$791.34,$791.34
Patriot Viper Steel RGB 32 GB,DDR4-3600,1 x 32GB,11.111 ns,20,$6.56,Black,5.0,1,$295.74,$297.49,$299.24,$300.99,$302.74,$304.49,$306.24,$307.99,$309.74,$311.49,$313.24,$314.99,$262.49,$251.99,$241.49,$230.99,$220.49,$209.99,$199.49,$188.99,$178.49,$167.99,$157.49,$146.99,$127.74,$129.49,$131.24,$132.99,$134.74,$136.49,$138.24,$139.99,$141.74,$143.49,$145.24,$146.99,$150.49,$153.99,$157.49,$160.99,$164.49,$167.99,$171.49,$174.99,$178.49,$181.99,$185.49,$188.99,$183.74,$178.49,$173.24,$167.99,$162.74,$157.49,$152.24,$146.99,$141.74,$136.49,$131.24,$125.99,$122.49,$118.99,$115.49,$111.99,$108.49,$105.00,$101.50,$98.00,$94.50,$91.00,$87.50,$84.00,$85.75,$87.50,$89.25,$91.00,$92.75,$94.50,$96.25,$98.00,$99.75,$101.50,$103.25,$105.00,$108.49,$111.99,$115.49,$118.99,$122.49,$178.49,$183.74,$188.99,$194.24,$88.20,$142.79,$209.99,$306.59,$335.98,$304.49
Silicon Power XPOWER Zenith RGB Gaming 16 GB,DDR4-3600,2 x 8GB,10 ns,18,$7.92,Black,5.0,1,$178.56,$179.62,$180.68,$181.73,$182.79,$183.85,$184.90,$185.96,$187.02,$188.07,$189.13,$190.19,$158.49,$152.15,$145.81,$139.47,$133.13,$126.79,$120.45,$114.11,$107.77,$101.43,$95.09,$88.75,$77.13,$78.19,$79.24,$80.30,$81.36,$82.41,$83.47,$84.53,$85.58,$86.64,$87.70,$88.75,$90.87,$92.98,$95.09,$97.21,$99.32,$101.43,$103.55,$105.66,$107.77,$109.88,$112.00,$114.11,$110.94,$107.77,$104.60,$101.43,$98.26,$95.09,$91.92,$88.75,$85.58,$82.41,$79.24,$76.07,$73.96,$71.85,$69.73,$67.62,$65.51,$63.40,$61.28,$59.17,$57.06,$54.94,$52.83,$50.72,$51.77,$52.83,$53.89,$54.94,$56.00,$57.06,$58.11,$59.17,$60.23,$61.28,$62.34,$63.40,$65.51,$67.62,$69.73,$71.85,$73.96,$107.77,$110.94,$114.11,$117.28,$53.25,$86.22,$126.79,$185.11,$202.86,$183.85
Silicon Power SP016GBSVU560F02 16 GB,DDR5-5600,1 x 16GB,16.429 ns,46,$11.49,Black,0.0,0,,,,,,,,,,,,,,,,,,,,,,,,,,,,,,,,,,,,,,,,,,,,,,,$459.47,$459.47,$444.16,$428.84,$413.53,$398.21,$382.90,$367.58,$352.26,$336.95,$321.63,$306.32,$291.00,$275.69,$264.96,$254.24,$243.52,$232.80,$222.08,$211.36,$200.64,$189.92,$179.20,$168.47,$157.75,$147.03,$142.44,$137.84,$133.25,$128.65,$124.06,$119.46,$114.87,$110.27,$105.68,$101.08,$96.49,$91.89,$94.96,$98.02,$101.08,$104.15,$107.21,$156.22,$160.82,$165.41,$170.01,$77.19,$124.98,$183.79,$233.41,$218.71,$218.71
G.Skill Trident Z5 32 GB,DDR5-6000,2 x 16GB,13.333 ns,40,$11.15,Black / Silver,0.0,0,,,,,,,,,,,,,,,,,,,,,,,,,,,,,,,,,,,,,,,,,,,,,,,$891.70,$891.70,$861.98,$832.25,$802.53,$772.81,$743.08,$713.36,$683.64,$653.91,$624.19,$594.47,$564.74,$535.02,$514.21,$493.41,$472.60,$451.79,$430.99,$410.18,$389.38,$368.57,$347.76,$326.96,$306.15,$285.34,$276.43,$267.51,$258.59,$249.68,$240.76,$231.84,$222.93,$214.01,$205.09,$196.17,$187.26,$178.34,$184.28,$190.23,$196.17,$202.12,$208.06,$303.18,$312.10,$321.01,$329.93,$149.81,$242.54,$356.68,$452.98,$424.45,$424.45
G.Skill Ripjaws S5 64 GB,DDR5-6000,2 x 32GB,10.667 ns,32,$13.44,Black,0.0,0,,,,,,,,,,,,,,,,,,,,,,,,,,,,,,,,,,,,,,,,,,,,,,,"$2,149.97","$2,149.97","$2,078.31","$2,006.64","$1,934.98","$1,863.31","$1,791.65","$1,719.98","$1,648.31","$1,576.65","$1,504.98","$1,433.32","$1,361.65","$1,289.99","$1,239.82","$1,189.65","$1,139.49","$1,089.32","$1,039.15",$988.99,$938.82,$888.66,$838.49,$788.32,$738.16,$687.99,$666.49,$644.99,$623.49,$601.99,$580.49,$558.99,$537.49,$515.99,$494.49,$472.99,$451.49,$430.00,$444.33,$458.66,$472.99,$487.33,$501.66,$730.99,$752.49,$773.99,$795.49,$361.20,$584.79,$859.99,"$1,092.19","$1,023.39","$1,023.39"
G.Skill Trident Z5 32 GB,DDR5-6000,2 x 16GB,10 ns,30,$13.94,Black,0.0,0,,,,,,,,,,,,,,,,,,,,,,,,,,,,,,,,,,,,,,,,,,,,,,,"$1,114.97","$1,114.97","$1,077.81","$1,040.64","$1,003.48",$966.31,$929.15,$891.98,$854.81,$817.65,$780.48,$743.32,$706.15,$668.99,$642.97,$616.95,$590.94,$564.92,$538.90,$512.89,$486.87,$460.86,$434.84,$408.82,$382.81,$356.79,$345.64,$334.49,$323.34,$312.19,$301.04,$289.89,$278.74,$267.59,$256.44,$245.29,$234.14,$223.00,$230.43,$237.86,$245.29,$252.73,$260.16,$379.09,$390.24,$401.39,$412.54,$187.32,$303.27,$445.99,$566.41,$530.73,$530.73
Patriot Viper Elite 5 Ultra RGB 32 GB,DDR5-6400,2 x 16GB,10 ns,32,$14.06,Black,0.0,0,,,,,,,,,,,,,,,,,,,,,,,,,,,,,,,,,,,,,,,,,,,,,,,"$1,124.97","$1,124.97","$1,087.48","$1,049.98","$1,012.48",$974.98,$937.48,$899.98,$862.48,$824.98,$787.48,$749.98,$712.48,$674.99,$648.74,$622.49,$596.24,$569.99,$543.74,$517.49,$491.24,$464.99,$438.74,$412.49,$386.24,$359.99,$348.74,$337.49,$326.24,$314.99,$303.74,$292.49,$281.24,$269.99,$258.74,$247.49,$236.24,$225.00,$232.49,$239.99,$247.49,$254.99,$262.49,$382.49,$393.74,$404.99,$416.24,$189.00,$305.99,$449.99,$571.49,$535.49,$535.49
Corsair Vengeance 32 GB,DDR5-6400,2 x 16GB,10 ns,32,$13.63,Black,5.0,1,,,,,,,,,,,,,,,,,,,,,,,,,,,,,,,,,,,,,,,,,,,,,,,"$1,089.97","$1,089.97","$1,053.64","$1,017.31",$980.98,$944.64,$908.31,$871.98,$835.65,$799.32,$762.98,$726.65,$690.32,$653.99,$628.55,$603.12,$577.69,$552.25,$526.82,$501.39,$475.96,$450.52,$425.09,$399.66,$374.22,$348.79,$337.89,$326.99,$316.09,$305.19,$294.29,$283.39,$272.49,$261.59,$250.69,$239.79,$228.89,$218.00,$225.26,$232.53,$239.79,$247.06,$254.33,$370.59,$381.49,$392.39,$403.29,$183.12,$296.47,$435.99,$553.71,$518.83,$518.83
Crucial CT4K16G4DFD8266 64 GB,DDR4-2666,4 x 16GB,14.254 ns,19,$6.06,Green,0.0,0,$546.42,$549.65,$552.89,$556.12,$559.35,$562.59,$565.82,$569.05,$572.29,$575.52,$578.75,$581.99,$484.99,$465.59,$446.19,$426.79,$407.39,$387.99,$368.59,$349.19,$329.79,$310.39,$290.99,$271.59,$236.03,$239.26,$242.49,$245.73,$248.96,$252.19,$255.43,$258.66,$261.89,$265.13,$268.36,$271.59,$278.06,$284.53,$290.99,$297.46,$303.93,$310.39,$316.86,$323.32,$329.79,$336.26,$342.72,$349.19,$339.49,$329.79,$320.09,$310.39,$300.69,$290.99,$281.29,$271.59,$261.89,$252.19,$242.49,$232.79,$226.33,$219.86,$213.39,$206.93,$200.46,$194.00,$187.53,$181.06,$174.60,$168.13,$161.66,$155.20,$158.43,$161.66,$164.90,$168.13,$171.36,$174.60,$177.83,$181.06,$184.30,$187.53,$190.76,$194.00,$200.46,$206.93,$213.39,$219.86,$226.33,$329.79,$339.49,$349.19,$358.89,$162.96,$263.83,$387.99,$566.47,$620.78,$562.59
Corsair Vengeance RGB 48 GB,DDR5-5200,2 x 24GB,14.615 ns,38,$11.54,Black,0.0,0,,,,,,,,,,,,,,,,,,,,,,,,,,,,,,,,,,,,,,,,,,,,,,,"$1,384.97","$1,384.97","$1,338.81","$1,292.64","$1,246.48","$1,200.31","$1,154.15","$1,107.98","$1,061.81","$1,015.65",$969.48,$923.32,$877.15,$830.99,$798.67,$766.35,$734.04,$701.72,$669.40,$637.09,$604.77,$572.46,$540.14,$507.82,$475.51,$443.19,$429.34,$415.49,$401.64,$387.79,$373.94,$360.09,$346.24,$332.39,$318.54,$304.69,$290.84,$277.00,$286.23,$295.46,$304.69,$313.93,$323.16,$470.89,$484.74,$498.59,$512.44,$232.68,$376.71,$553.99,$703.57,$659.25,$659.25
G.Skill Ripjaws 32 GB,DDR5-4800,2 x 16GB,14.167 ns,34,$10.47,Black / Silver,0.0,0,,,,,,,,,,,,,,,,,,,,,,,,,,,,,,,,,,,,,,,,,,,,,,,$837.48,$837.48,$809.56,$781.64,$753.73,$725.81,$697.90,$669.98,$642.06,$614.15,$586.23,$558.32,$530.40,$502.49,$482.94,$463.40,$443.86,$424.32,$404.78,$385.24,$365.70,$346.16,$326.62,$307.07,$287.53,$267.99,$259.62,$251.24,$242.87,$234.49,$226.12,$217.74,$209.37,$200.99,$192.62,$184.24,$175.87,$167.50,$173.08,$178.66,$184.24,$189.83,$195.41,$284.74,$293.12,$301.49,$309.87,$140.70,$227.79,$334.99,$425.44,$398.64,$398.64
Patriot Venom RGB 64 GB,DDR5-6000,2 x 32GB,10 ns,30,$19.38,Black,0.0,0,,,,,,,,,,,,,,,,,,,,,,,,,,,,,,,,,,,,,,,,,,,,,,,"$3,099.97","$3,099.97","$2,996.64","$2,893.31","$2,789.98","$2,686.64","$2,583.31","$2,479.98","$2,376.65","$2,273.32","$2,169.98","$2,066.65","$1,963.32","$1,859.99","$1,787.65","$1,715.32","$1,642.99","$1,570.65","$1,498.32","$1,425.99","$1,353.66","$1,281.32","$1,208.99","$1,136.66","$1,064.32",$991.99,$960.99,$929.99,$898.99,$867.99,$836.99,$805.99,$774.99,$743.99,$712.99,$681.99,$650.99,$620.00,$640.66,$661.33,$681.99,$702.66,$723.33,"$1,053.99","$1,084.99","$1,115.99","$1,146.99",$520.80,$843.19,"$1,239.99","$1,574.79","$1,475.59","$1,475.59"
TEAMGROUP Xtreem ARGB 48 GB,DDR5-8000,2 x 24GB,9.5 ns,38,$11.67,Black,0.0,0,,,,,,,,,,,,,,,,,,,,,,,,,,,,,,,,,,,,,,,,,,,,,,,"$1,399.97","$1,399.97","$1,353.31","$1,306.64","$1,259.98","$1,213.31","$1,166.65","$1,119.98","$1,073.31","$1,026.65",$979.98,$933.32,$886.65,$839.99,$807.32,$774.65,$741.99,$709.32,$676.65,$643.99,$611.32,$578.66,$545.99,$513.32,$480.66,$447.99,$433.99,$419.99,$405.99,$391.99,$377.99,$363.99,$349.99,$335.99,$321.99,$307.99,$293.99,$280.00,$289.33,$298.66,$307.99,$317.33,$326.66,$475.99,$489.99,$503.99,$517.99,$235.20,$380.79,$559.99,$711.19,$666.39,$666.39
Kingston FURY Renegade Pro 128 GB,DDR5-6400,4 x 32GB,10 ns,32,$13.72,Black,0.0,0,,,,,,,,,,,,,,,,,,,,,,,,,,,,,,,,,,,,,,,,,,,,,,,"$4,388.77","$4,388.77","$4,242.48","$4,096.19","$3,949.90","$3,803.60","$3,657.31","$3,511.02","$3,364.73","$3,218.44","$3,072.14","$2,925.85","$2,779.56","$2,633.26","$2,530.86","$2,428.46","$2,326.05","$2,223.65","$2,121.24","$2,018.84","$1,916.43","$1,814.03","$1,711.62","$1,609.22","$1,506.81","$1,404.41","$1,360.52","$1,316.63","$1,272.74","$1,228.86","$1,184.97","$1,141.08","$1,097.19","$1,053.31","$1,009.42",$965.53,$921.64,$877.75,$907.01,$936.27,$965.53,$994.79,"$1,024.05","$1,492.18","$1,536.07","$1,579.96","$1,623.85",$737.31,"$1,193.75","$1,755.51","$2,229.50","$2,089.06","$2,089.06"
Crucial CT2K8G4DFS8213 16 GB,DDR4-2133,2 x 8GB,14.065 ns,15,$7.30,Black / Green,4.5,3,$164.48,$165.45,$166.43,$167.40,$168.37,$169.35,$170.32,$171.29,$172.27,$173.24,$174.21,$175.19,$145.99,$140.15,$134.31,$128.47,$122.63,$116.79,$110.95,$105.11,$99.27,$93.43,$87.59,$81.75,$71.05,$72.02,$72.99,$73.97,$74.94,$75.91,$76.89,$77.86,$78.83,$79.81,$80.78,$81.75,$83.70,$85.65,$87.59,$89.54,$91.49,$93.43,$95.38,$97.33,$99.27,$101.22,$103.16,$105.11,$102.19,$99.27,$96.35,$93.43,$90.51,$87.59,$84.67,$81.75,$78.83,$75.91,$72.99,$70.07,$68.13,$66.18,$64.23,$62.29,$60.34,$58.40,$56.45,$54.50,$52.56,$50.61,$48.66,$46.72,$47.69,$48.66,$49.64,$50.61,$51.58,$52.56,$53.53,$54.50,$55.48,$56.45,$57.42,$58.40,$60.34,$62.29,$64.23,$66.18,$68.13,$99.27,$102.19,$105.11,$108.03,$49.05,$79.42,$116.79,$170.51,$186.86,$169.35
TEAMGROUP T-Create Classic 64 GB,DDR5-6000,2 x 32GB,16 ns,48,$11.09,Black,0.0,0,,,,,,,,,,,,,,,,,,,,,,,,,,,,,,,,,,,,,,,,,,,,,,,"$1,774.97","$1,774.97","$1,715.81","$1,656.64","$1,597.48","$1,538.31","$1,479.15","$1,419.98","$1,360.81","$1,301.65","$1,242.48","$1,183.32","$1,124.15","$1,064.99","$1,023.57",$982.15,$940.74,$899.32,$857.90,$816.49,$775.07,$733.66,$692.24,$650.82,$609.41,$567.99,$550.24,$532.49,$514.74,$496.99,$479.24,$461.49,$443.74,$425.99,$408.24,$390.49,$372.74,$355.00,$366.83,$378.66,$390.49,$402.33,$414.16,$603.49,$621.24,$638.99,$656.74,$298.20,$482.79,$709.99,$901.69,$844.89,$844.89
V-Color TRA548G64D832Q 192 GB,DDR5-6400,4 x 48GB,10 ns,32,,White,0.0,0,,,,,,,,,,,,,,,,,,,,,,,,,,,,,,,,,,,,,,,,,,,,,,,"$7,497.50","$7,497.50","$7,247.58","$6,997.67","$6,747.75","$6,497.83","$6,247.92","$5,998.00","$5,748.08","$5,498.17","$5,248.25","$4,998.33","$4,748.42","$4,498.50","$4,323.56","$4,148.62","$3,973.67","$3,798.73","$3,623.79","$3,448.85","$3,273.91","$3,098.97","$2,924.03","$2,749.08","$2,574.14","$2,399.20","$2,324.22","$2,249.25","$2,174.28","$2,099.30","$2,024.33","$1,949.35","$1,874.38","$1,799.40","$1,724.43","$1,649.45","$1,574.48","$1,499.50","$1,549.48","$1,599.47","$1,649.45","$1,699.43","$1,749.42","$2,549.15","$2,624.12","$2,699.10","$2,774.07","$1,259.58","$2,039.32","$2,999.00","$3,808.73","$3,568.81","$3,568.81"
Silicon Power XPOWER Storm RGB 32 GB,DDR5-6000,2 x 16GB,12 ns,36,$13.94,Gray,0.0,0,,,,,,,,,,,,,,,,,,,,,,,,,,,,,,,,,,,,,,,,,,,,,,,"$1,114.93","$1,114.93","$1,077.76","$1,040.60","$1,003.43",$966.27,$929.10,$891.94,$854.78,$817.61,$780.45,$743.28,$706.12,$668.96,$642.94,$616.93,$590.91,$564.90,$538.88,$512.87,$486.85,$460.84,$434.82,$408.81,$382.79,$356.78,$345.63,$334.48,$323.33,$312.18,$301.03,$289.88,$278.73,$267.58,$256.43,$245.28,$234.13,$222.99,$230.42,$237.85,$245.28,$252.72,$260.15,$379.07,$390.22,$401.37,$412.52,$187.31,$303.26,$445.97,$566.38,$530.70,$530.70
Corsair Vengeance RGB 32 GB,DDR5-6400,2 x 16GB,11.875 ns,38,$13.97,Black,0.0,0,,,,,,,,,,,,,,,,,,,,,,,,,,,,,,,,,,,,,,,,,,,,,,,"$1,117.47","$1,117.47","$1,080.23","$1,042.98","$1,005.73",$968.48,$931.23,$893.98,$856.73,$819.48,$782.23,$744.98,$707.73,$670.49,$644.41,$618.34,$592.26,$566.19,$540.11,$514.04,$487.96,$461.89,$435.82,$409.74,$383.67,$357.59,$346.42,$335.24,$324.07,$312.89,$301.72,$290.54,$279.37,$268.19,$257.02,$245.84,$234.67,$223.50,$230.94,$238.39,$245.84,$253.29,$260.74,$379.94,$391.12,$402.29,$413.47,$187.74,$303.95,$446.99,$567.68,$531.92,$439.99
Corsair Vengeance RGB 64 GB,DDR5-5600,2 x 32GB,14.286 ns,40,$12.02,Black / Gray,0.0,0,,,,,,,,,,,,,,,,,,,,,,,,,,,,,,,,,,,,,,,,,,,,,,,"$1,922.47","$1,922.47","$1,858.39","$1,794.31","$1,730.23","$1,666.14","$1,602.06","$1,537.98","$1,473.90","$1,409.82","$1,345.73","$1,281.65","$1,217.57","$1,153.49","$1,108.63","$1,063.77","$1,018.91",$974.05,$929.20,$884.34,$839.48,$794.62,$749.77,$704.91,$660.05,$615.19,$595.97,$576.74,$557.52,$538.29,$519.07,$499.84,$480.62,$461.39,$442.17,$422.94,$403.72,$384.50,$397.31,$410.13,$422.94,$435.76,$448.58,$653.64,$672.87,$692.09,$711.32,$322.98,$522.91,$768.99,$976.62,$915.10,$915.10
Thermaltake TOUGHRAM XG RGB 16 GB,DDR4-4400,2 x 8GB,8.636 ns,19,$12.81,Black / Silver,0.0,0,$288.68,$290.39,$292.10,$293.80,$295.51,$297.22,$298.93,$300.64,$302.35,$304.05,$305.76,$307.47,$256.22,$245.98,$235.73,$225.48,$215.23,$204.98,$194.73,$184.48,$174.23,$163.98,$153.74,$143.49,$124.70,$126.40,$128.11,$129.82,$131.53,$133.24,$134.95,$136.65,$138.36,$140.07,$141.78,$143.49,$146.90,$150.32,$153.73,$157.15,$160.57,$163.98,$167.40,$170.82,$174.23,$177.65,$181.07,$184.48,$179.36,$174.23,$169.11,$163.98,$158.86,$153.73,$148.61,$143.49,$138.36,$133.24,$128.11,$122.99,$119.57,$116.16,$112.74,$109.32,$105.91,$102.49,$99.07,$95.66,$92.24,$88.82,$85.41,$81.99,$83.70,$85.41,$87.12,$88.82,$90.53,$92.24,$93.95,$95.66,$97.37,$99.07,$100.78,$102.49,$105.91,$109.32,$112.74,$116.16,$119.57,$174.23,$179.36,$184.48,$189.61,$86.09,$139.39,$204.98,$299.27,$327.97,$297.22
Kingston FURY Renegade Pro 32 GB,DDR5-6800,1 x 32GB,10 ns,34,,Black,0.0,0,,,,,,,,,,,,,,,,,,,,,,,,,,,,,,,,,,,,,,,,,,,,,,,$899.98,$899.98,$869.98,$839.98,$809.98,$779.98,$749.98,$719.98,$689.98,$659.98,$629.98,$599.98,$569.98,$539.99,$518.99,$497.99,$476.99,$455.99,$434.99,$413.99,$392.99,$371.99,$350.99,$329.99,$308.99,$287.99,$278.99,$269.99,$260.99,$251.99,$242.99,$233.99,$224.99,$215.99,$206.99,$197.99,$188.99,$180.00,$185.99,$191.99,$197.99,$203.99,$209.99,$305.99,$314.99,$323.99,$332.99,$151.20,$244.79,$359.99,$457.19,$428.39,$428.39
G.Skill Flare X5 48 GB,DDR5-6000,2 x 24GB,13.333 ns,40,$11.67,Black,4.0,1,,,,,,,,,,,,,,,,,,,,,,,,,,,,,,,,,,,,,,,,,,,,,,,"$1,399.97","$1,399.97","$1,353.31","$1,306.64","$1,259.98","$1,213.31","$1,166.65","$1,119.98","$1,073.31","$1,026.65",$979.98,$933.32,$886.65,$839.99,$807.32,$774.65,$741.99,$709.32,$676.65,$643.99,$611.32,$578.66,$545.99,$513.32,$480.66,$447.99,$433.99,$419.99,$405.99,$391.99,$377.99,$363.99,$349.99,$335.99,$321.99,$307.99,$293.99,$280.00,$289.33,$298.66,$307.99,$317.33,$326.66,$475.99,$489.99,$503.99,$517.99,$235.20,$380.79,$559.99,$711.19,$666.39,$666.39
Crucial CT2K16G4SFRA32A 32 GB,DDR4-3200,2 x 16GB,13.75 ns,22,$6.18,Green,5.0,1,$278.53,$280.17,$281.82,$283.47,$285.12,$286.77,$288.41,$290.06,$291.71,$293.36,$295.01,$296.66,$247.21,$237.32,$227.44,$217.55,$207.66,$197.77,$187.88,$177.99,$168.10,$158.22,$148.33,$138.44,$120.31,$121.96,$123.61,$125.25,$126.90,$128.55,$130.20,$131.85,$133.49,$135.14,$136.79,$138.44,$141.74,$145.03,$148.33,$151.62,$154.92,$158.22,$161.51,$164.81,$168.10,$171.40,$174.70,$177.99,$173.05,$168.10,$163.16,$158.22,$153.27,$148.33,$143.38,$138.44,$133.49,$128.55,$123.61,$118.66,$115.37,$112.07,$108.77,$105.48,$102.18,$98.89,$95.59,$92.29,$89.00,$85.70,$82.40,$79.11,$80.76,$82.40,$84.05,$85.70,$87.35,$89.00,$90.64,$92.29,$93.94,$95.59,$97.24,$98.89,$102.18,$105.48,$108.77,$112.07,$115.37,$168.10,$173.05,$177.99,$182.94,$83.06,$134.48,$197.77,$288.74,$316.43,$286.77
Patriot Viper Venom 32 GB,DDR5-6800,2 x 16GB,10 ns,34,$14.06,Black / White,0.0,0,,,,,,,,,,,,,,,,,,,,,,,,,,,,,,,,,,,,,,,,,,,,,,,"$1,124.97","$1,124.97","$1,087.48","$1,049.98","$1,012.48",$974.98,$937.48,$899.98,$862.48,$824.98,$787.48,$749.98,$712.48,$674.99,$648.74,$622.49,$596.24,$569.99,$543.74,$517.49,$491.24,$464.99,$438.74,$412.49,$386.24,$359.99,$348.74,$337.49,$326.24,$314.99,$303.74,$292.49,$281.24,$269.99,$258.74,$247.49,$236.24,$225.00,$232.49,$239.99,$247.49,$254.99,$262.49,$382.49,$393.74,$404.99,$416.24,$189.00,$305.99,$449.99,$571.49,$535.49,$535.49
Silicon Power GAMING 16 GB,DDR4-3600,2 x 8GB,10 ns,18,$8.00,Gray / Silver,4.5,2,$180.22,$181.29,$182.36,$183.42,$184.49,$185.56,$186.62,$187.69,$188.76,$189.82,$190.89,$191.95,$159.96,$153.56,$147.17,$140.77,$134.37,$127.97,$121.57,$115.17,$108.77,$102.38,$95.98,$89.58,$77.85,$78.91,$79.98,$81.05,$82.11,$83.18,$84.25,$85.31,$86.38,$87.45,$88.51,$89.58,$91.71,$93.84,$95.98,$98.11,$100.24,$102.38,$104.51,$106.64,$108.77,$110.91,$113.04,$115.17,$111.97,$108.77,$105.58,$102.38,$99.18,$95.98,$92.78,$89.58,$86.38,$83.18,$79.98,$76.78,$74.65,$72.52,$70.38,$68.25,$66.12,$63.98,$61.85,$59.72,$57.59,$55.45,$53.32,$51.19,$52.25,$53.32,$54.39,$55.45,$56.52,$57.59,$58.65,$59.72,$60.79,$61.85,$62.92,$63.98,$66.12,$68.25,$70.38,$72.52,$74.65,$108.77,$111.97,$115.17,$118.37,$53.75,$87.02,$127.97,$186.84,$204.75,$185.56
TEAMGROUP Elite 64 GB,DDR4-3200,2 x 32GB,13.75 ns,22,$7.83,Black,0.0,0,$705.56,$709.74,$713.91,$718.09,$722.26,$726.44,$730.61,$734.79,$738.96,$743.14,$747.31,$751.49,$626.24,$601.19,$576.14,$551.09,$526.04,$500.99,$475.94,$450.89,$425.84,$400.79,$375.74,$350.69,$304.77,$308.94,$313.12,$317.29,$321.47,$325.64,$329.82,$333.99,$338.17,$342.34,$346.52,$350.69,$359.04,$367.39,$375.74,$384.09,$392.44,$400.79,$409.14,$417.49,$425.84,$434.19,$442.54,$450.89,$438.37,$425.84,$413.32,$400.79,$388.27,$375.74,$363.22,$350.69,$338.17,$325.64,$313.12,$300.59,$292.24,$283.89,$275.54,$267.19,$258.84,$250.50,$242.15,$233.80,$225.45,$217.10,$208.75,$200.40,$204.57,$208.75,$212.92,$217.10,$221.27,$225.45,$229.62,$233.80,$237.97,$242.15,$246.32,$250.50,$258.84,$267.19,$275.54,$283.89,$292.24,$425.84,$438.37,$450.89,$463.42,$210.42,$340.67,$500.99,$731.45,$801.58,$726.44
Corsair Vengeance LED 64 GB,DDR4-2666,4 x 16GB,12.003 ns,16,$9.92,Black / Red,0.0,0,$894.09,$899.38,$904.68,$909.97,$915.26,$920.55,$925.84,$931.13,$936.42,$941.71,$947.00,$952.29,$793.58,$761.83,$730.09,$698.35,$666.60,$634.86,$603.12,$571.37,$539.63,$507.89,$476.15,$444.40,$386.21,$391.50,$396.79,$402.08,$407.37,$412.66,$417.95,$423.24,$428.53,$433.82,$439.11,$444.40,$454.98,$465.56,$476.14,$486.73,$497.31,$507.89,$518.47,$529.05,$539.63,$550.21,$560.79,$571.37,$555.50,$539.63,$523.76,$507.89,$492.02,$476.14,$460.27,$444.40,$428.53,$412.66,$396.79,$380.92,$370.33,$359.75,$349.17,$338.59,$328.01,$317.43,$306.85,$296.27,$285.69,$275.11,$264.52,$253.94,$259.23,$264.53,$269.82,$275.11,$280.40,$285.69,$290.98,$296.27,$301.56,$306.85,$312.14,$317.43,$328.01,$338.59,$349.17,$359.75,$370.34,$539.63,$555.50,$571.37,$587.25,$266.64,$431.70,$634.86,$926.90,"$1,015.78",$920.55
Corsair Vengeance Performance 32 GB,DDR4-2666,2 x 16GB,13.503 ns,18,$5.34,Black / Yellow,0.0,0,$240.81,$242.24,$243.66,$245.09,$246.51,$247.94,$249.36,$250.79,$252.21,$253.64,$255.06,$256.49,$213.74,$205.19,$196.64,$188.09,$179.54,$170.99,$162.44,$153.89,$145.34,$136.79,$128.24,$119.69,$104.02,$105.44,$106.87,$108.29,$109.72,$111.14,$112.57,$113.99,$115.42,$116.84,$118.27,$119.69,$122.54,$125.39,$128.24,$131.09,$133.94,$136.79,$139.64,$142.49,$145.34,$148.19,$151.04,$153.89,$149.62,$145.34,$141.07,$136.79,$132.52,$128.24,$123.97,$119.69,$115.42,$111.14,$106.87,$102.59,$99.74,$96.89,$94.04,$91.19,$88.34,$85.50,$82.65,$79.80,$76.95,$74.10,$71.25,$68.40,$69.82,$71.25,$72.67,$74.10,$75.52,$76.95,$78.37,$79.80,$81.22,$82.65,$84.07,$85.50,$88.34,$91.19,$94.04,$96.89,$99.74,$145.34,$149.62,$153.89,$158.17,$71.82,$116.27,$170.99,$249.65,$273.58,$247.94
Silicon Power XPOWER Storm RGB 32 GB,DDR5-6000,2 x 16GB,12 ns,36,,White,0.0,0,,,,,,,,,,,,,,,,,,,,,,,,,,,,,,,,,,,,,,,,,,,,,,,"$1,139.93","$1,139.93","$1,101.93","$1,063.93","$1,025.93",$987.93,$949.94,$911.94,$873.94,$835.95,$797.95,$759.95,$721.95,$683.96,$657.36,$630.76,$604.16,$577.56,$550.96,$524.37,$497.77,$471.17,$444.57,$417.97,$391.37,$364.78,$353.38,$341.98,$330.58,$319.18,$307.78,$296.38,$284.98,$273.58,$262.18,$250.78,$239.38,$227.99,$235.58,$243.18,$250.78,$258.38,$265.98,$387.57,$398.97,$410.37,$421.77,$191.51,$310.06,$455.97,$579.08,$542.60,$542.60
G.Skill Ripjaws S5 64 GB,DDR5-5600,2 x 32GB,12.857 ns,36,$11.09,Black,3.5,2,,,,,,,,,,,,,,,,,,,,,,,,,,,,,,,,,,,,,,,,,,,,,,,"$1,774.97","$1,774.97","$1,715.81","$1,656.64","$1,597.48","$1,538.31","$1,479.15","$1,419.98","$1,360.81","$1,301.65","$1,242.48","$1,183.32","$1,124.15","$1,064.99","$1,023.57",$982.15,$940.74,$899.32,$857.90,$816.49,$775.07,$733.66,$692.24,$650.82,$609.41,$567.99,$550.24,$532.49,$514.74,$496.99,$479.24,$461.49,$443.74,$425.99,$408.24,$390.49,$372.74,$355.00,$366.83,$378.66,$390.49,$402.33,$414.16,$603.49,$621.24,$638.99,$656.74,$298.20,$482.79,$709.99,$901.69,$844.89,$844.89
TEAMGROUP T-Force Delta RGB 48 GB,DDR5-7600,2 x 24GB,9.474 ns,36,$11.56,Black,0.0,0,,,,,,,,,,,,,,,,,,,,,,,,,,,,,,,,,,,,,,,,,,,,,,,"$1,387.47","$1,387.47","$1,341.23","$1,294.98","$1,248.73","$1,202.48","$1,156.23","$1,109.98","$1,063.73","$1,017.48",$971.23,$924.98,$878.73,$832.49,$800.11,$767.74,$735.36,$702.99,$670.61,$638.24,$605.86,$573.49,$541.12,$508.74,$476.37,$443.99,$430.12,$416.24,$402.37,$388.49,$374.62,$360.74,$346.87,$332.99,$319.12,$305.24,$291.37,$277.50,$286.74,$295.99,$305.24,$314.49,$323.74,$471.74,$485.62,$499.49,$513.37,$233.10,$377.39,$554.99,$704.84,$660.44,$660.44
G.Skill Trident Z Neo 32 GB,DDR4-3200,4 x 8GB,8.75 ns,14,$8.41,Black / Silver,5.0,1,$378.84,$381.08,$383.32,$385.57,$387.81,$390.05,$392.29,$394.53,$396.77,$399.02,$401.26,$403.50,$336.25,$322.80,$309.35,$295.90,$282.45,$269.00,$255.55,$242.10,$228.65,$215.20,$201.75,$188.30,$163.64,$165.88,$168.12,$170.37,$172.61,$174.85,$177.09,$179.33,$181.58,$183.82,$186.06,$188.30,$192.78,$197.27,$201.75,$206.23,$210.72,$215.20,$219.68,$224.17,$228.65,$233.13,$237.62,$242.10,$235.38,$228.65,$221.93,$215.20,$208.47,$201.75,$195.03,$188.30,$181.58,$174.85,$168.12,$161.40,$156.92,$152.43,$147.95,$143.47,$138.98,$134.50,$130.02,$125.53,$121.05,$116.57,$112.08,$107.60,$109.84,$112.08,$114.33,$116.57,$118.81,$121.05,$123.29,$125.53,$127.78,$130.02,$132.26,$134.50,$138.98,$143.47,$147.95,$152.43,$156.92,$228.65,$235.38,$242.10,$248.82,$112.98,$182.92,$269.00,$392.74,$430.40,$390.05
G.Skill Trident Z Royal 16 GB,DDR4-4000,2 x 8GB,7.5 ns,15,$10.88,Silver,0.0,0,$245.05,$246.50,$247.95,$249.40,$250.85,$252.30,$253.75,$255.20,$256.65,$258.10,$259.55,$261.00,$217.50,$208.80,$200.10,$191.40,$182.70,$174.00,$165.30,$156.60,$147.90,$139.20,$130.50,$121.80,$105.85,$107.30,$108.75,$110.20,$111.65,$113.10,$114.55,$116.00,$117.45,$118.90,$120.35,$121.80,$124.70,$127.60,$130.50,$133.40,$136.30,$139.20,$142.10,$145.00,$147.90,$150.80,$153.70,$156.60,$152.25,$147.90,$143.55,$139.20,$134.85,$130.50,$126.15,$121.80,$117.45,$113.10,$108.75,$104.40,$101.50,$98.60,$95.70,$92.80,$89.90,$87.00,$84.10,$81.20,$78.30,$75.40,$72.50,$69.60,$71.05,$72.50,$73.95,$75.40,$76.85,$78.30,$79.75,$81.20,$82.65,$84.10,$85.55,$87.00,$89.90,$92.80,$95.70,$98.60,$101.50,$147.90,$152.25,$156.60,$160.95,$73.08,$118.32,$174.00,$254.04,$278.40,$252.30
Kingston FURY Renegade Pro 128 GB,DDR5-4800,4 x 32GB,15 ns,36,,Black,0.0,0,,,,,,,,,,,,,,,,,,,,,,,,,,,,,,,,,,,,,,,,,,,,,,,"$4,999.98","$4,999.98","$4,833.31","$4,666.64","$4,499.98","$4,333.31","$4,166.65","$3,999.98","$3,833.31","$3,666.65","$3,499.98","$3,333.32","$3,166.65","$2,999.99","$2,883.32","$2,766.65","$2,649.99","$2,533.32","$2,416.65","$2,299.99","$2,183.32","$2,066.66","$1,949.99","$1,833.32","$1,716.66","$1,599.99","$1,549.99","$1,499.99","$1,449.99","$1,399.99","$1,349.99","$1,299.99","$1,249.99","$1,199.99","$1,149.99","$1,099.99","$1,049.99","$1,000.00","$1,033.33","$1,066.66","$1,099.99","$1,133.33","$1,166.66","$1,699.99","$1,749.99","$1,799.99","$1,849.99",$840.00,"$1,359.99","$1,999.99","$2,539.99","$2,379.99","$2,379.99"
Patriot Viper Xtreme 5 RGB 32 GB,DDR5-7800,2 x 16GB,9.744 ns,38,$16.56,Black,0.0,0,,,,,,,,,,,,,,,,,,,,,,,,,,,,,,,,,,,,,,,,,,,,,,,"$1,324.97","$1,324.97","$1,280.81","$1,236.64","$1,192.48","$1,148.31","$1,104.15","$1,059.98","$1,015.81",$971.65,$927.48,$883.32,$839.15,$794.99,$764.07,$733.15,$702.24,$671.32,$640.40,$609.49,$578.57,$547.66,$516.74,$485.82,$454.91,$423.99,$410.74,$397.49,$384.24,$370.99,$357.74,$344.49,$331.24,$317.99,$304.74,$291.49,$278.24,$265.00,$273.83,$282.66,$291.49,$300.33,$309.16,$450.49,$463.74,$476.99,$490.24,$222.60,$360.39,$529.99,$673.09,$630.69,$630.69
G.Skill Value 32 GB,DDR4-2666,1 x 32GB,14.254 ns,19,$6.16,Black,0.0,0,$277.43,$279.07,$280.71,$282.35,$283.99,$285.64,$287.28,$288.92,$290.56,$292.20,$293.84,$295.49,$246.24,$236.39,$226.54,$216.69,$206.84,$196.99,$187.14,$177.29,$167.44,$157.59,$147.74,$137.89,$119.84,$121.48,$123.12,$124.76,$126.40,$128.04,$129.69,$131.33,$132.97,$134.61,$136.25,$137.89,$141.18,$144.46,$147.74,$151.03,$154.31,$157.59,$160.88,$164.16,$167.44,$170.72,$174.01,$177.29,$172.37,$167.44,$162.52,$157.59,$152.67,$147.74,$142.82,$137.89,$132.97,$128.04,$123.12,$118.19,$114.91,$111.63,$108.34,$105.06,$101.78,$98.50,$95.21,$91.93,$88.65,$85.36,$82.08,$78.80,$80.44,$82.08,$83.72,$85.36,$87.00,$88.65,$90.29,$91.93,$93.57,$95.21,$96.85,$98.50,$101.78,$105.06,$108.34,$111.63,$114.91,$167.44,$172.37,$177.29,$182.22,$82.74,$133.95,$196.99,$287.61,$315.18,$285.64
Crucial CT2K16G4SFD8213 32 GB,DDR4-2133,2 x 16GB,14.065 ns,15,$4.78,Black / Green,0.0,0,$215.46,$216.74,$218.01,$219.29,$220.56,$221.84,$223.11,$224.39,$225.66,$226.94,$228.21,$229.49,$191.24,$183.59,$175.94,$168.29,$160.64,$152.99,$145.34,$137.69,$130.04,$122.39,$114.74,$107.09,$93.07,$94.34,$95.62,$96.89,$98.17,$99.44,$100.72,$101.99,$103.27,$104.54,$105.82,$107.09,$109.64,$112.19,$114.74,$117.29,$119.84,$122.39,$124.94,$127.49,$130.04,$132.59,$135.14,$137.69,$133.87,$130.04,$126.22,$122.39,$118.57,$114.74,$110.92,$107.09,$103.27,$99.44,$95.62,$91.79,$89.24,$86.69,$84.14,$81.59,$79.04,$76.50,$73.95,$71.40,$68.85,$66.30,$63.75,$61.20,$62.47,$63.75,$65.02,$66.30,$67.57,$68.85,$70.12,$71.40,$72.67,$73.95,$75.22,$76.50,$79.04,$81.59,$84.14,$86.69,$89.24,$130.04,$133.87,$137.69,$141.52,$64.26,$104.03,$152.99,$223.37,$244.78,$221.84
Crucial CT16G4RFD4213 16 GB,DDR4-2133,1 x 16GB,14.065 ns,15,$4.37,Black / Green,0.0,0,$98.51,$99.10,$99.68,$100.26,$100.84,$101.43,$102.01,$102.59,$103.18,$103.76,$104.34,$104.93,$87.44,$83.94,$80.44,$76.95,$73.45,$69.95,$66.45,$62.96,$59.46,$55.96,$52.46,$48.97,$42.55,$43.14,$43.72,$44.30,$44.88,$45.47,$46.05,$46.63,$47.22,$47.80,$48.38,$48.96,$50.13,$51.30,$52.46,$53.63,$54.79,$55.96,$57.13,$58.29,$59.46,$60.62,$61.79,$62.95,$61.21,$59.46,$57.71,$55.96,$54.21,$52.46,$50.71,$48.97,$47.22,$45.47,$43.72,$41.97,$40.80,$39.64,$38.47,$37.31,$36.14,$34.98,$33.81,$32.64,$31.48,$30.31,$29.15,$27.98,$28.56,$29.15,$29.73,$30.31,$30.89,$31.48,$32.06,$32.64,$33.23,$33.81,$34.39,$34.98,$36.14,$37.31,$38.47,$39.64,$40.80,$59.46,$61.21,$62.95,$64.70,$29.38,$47.57,$69.95,$102.13,$111.92,$101.43
G.Skill Trident Z5 Neo RGB 32 GB,DDR5-8000,2 x 16GB,9.5 ns,38,$26.24,Silver / Black,0.0,0,,,,,,,,,,,,,,,,,,,,,,,,,,,,,,,,,,,,,,,,,,,,,,,"$2,098.88","$2,098.88","$2,028.91","$1,958.95","$1,888.99","$1,819.02","$1,749.06","$1,679.10","$1,609.14","$1,539.17","$1,469.21","$1,399.25","$1,329.29","$1,259.32","$1,210.35","$1,161.38","$1,112.40","$1,063.43","$1,014.46",$965.48,$916.51,$867.54,$818.56,$769.59,$720.61,$671.64,$650.65,$629.66,$608.67,$587.69,$566.70,$545.71,$524.72,$503.73,$482.74,$461.75,$440.76,$419.77,$433.77,$447.76,$461.75,$475.74,$489.74,$713.62,$734.61,$755.59,$776.58,$352.61,$570.89,$839.55,"$1,066.23",$999.06,$999.06
G.Skill Ripjaws S5 64 GB,DDR5-5600,2 x 32GB,12.857 ns,36,$11.09,White,0.0,0,,,,,,,,,,,,,,,,,,,,,,,,,,,,,,,,,,,,,,,,,,,,,,,"$1,774.97","$1,774.97","$1,715.81","$1,656.64","$1,597.48","$1,538.31","$1,479.15","$1,419.98","$1,360.81","$1,301.65","$1,242.48","$1,183.32","$1,124.15","$1,064.99","$1,023.57",$982.15,$940.74,$899.32,$857.90,$816.49,$775.07,$733.66,$692.24,$650.82,$609.41,$567.99,$550.24,$532.49,$514.74,$496.99,$479.24,$461.49,$443.74,$425.99,$408.24,$390.49,$372.74,$355.00,$366.83,$378.66,$390.49,$402.33,$414.16,$603.49,$621.24,$638.99,$656.74,$298.20,$482.79,$709.99,$901.69,$844.89,$844.89
Corsair Vengeance LPX 16 GB,DDR4-3200,2 x 8GB,10 ns,16,$16.25,Black,5.0,1,$366.10,$368.26,$370.43,$372.59,$374.76,$376.93,$379.09,$381.26,$383.43,$385.59,$387.76,$389.92,$324.94,$311.94,$298.94,$285.94,$272.95,$259.95,$246.95,$233.96,$220.96,$207.96,$194.96,$181.97,$158.14,$160.30,$162.47,$164.63,$166.80,$168.97,$171.13,$173.30,$175.47,$177.63,$179.80,$181.96,$186.30,$190.63,$194.96,$199.29,$203.63,$207.96,$212.29,$216.62,$220.96,$225.29,$229.62,$233.95,$227.46,$220.96,$214.46,$207.96,$201.46,$194.96,$188.46,$181.97,$175.47,$168.97,$162.47,$155.97,$151.64,$147.30,$142.97,$138.64,$134.31,$129.97,$125.64,$121.31,$116.98,$112.64,$108.31,$103.98,$106.15,$108.31,$110.48,$112.64,$114.81,$116.98,$119.14,$121.31,$123.48,$125.64,$127.81,$129.97,$134.31,$138.64,$142.97,$147.30,$151.64,$220.96,$227.46,$233.95,$240.45,$109.18,$176.77,$259.95,$379.53,$415.92,$144.99
G.Skill Ripjaws M5 RGB 48 GB,DDR5-5200,2 x 24GB,15.385 ns,40,$11.04,White,5.0,1,,,,,,,,,,,,,,,,,,,,,,,,,,,,,,,,,,,,,,,,,,,,,,,"$1,324.97","$1,324.97","$1,280.81","$1,236.64","$1,192.48","$1,148.31","$1,104.15","$1,059.98","$1,015.81",$971.65,$927.48,$883.32,$839.15,$794.99,$764.07,$733.15,$702.24,$671.32,$640.40,$609.49,$578.57,$547.66,$516.74,$485.82,$454.91,$423.99,$410.74,$397.49,$384.24,$370.99,$357.74,$344.49,$331.24,$317.99,$304.74,$291.49,$278.24,$265.00,$273.83,$282.66,$291.49,$300.33,$309.16,$450.49,$463.74,$476.99,$490.24,$222.60,$360.39,$529.99,$673.09,$630.69,$630.69
Corsair Vengeance RGB RS 8 GB,DDR4-3600,1 x 8GB,10 ns,18,$9.12,Black,0.0,0,$102.78,$103.39,$104.00,$104.60,$105.21,$105.82,$106.43,$107.04,$107.65,$108.25,$108.86,$109.47,$91.23,$87.58,$83.93,$80.28,$76.63,$72.98,$69.33,$65.68,$62.03,$58.38,$54.74,$51.09,$44.40,$45.00,$45.61,$46.22,$46.83,$47.44,$48.05,$48.65,$49.26,$49.87,$50.48,$51.09,$52.30,$53.52,$54.73,$55.95,$57.17,$58.38,$59.60,$60.82,$62.03,$63.25,$64.47,$65.68,$63.86,$62.03,$60.21,$58.38,$56.56,$54.73,$52.91,$51.09,$49.26,$47.44,$45.61,$43.79,$42.57,$41.36,$40.14,$38.92,$37.71,$36.49,$35.27,$34.06,$32.84,$31.62,$30.41,$29.19,$29.80,$30.41,$31.02,$31.62,$32.23,$32.84,$33.45,$34.06,$34.67,$35.27,$35.88,$36.49,$37.71,$38.92,$40.14,$41.36,$42.57,$62.03,$63.86,$65.68,$67.51,$30.65,$49.63,$72.98,$106.55,$116.77,$105.82
Patriot Signature Line 8 GB,DDR4-2666,1 x 8GB,14.254 ns,19,$6.87,Green,0.0,0,$77.44,$77.90,$78.36,$78.82,$79.28,$79.74,$80.19,$80.65,$81.11,$81.57,$82.03,$82.48,$68.74,$65.99,$63.24,$60.49,$57.74,$54.99,$52.24,$49.49,$46.74,$43.99,$41.24,$38.49,$33.45,$33.91,$34.37,$34.83,$35.29,$35.74,$36.20,$36.66,$37.12,$37.58,$38.03,$38.49,$39.41,$40.33,$41.24,$42.16,$43.08,$43.99,$44.91,$45.82,$46.74,$47.66,$48.57,$49.49,$48.12,$46.74,$45.37,$43.99,$42.62,$41.24,$39.87,$38.49,$37.12,$35.74,$34.37,$32.99,$32.08,$31.16,$30.24,$29.33,$28.41,$27.50,$26.58,$25.66,$24.75,$23.83,$22.91,$22.00,$22.45,$22.91,$23.37,$23.83,$24.29,$24.75,$25.20,$25.66,$26.12,$26.58,$27.04,$27.50,$28.41,$29.33,$30.24,$31.16,$32.08,$46.74,$48.12,$49.49,$50.87,$23.10,$37.39,$54.99,$80.29,$87.98,$79.74
Patriot Viper Venom RGB 64 GB,DDR5-6000,2 x 32GB,12 ns,36,$14.53,Black / White,0.0,0,,,,,,,,,,,,,,,,,,,,,,,,,,,,,,,,,,,,,,,,,,,,,,,"$2,324.97","$2,324.97","$2,247.48","$2,169.98","$2,092.48","$2,014.98","$1,937.48","$1,859.98","$1,782.48","$1,704.98","$1,627.48","$1,549.98","$1,472.48","$1,394.99","$1,340.74","$1,286.49","$1,232.24","$1,177.99","$1,123.74","$1,069.49","$1,015.24",$960.99,$906.74,$852.49,$798.24,$743.99,$720.74,$697.49,$674.24,$650.99,$627.74,$604.49,$581.24,$557.99,$534.74,$511.49,$488.24,$465.00,$480.49,$495.99,$511.49,$526.99,$542.49,$790.49,$813.74,$836.99,$860.24,$390.60,$632.39,$929.99,"$1,181.09","$1,106.69","$1,106.69"
Corsair Vengeance RGB 32 GB,DDR5-7000,2 x 16GB,10.286 ns,36,$14.38,Black / Gray,5.0,1,,,,,,,,,,,,,,,,,,,,,,,,,,,,,,,,,,,,,,,,,,,,,,,"$1,149.97","$1,149.97","$1,111.64","$1,073.31","$1,034.98",$996.64,$958.31,$919.98,$881.65,$843.32,$804.98,$766.65,$728.32,$689.99,$663.15,$636.32,$609.49,$582.65,$555.82,$528.99,$502.16,$475.32,$448.49,$421.66,$394.82,$367.99,$356.49,$344.99,$333.49,$321.99,$310.49,$298.99,$287.49,$275.99,$264.49,$252.99,$241.49,$230.00,$237.66,$245.33,$252.99,$260.66,$268.33,$390.99,$402.49,$413.99,$425.49,$193.20,$312.79,$459.99,$584.19,$547.39,$439.99
TEAMGROUP Xtreem 32 GB,DDR5-6400,2 x 16GB,10 ns,32,$14.69,Black,0.0,0,,,,,,,,,,,,,,,,,,,,,,,,,,,,,,,,,,,,,,,,,,,,,,,"$1,174.97","$1,174.97","$1,135.81","$1,096.64","$1,057.48","$1,018.31",$979.15,$939.98,$900.81,$861.65,$822.48,$783.32,$744.15,$704.99,$677.57,$650.15,$622.74,$595.32,$567.90,$540.49,$513.07,$485.66,$458.24,$430.82,$403.41,$375.99,$364.24,$352.49,$340.74,$328.99,$317.24,$305.49,$293.74,$281.99,$270.24,$258.49,$246.74,$235.00,$242.83,$250.66,$258.49,$266.33,$274.16,$399.49,$411.24,$422.99,$434.74,$197.40,$319.59,$469.99,$596.89,$559.29,$559.29
G.Skill Ripjaws 32 GB,DDR4-3200,2 x 16GB,13.75 ns,22,$6.56,Black,0.0,0,$295.74,$297.49,$299.24,$300.99,$302.74,$304.49,$306.24,$307.99,$309.74,$311.49,$313.24,$314.99,$262.49,$251.99,$241.49,$230.99,$220.49,$209.99,$199.49,$188.99,$178.49,$167.99,$157.49,$146.99,$127.74,$129.49,$131.24,$132.99,$134.74,$136.49,$138.24,$139.99,$141.74,$143.49,$145.24,$146.99,$150.49,$153.99,$157.49,$160.99,$164.49,$167.99,$171.49,$174.99,$178.49,$181.99,$185.49,$188.99,$183.74,$178.49,$173.24,$167.99,$162.74,$157.49,$152.24,$146.99,$141.74,$136.49,$131.24,$125.99,$122.49,$118.99,$115.49,$111.99,$108.49,$105.00,$101.50,$98.00,$94.50,$91.00,$87.50,$84.00,$85.75,$87.50,$89.25,$91.00,$92.75,$94.50,$96.25,$98.00,$99.75,$101.50,$103.25,$105.00,$108.49,$111.99,$115.49,$118.99,$122.49,$178.49,$183.74,$188.99,$194.24,$88.20,$142.79,$209.99,$306.59,$335.98,$304.49
Corsair Dominator Platinum RGB 32 GB,DDR5-6000,2 x 16GB,10 ns,30,$14.69,Black,5.0,1,,,,,,,,,,,,,,,,,,,,,,,,,,,,,,,,,,,,,,,,,,,,,,,"$1,174.97","$1,174.97","$1,135.81","$1,096.64","$1,057.48","$1,018.31",$979.15,$939.98,$900.81,$861.65,$822.48,$783.32,$744.15,$704.99,$677.57,$650.15,$622.74,$595.32,$567.90,$540.49,$513.07,$485.66,$458.24,$430.82,$403.41,$375.99,$364.24,$352.49,$340.74,$328.99,$317.24,$305.49,$293.74,$281.99,$270.24,$258.49,$246.74,$235.00,$242.83,$250.66,$258.49,$266.33,$274.16,$399.49,$411.24,$422.99,$434.74,$197.40,$319.59,$469.99,$596.89,$559.29,$559.29
Corsair Vengeance Performance 16 GB,DDR4-2666,2 x 8GB,13.503 ns,18,$5.62,Black / Yellow,0.0,0,$126.74,$127.49,$128.24,$128.99,$129.74,$130.49,$131.24,$131.99,$132.74,$133.49,$134.24,$134.98,$112.49,$107.99,$103.49,$98.99,$94.49,$89.99,$85.49,$80.99,$76.49,$71.99,$67.49,$62.99,$54.74,$55.49,$56.24,$56.99,$57.74,$58.49,$59.24,$59.99,$60.74,$61.49,$62.24,$62.99,$64.49,$65.99,$67.49,$68.99,$70.49,$71.99,$73.49,$74.99,$76.49,$77.99,$79.49,$80.99,$78.74,$76.49,$74.24,$71.99,$69.74,$67.49,$65.24,$62.99,$60.74,$58.49,$56.24,$53.99,$52.49,$50.99,$49.49,$47.99,$46.49,$44.99,$43.50,$42.00,$40.50,$39.00,$37.50,$36.00,$36.75,$37.50,$38.25,$39.00,$39.75,$40.50,$41.25,$42.00,$42.75,$43.50,$44.25,$44.99,$46.49,$47.99,$49.49,$50.99,$52.49,$76.49,$78.74,$80.99,$83.24,$37.80,$61.19,$89.99,$131.39,$143.98,$130.49
G.Skill Zeta R5 Neo 192 GB,DDR5-6400,4 x 48GB,10 ns,32,,Black,0.0,0,,,,,,,,,,,,,,,,,,,,,,,,,,,,,,,,,,,,,,,,,,,,,,,"$3,999.97","$3,999.97","$3,866.64","$3,733.31","$3,599.98","$3,466.64","$3,333.31","$3,199.98","$3,066.65","$2,933.32","$2,799.98","$2,666.65","$2,533.32","$2,399.99","$2,306.65","$2,213.32","$2,119.99","$2,026.65","$1,933.32","$1,839.99","$1,746.66","$1,653.32","$1,559.99","$1,466.66","$1,373.32","$1,279.99","$1,239.99","$1,199.99","$1,159.99","$1,119.99","$1,079.99","$1,039.99",$999.99,$959.99,$919.99,$879.99,$839.99,$800.00,$826.66,$853.33,$879.99,$906.66,$933.33,"$1,359.99","$1,399.99","$1,439.99","$1,479.99",$672.00,"$1,087.99","$1,599.99","$2,031.99","$1,903.99","$1,903.99"
G.Skill Trident Z5 Royal 48 GB,DDR5-8000,2 x 24GB,10 ns,40,$13.75,Gold,0.0,0,,,,,,,,,,,,,,,,,,,,,,,,,,,,,,,,,,,,,,,,,,,,,,,"$1,649.97","$1,649.97","$1,594.98","$1,539.98","$1,484.98","$1,429.98","$1,374.98","$1,319.98","$1,264.98","$1,209.98","$1,154.98","$1,099.98","$1,044.98",$989.99,$951.49,$912.99,$874.49,$835.99,$797.49,$758.99,$720.49,$681.99,$643.49,$604.99,$566.49,$527.99,$511.49,$494.99,$478.49,$461.99,$445.49,$428.99,$412.49,$395.99,$379.49,$362.99,$346.49,$330.00,$340.99,$351.99,$362.99,$373.99,$384.99,$560.99,$577.49,$593.99,$610.49,$277.20,$448.79,$659.99,$838.19,$785.39,$785.39
Crucial CT32G4RFD4293 32 GB,DDR4-2933,1 x 32GB,14.32 ns,21,$10.21,Green / Black,0.0,0,$460.10,$462.82,$465.55,$468.27,$470.99,$473.71,$476.44,$479.16,$481.88,$484.60,$487.33,$490.05,$408.38,$392.04,$375.71,$359.37,$343.04,$326.70,$310.36,$294.03,$277.69,$261.36,$245.03,$228.69,$198.74,$201.47,$204.19,$206.91,$209.63,$212.35,$215.08,$217.80,$220.52,$223.25,$225.97,$228.69,$234.13,$239.58,$245.02,$250.47,$255.91,$261.36,$266.81,$272.25,$277.69,$283.14,$288.58,$294.03,$285.86,$277.69,$269.53,$261.36,$253.19,$245.02,$236.86,$228.69,$220.52,$212.35,$204.19,$196.02,$190.57,$185.13,$179.68,$174.24,$168.79,$163.35,$157.90,$152.46,$147.01,$141.57,$136.12,$130.68,$133.40,$136.12,$138.85,$141.57,$144.29,$147.01,$149.74,$152.46,$155.18,$157.91,$160.63,$163.35,$168.80,$174.24,$179.69,$185.13,$190.58,$277.69,$285.86,$294.03,$302.20,$137.21,$222.16,$326.70,$476.98,$522.72,$473.71
OLOy MD4U082417BBSA 8 GB,DDR4-2400,1 x 8GB,14.167 ns,17,$5.62,Red / Black,0.0,0,$63.36,$63.74,$64.11,$64.49,$64.86,$65.24,$65.61,$65.99,$66.36,$66.74,$67.11,$67.48,$56.24,$53.99,$51.74,$49.49,$47.24,$44.99,$42.74,$40.49,$38.24,$35.99,$33.74,$31.49,$27.37,$27.74,$28.12,$28.49,$28.87,$29.24,$29.62,$29.99,$30.37,$30.74,$31.12,$31.49,$32.24,$32.99,$33.74,$34.49,$35.24,$35.99,$36.74,$37.49,$38.24,$38.99,$39.74,$40.49,$39.37,$38.24,$37.12,$35.99,$34.87,$33.74,$32.62,$31.49,$30.37,$29.24,$28.12,$26.99,$26.24,$25.49,$24.74,$23.99,$23.24,$22.50,$21.75,$21.00,$20.25,$19.50,$18.75,$18.00,$18.37,$18.75,$19.12,$19.50,$19.87,$20.25,$20.62,$21.00,$21.37,$21.75,$22.12,$22.50,$23.24,$23.99,$24.74,$25.49,$26.24,$38.24,$39.37,$40.49,$41.62,$18.90,$30.59,$44.99,$65.69,$71.98,$65.24
Silicon Power XPOWER Zenith RGB Gaming 32 GB,DDR5-6000,2 x 16GB,10 ns,30,$14.24,Black,5.0,2,,,,,,,,,,,,,,,,,,,,,,,,,,,,,,,,,,,,,,,,,,,,,,,"$1,139.48","$1,139.48","$1,101.49","$1,063.51","$1,025.53",$987.54,$949.56,$911.58,$873.60,$835.62,$797.63,$759.65,$721.67,$683.69,$657.10,$630.51,$603.92,$577.33,$550.75,$524.16,$497.57,$470.98,$444.40,$417.81,$391.22,$364.63,$353.24,$341.84,$330.45,$319.05,$307.66,$296.26,$284.87,$273.47,$262.08,$250.68,$239.29,$227.90,$235.49,$243.09,$250.68,$258.28,$265.88,$387.42,$398.82,$410.21,$421.61,$191.43,$309.94,$455.79,$578.85,$542.39,$542.39
G.Skill Ripjaws M5 RGB 96 GB,DDR5-5200,2 x 48GB,15.385 ns,40,$9.90,Black,0.0,0,,,,,,,,,,,,,,,,,,,,,,,,,,,,,,,,,,,,,,,,,,,,,,,"$2,374.97","$2,374.97","$2,295.81","$2,216.64","$2,137.48","$2,058.31","$1,979.15","$1,899.98","$1,820.81","$1,741.65","$1,662.48","$1,583.32","$1,504.15","$1,424.99","$1,369.57","$1,314.15","$1,258.74","$1,203.32","$1,147.90","$1,092.49","$1,037.07",$981.66,$926.24,$870.82,$815.41,$759.99,$736.24,$712.49,$688.74,$664.99,$641.24,$617.49,$593.74,$569.99,$546.24,$522.49,$498.74,$475.00,$490.83,$506.66,$522.49,$538.33,$554.16,$807.49,$831.24,$854.99,$878.74,$399.00,$645.99,$949.99,"$1,206.49","$1,130.49","$1,130.49"
G.Skill Trident Z5 RGB 32 GB,DDR5-6800,2 x 16GB,10 ns,34,$15.00,Silver / Black,5.0,1,,,,,,,,,,,,,,,,,,,,,,,,,,,,,,,,,,,,,,,,,,,,,,,"$1,199.97","$1,199.97","$1,159.98","$1,119.98","$1,079.98","$1,039.98",$999.98,$959.98,$919.98,$879.98,$839.98,$799.98,$759.98,$719.99,$691.99,$663.99,$635.99,$607.99,$579.99,$551.99,$523.99,$495.99,$467.99,$439.99,$411.99,$383.99,$371.99,$359.99,$347.99,$335.99,$323.99,$311.99,$299.99,$287.99,$275.99,$263.99,$251.99,$240.00,$247.99,$255.99,$263.99,$271.99,$279.99,$407.99,$419.99,$431.99,$443.99,$201.60,$326.39,$479.99,$609.59,$571.19,$571.19
Corsair Vengeance RGB 64 GB,DDR5-5200,2 x 32GB,15.385 ns,40,$11.83,Gray,0.0,0,,,,,,,,,,,,,,,,,,,,,,,,,,,,,,,,,,,,,,,,,,,,,,,"$1,892.47","$1,892.47","$1,829.39","$1,766.31","$1,703.23","$1,640.14","$1,577.06","$1,513.98","$1,450.90","$1,387.82","$1,324.73","$1,261.65","$1,198.57","$1,135.49","$1,091.33","$1,047.17","$1,003.01",$958.85,$914.70,$870.54,$826.38,$782.22,$738.07,$693.91,$649.75,$605.59,$586.67,$567.74,$548.82,$529.89,$510.97,$492.04,$473.12,$454.19,$435.27,$416.34,$397.42,$378.50,$391.11,$403.73,$416.34,$428.96,$441.58,$643.44,$662.37,$681.29,$700.22,$317.94,$514.75,$756.99,$961.38,$900.82,$900.82
TEAMGROUP Elite 16 GB,DDR4-2666,2 x 8GB,14.254 ns,19,$7.69,Black,4.5,2,$173.21,$174.24,$175.26,$176.29,$177.31,$178.34,$179.36,$180.39,$181.41,$182.44,$183.46,$184.48,$153.74,$147.59,$141.44,$135.29,$129.14,$122.99,$116.84,$110.69,$104.54,$98.39,$92.24,$86.09,$74.82,$75.84,$76.87,$77.89,$78.92,$79.94,$80.97,$81.99,$83.02,$84.04,$85.07,$86.09,$88.14,$90.19,$92.24,$94.29,$96.34,$98.39,$100.44,$102.49,$104.54,$106.59,$108.64,$110.69,$107.62,$104.54,$101.47,$98.39,$95.32,$92.24,$89.17,$86.09,$83.02,$79.94,$76.87,$73.79,$71.74,$69.69,$67.64,$65.59,$63.54,$61.49,$59.45,$57.40,$55.35,$53.30,$51.25,$49.20,$50.22,$51.25,$52.27,$53.30,$54.32,$55.35,$56.37,$57.40,$58.42,$59.45,$60.47,$61.49,$63.54,$65.59,$67.64,$69.69,$71.74,$104.54,$107.62,$110.69,$113.77,$51.66,$83.63,$122.99,$179.57,$196.78,$178.34
Kingston FURY Impact 32 GB,DDR4-3200,2 x 16GB,12.5 ns,20,$6.25,Black,0.0,0,$281.65,$283.32,$284.99,$286.65,$288.32,$289.99,$291.65,$293.32,$294.99,$296.65,$298.32,$299.99,$249.99,$239.99,$229.99,$219.99,$209.99,$199.99,$189.99,$179.99,$169.99,$159.99,$149.99,$139.99,$121.66,$123.33,$124.99,$126.66,$128.33,$129.99,$131.66,$133.33,$134.99,$136.66,$138.33,$139.99,$143.33,$146.66,$149.99,$153.33,$156.66,$159.99,$163.33,$166.66,$169.99,$173.32,$176.66,$179.99,$174.99,$169.99,$164.99,$159.99,$154.99,$149.99,$144.99,$139.99,$134.99,$129.99,$124.99,$119.99,$116.66,$113.33,$109.99,$106.66,$103.33,$100.00,$96.66,$93.33,$90.00,$86.66,$83.33,$80.00,$81.66,$83.33,$85.00,$86.66,$88.33,$90.00,$91.66,$93.33,$95.00,$96.66,$98.33,$100.00,$103.33,$106.66,$109.99,$113.33,$116.66,$169.99,$174.99,$179.99,$184.99,$84.00,$135.99,$199.99,$291.99,$319.98,$289.99
Kingston FURY Impact 32 GB,DDR5-4800,2 x 16GB,15.833 ns,38,$18.11,Black,0.0,0,,,,,,,,,,,,,,,,,,,,,,,,,,,,,,,,,,,,,,,,,,,,,,,"$1,448.85","$1,448.85","$1,400.55","$1,352.26","$1,303.96","$1,255.67","$1,207.38","$1,159.08","$1,110.78","$1,062.49","$1,014.19",$965.90,$917.61,$869.31,$835.50,$801.70,$767.89,$734.08,$700.28,$666.47,$632.66,$598.86,$565.05,$531.24,$497.44,$463.63,$449.14,$434.65,$420.17,$405.68,$391.19,$376.70,$362.21,$347.72,$333.24,$318.75,$304.26,$289.77,$299.43,$309.09,$318.75,$328.41,$338.06,$492.61,$507.10,$521.59,$536.07,$243.41,$394.09,$579.54,$736.02,$689.65,$689.65
Kingston FURY Renegade Pro 32 GB,DDR5-5600,1 x 32GB,10 ns,28,,Black,0.0,0,,,,,,,,,,,,,,,,,,,,,,,,,,,,,,,,,,,,,,,,,,,,,,,"$1,499.97","$1,499.97","$1,449.98","$1,399.98","$1,349.98","$1,299.98","$1,249.98","$1,199.98","$1,149.98","$1,099.98","$1,049.98",$999.98,$949.98,$899.99,$864.99,$829.99,$794.99,$759.99,$724.99,$689.99,$654.99,$619.99,$584.99,$549.99,$514.99,$479.99,$464.99,$449.99,$434.99,$419.99,$404.99,$389.99,$374.99,$359.99,$344.99,$329.99,$314.99,$300.00,$309.99,$319.99,$329.99,$339.99,$349.99,$509.99,$524.99,$539.99,$554.99,$252.00,$407.99,$599.99,$761.99,$713.99,$713.99
G.Skill Trident Z5 RGB 32 GB,DDR5-6000,2 x 16GB,10 ns,30,$14.63,Black,0.0,0,,,,,,,,,,,,,,,,,,,,,,,,,,,,,,,,,,,,,,,,,,,,,,,"$1,169.97","$1,169.97","$1,130.98","$1,091.98","$1,052.98","$1,013.98",$974.98,$935.98,$896.98,$857.98,$818.98,$779.98,$740.98,$701.99,$674.69,$647.39,$620.09,$592.79,$565.49,$538.19,$510.89,$483.59,$456.29,$428.99,$401.69,$374.39,$362.69,$350.99,$339.29,$327.59,$315.89,$304.19,$292.49,$280.79,$269.09,$257.39,$245.69,$234.00,$241.79,$249.59,$257.39,$265.19,$272.99,$397.79,$409.49,$421.19,$432.89,$196.56,$318.23,$467.99,$594.35,$556.91,$556.91
Crucial CT8G4SFS8266 8 GB,DDR4-2666,1 x 8GB,14.254 ns,19,$6.19,Green / Black,0.0,0,$69.78,$70.20,$70.61,$71.02,$71.43,$71.85,$72.26,$72.67,$73.09,$73.50,$73.91,$74.32,$61.94,$59.46,$56.98,$54.51,$52.03,$49.55,$47.07,$44.60,$42.12,$39.64,$37.16,$34.69,$30.14,$30.56,$30.97,$31.38,$31.79,$32.21,$32.62,$33.03,$33.45,$33.86,$34.27,$34.68,$35.51,$36.34,$37.16,$37.99,$38.81,$39.64,$40.47,$41.29,$42.12,$42.94,$43.77,$44.59,$43.36,$42.12,$40.88,$39.64,$38.40,$37.16,$35.92,$34.69,$33.45,$32.21,$30.97,$29.73,$28.90,$28.08,$27.25,$26.43,$25.60,$24.77,$23.95,$23.12,$22.30,$21.47,$20.65,$19.82,$20.23,$20.65,$21.06,$21.47,$21.88,$22.30,$22.71,$23.12,$23.54,$23.95,$24.36,$24.77,$25.60,$26.43,$27.25,$28.08,$28.90,$42.12,$43.36,$44.59,$45.83,$20.81,$33.69,$49.55,$72.34,$79.28,$71.85
G.Skill Trident Z5 RGB 32 GB,DDR5-6000,2 x 16GB,10.667 ns,32,$14.00,Black,5.0,2,,,,,,,,,,,,,,,,,,,,,,,,,,,,,,,,,,,,,,,,,,,,,,,"$1,119.97","$1,119.97","$1,082.64","$1,045.31","$1,007.98",$970.64,$933.31,$895.98,$858.65,$821.32,$783.98,$746.65,$709.32,$671.99,$645.85,$619.72,$593.59,$567.45,$541.32,$515.19,$489.06,$462.92,$436.79,$410.66,$384.52,$358.39,$347.19,$335.99,$324.79,$313.59,$302.39,$291.19,$279.99,$268.79,$257.59,$246.39,$235.19,$224.00,$231.46,$238.93,$246.39,$253.86,$261.33,$380.79,$391.99,$403.19,$414.39,$188.16,$304.63,$447.99,$568.95,$533.11,$533.11
TEAMGROUP T-Force Delta RGB 32 GB,DDR5-5600,2 x 16GB,11.429 ns,32,$15.53,White,4.0,7,,,,,,,,,,,,,,,,,,,,,,,,,,,,,,,,,,,,,,,,,,,,,,,"$1,242.47","$1,242.47","$1,201.06","$1,159.64","$1,118.23","$1,076.81","$1,035.40",$993.98,$952.56,$911.15,$869.73,$828.32,$786.90,$745.49,$716.49,$687.50,$658.51,$629.52,$600.53,$571.54,$542.55,$513.56,$484.57,$455.57,$426.58,$397.59,$385.17,$372.74,$360.32,$347.89,$335.47,$323.04,$310.62,$298.19,$285.77,$273.34,$260.92,$248.50,$256.78,$265.06,$273.34,$281.63,$289.91,$422.44,$434.87,$447.29,$459.72,$208.74,$337.95,$496.99,$631.18,$591.42,$591.42
Kingston FURY 64 GB,DDR5-5200,2 x 32GB,15.385 ns,40,$10.47,White,0.0,0,,,,,,,,,,,,,,,,,,,,,,,,,,,,,,,,,,,,,,,,,,,,,,,"$1,674.97","$1,674.97","$1,619.14","$1,563.31","$1,507.48","$1,451.64","$1,395.81","$1,339.98","$1,284.15","$1,228.32","$1,172.48","$1,116.65","$1,060.82","$1,004.99",$965.90,$926.82,$887.74,$848.65,$809.57,$770.49,$731.41,$692.32,$653.24,$614.16,$575.07,$535.99,$519.24,$502.49,$485.74,$468.99,$452.24,$435.49,$418.74,$401.99,$385.24,$368.49,$351.74,$335.00,$346.16,$357.33,$368.49,$379.66,$390.83,$569.49,$586.24,$602.99,$619.74,$281.40,$455.59,$669.99,$850.89,$797.29,$797.29
Thermaltake TOUGHRAM XG RGB 64 GB,DDR4-3600,2 x 32GB,10 ns,18,$8.10,Black / Silver,0.0,0,$730.35,$734.67,$738.99,$743.31,$747.63,$751.96,$756.28,$760.60,$764.92,$769.24,$773.56,$777.88,$648.24,$622.31,$596.38,$570.45,$544.52,$518.59,$492.66,$466.73,$440.80,$414.87,$388.94,$363.01,$315.48,$319.80,$324.12,$328.44,$332.76,$337.08,$341.41,$345.73,$350.05,$354.37,$358.69,$363.01,$371.66,$380.30,$388.94,$397.59,$406.23,$414.87,$423.52,$432.16,$440.80,$449.44,$458.09,$466.73,$453.77,$440.80,$427.84,$414.87,$401.91,$388.94,$375.98,$363.01,$350.05,$337.08,$324.12,$311.15,$302.51,$293.87,$285.22,$276.58,$267.94,$259.30,$250.65,$242.01,$233.37,$224.72,$216.08,$207.44,$211.76,$216.08,$220.40,$224.72,$229.04,$233.37,$237.69,$242.01,$246.33,$250.65,$254.97,$259.30,$267.94,$276.58,$285.22,$293.87,$302.51,$440.80,$453.77,$466.73,$479.70,$217.81,$352.64,$518.59,$757.14,$829.74,$751.96
Kingston ValueRAM 16 GB,DDR4-2400,1 x 16GB,14.167 ns,17,$5.86,Black / Green,0.0,0,$132.09,$132.87,$133.65,$134.43,$135.21,$136.00,$136.78,$137.56,$138.34,$139.12,$139.90,$140.69,$117.24,$112.55,$107.86,$103.17,$98.48,$93.79,$89.10,$84.41,$79.72,$75.03,$70.34,$65.65,$57.06,$57.84,$58.62,$59.40,$60.18,$60.96,$61.75,$62.53,$63.31,$64.09,$64.87,$65.65,$67.22,$68.78,$70.34,$71.91,$73.47,$75.03,$76.60,$78.16,$79.72,$81.28,$82.85,$84.41,$82.07,$79.72,$77.38,$75.03,$72.69,$70.34,$68.00,$65.65,$63.31,$60.96,$58.62,$56.27,$54.71,$53.15,$51.58,$50.02,$48.46,$46.90,$45.33,$43.77,$42.21,$40.64,$39.08,$37.52,$38.30,$39.08,$39.86,$40.64,$41.42,$42.21,$42.99,$43.77,$44.55,$45.33,$46.11,$46.90,$48.46,$50.02,$51.58,$53.15,$54.71,$79.72,$82.07,$84.41,$86.76,$39.39,$63.78,$93.79,$136.93,$150.06,$136.00
Crucial CT8G4VFS4213 8 GB,DDR4-2133,1 x 8GB,14.065 ns,15,$3.62,Black / Green,0.0,0,$40.83,$41.07,$41.31,$41.55,$41.79,$42.04,$42.28,$42.52,$42.76,$43.00,$43.24,$43.48,$36.24,$34.79,$33.34,$31.89,$30.44,$28.99,$27.54,$26.09,$24.64,$23.19,$21.74,$20.29,$17.64,$17.88,$18.12,$18.36,$18.60,$18.84,$19.09,$19.33,$19.57,$19.81,$20.05,$20.29,$20.78,$21.26,$21.74,$22.23,$22.71,$23.19,$23.68,$24.16,$24.64,$25.12,$25.61,$26.09,$25.37,$24.64,$23.92,$23.19,$22.47,$21.74,$21.02,$20.29,$19.57,$18.84,$18.12,$17.39,$16.91,$16.43,$15.94,$15.46,$14.98,$14.49,$14.01,$13.53,$13.05,$12.56,$12.08,$11.60,$11.84,$12.08,$12.32,$12.56,$12.80,$13.05,$13.29,$13.53,$13.77,$14.01,$14.25,$14.49,$14.98,$15.46,$15.94,$16.43,$16.91,$24.64,$25.37,$26.09,$26.82,$12.18,$19.71,$28.99,$42.33,$46.38,$42.04
TEAMGROUP T-Force Delta RGB 32 GB,DDR5-6800,2 x 16GB,10 ns,34,$14.06,White / Black,0.0,0,,,,,,,,,,,,,,,,,,,,,,,,,,,,,,,,,,,,,,,,,,,,,,,"$1,124.97","$1,124.97","$1,087.48","$1,049.98","$1,012.48",$974.98,$937.48,$899.98,$862.48,$824.98,$787.48,$749.98,$712.48,$674.99,$648.74,$622.49,$596.24,$569.99,$543.74,$517.49,$491.24,$464.99,$438.74,$412.49,$386.24,$359.99,$348.74,$337.49,$326.24,$314.99,$303.74,$292.49,$281.24,$269.99,$258.74,$247.49,$236.24,$225.00,$232.49,$239.99,$247.49,$254.99,$262.49,$382.49,$393.74,$404.99,$416.24,$189.00,$305.99,$449.99,$571.49,$535.49,$535.49
Corsair Vengeance RGB 96 GB,DDR5-5200,2 x 48GB,14.615 ns,38,$11.26,Black,0.0,0,,,,,,,,,,,,,,,,,,,,,,,,,,,,,,,,,,,,,,,,,,,,,,,"$2,702.47","$2,702.47","$2,612.39","$2,522.31","$2,432.23","$2,342.14","$2,252.06","$2,161.98","$2,071.90","$1,981.82","$1,891.73","$1,801.65","$1,711.57","$1,621.49","$1,558.43","$1,495.37","$1,432.31","$1,369.25","$1,306.20","$1,243.14","$1,180.08","$1,117.02","$1,053.97",$990.91,$927.85,$864.79,$837.77,$810.74,$783.72,$756.69,$729.67,$702.64,$675.62,$648.59,$621.57,$594.54,$567.52,$540.50,$558.51,$576.53,$594.54,$612.56,$630.58,$918.84,$945.87,$972.89,$999.92,$454.02,$735.07,"$1,080.99","$1,372.86","$1,286.38","$1,286.38"
G.Skill Trident Z5 Royal Neo 32 GB,DDR5-6400,2 x 16GB,10 ns,32,$15.47,Silver,0.0,0,,,,,,,,,,,,,,,,,,,,,,,,,,,,,,,,,,,,,,,,,,,,,,,"$1,237.47","$1,237.47","$1,196.23","$1,154.98","$1,113.73","$1,072.48","$1,031.23",$989.98,$948.73,$907.48,$866.23,$824.98,$783.73,$742.49,$713.61,$684.74,$655.86,$626.99,$598.11,$569.24,$540.36,$511.49,$482.62,$453.74,$424.87,$395.99,$383.62,$371.24,$358.87,$346.49,$334.12,$321.74,$309.37,$296.99,$284.62,$272.24,$259.87,$247.50,$255.74,$263.99,$272.24,$280.49,$288.74,$420.74,$433.12,$445.49,$457.87,$207.90,$336.59,$494.99,$628.64,$589.04,$589.04
G.Skill Trident Z5 Royal Neo RGB 32 GB,DDR5-6400,2 x 16GB,9.375 ns,30,$16.88,Gold,0.0,0,,,,,,,,,,,,,,,,,,,,,,,,,,,,,,,,,,,,,,,,,,,,,,,"$1,349.97","$1,349.97","$1,304.98","$1,259.98","$1,214.98","$1,169.98","$1,124.98","$1,079.98","$1,034.98",$989.98,$944.98,$899.98,$854.98,$809.99,$778.49,$746.99,$715.49,$683.99,$652.49,$620.99,$589.49,$557.99,$526.49,$494.99,$463.49,$431.99,$418.49,$404.99,$391.49,$377.99,$364.49,$350.99,$337.49,$323.99,$310.49,$296.99,$283.49,$270.00,$278.99,$287.99,$296.99,$305.99,$314.99,$458.99,$472.49,$485.99,$499.49,$226.80,$367.19,$539.99,$685.79,$642.59,$642.59
G.Skill Trident Z RGB 32 GB,DDR4-4000,4 x 8GB,9 ns,18,$8.41,Black,0.0,0,$378.84,$381.08,$383.32,$385.57,$387.81,$390.05,$392.29,$394.53,$396.77,$399.02,$401.26,$403.50,$336.25,$322.80,$309.35,$295.90,$282.45,$269.00,$255.55,$242.10,$228.65,$215.20,$201.75,$188.30,$163.64,$165.88,$168.12,$170.37,$172.61,$174.85,$177.09,$179.33,$181.58,$183.82,$186.06,$188.30,$192.78,$197.27,$201.75,$206.23,$210.72,$215.20,$219.68,$224.17,$228.65,$233.13,$237.62,$242.10,$235.38,$228.65,$221.93,$215.20,$208.47,$201.75,$195.03,$188.30,$181.58,$174.85,$168.12,$161.40,$156.92,$152.43,$147.95,$143.47,$138.98,$134.50,$130.02,$125.53,$121.05,$116.57,$112.08,$107.60,$109.84,$112.08,$114.33,$116.57,$118.81,$121.05,$123.29,$125.53,$127.78,$130.02,$132.26,$134.50,$138.98,$143.47,$147.95,$152.43,$156.92,$228.65,$235.38,$242.10,$248.82,$112.98,$182.92,$269.00,$392.74,$430.40,$390.05
TEAMGROUP T-Force Delta RGB Eco 32 GB,DDR5-6400,2 x 16GB,10 ns,32,$13.44,Silver,0.0,0,,,,,,,,,,,,,,,,,,,,,,,,,,,,,,,,,,,,,,,,,,,,,,,"$1,074.97","$1,074.97","$1,039.14","$1,003.31",$967.48,$931.64,$895.81,$859.98,$824.15,$788.32,$752.48,$716.65,$680.82,$644.99,$619.90,$594.82,$569.74,$544.65,$519.57,$494.49,$469.41,$444.32,$419.24,$394.16,$369.07,$343.99,$333.24,$322.49,$311.74,$300.99,$290.24,$279.49,$268.74,$257.99,$247.24,$236.49,$225.74,$215.00,$222.16,$229.33,$236.49,$243.66,$250.83,$365.49,$376.24,$386.99,$397.74,$180.60,$292.39,$429.99,$546.09,$511.69,$511.69
Crucial CT48G56C46S5 48 GB,DDR5-5600,1 x 48GB,16.429 ns,46,,Black,0.0,0,,,,,,,,,,,,,,,,,,,,,,,,,,,,,,,,,,,,,,,,,,,,,,,$914.98,$914.98,$884.48,$853.98,$823.48,$792.98,$762.48,$731.98,$701.48,$670.98,$640.48,$609.98,$579.48,$548.99,$527.64,$506.29,$484.94,$463.59,$442.24,$420.89,$399.54,$378.19,$356.84,$335.49,$314.14,$292.79,$283.64,$274.49,$265.34,$256.19,$247.04,$237.89,$228.74,$219.59,$210.44,$201.29,$192.14,$183.00,$189.09,$195.19,$201.29,$207.39,$213.49,$311.09,$320.24,$329.39,$338.54,$153.72,$248.87,$365.99,$464.81,$435.53,$435.53
Patriot Viper Venom RGB 32 GB,DDR5-7200,2 x 16GB,11.111 ns,40,$23.09,Black / White,0.0,0,,,,,,,,,,,,,,,,,,,,,,,,,,,,,,,,,,,,,,,,,,,,,,,"$1,847.12","$1,847.12","$1,785.55","$1,723.98","$1,662.41","$1,600.84","$1,539.27","$1,477.70","$1,416.13","$1,354.56","$1,292.99","$1,231.42","$1,169.85","$1,108.28","$1,065.18","$1,022.08",$978.98,$935.88,$892.78,$849.68,$806.58,$763.48,$720.38,$677.28,$634.18,$591.08,$572.61,$554.14,$535.67,$517.20,$498.72,$480.25,$461.78,$443.31,$424.84,$406.37,$387.90,$369.43,$381.74,$394.05,$406.37,$418.68,$431.00,$628.02,$646.49,$664.96,$683.44,$310.32,$502.42,$738.85,$938.34,$879.23,$879.23
TEAMGROUP T-Create Classic 32 GB,DDR5-5600,2 x 16GB,16.429 ns,46,$11.66,Black,0.0,0,,,,,,,,,,,,,,,,,,,,,,,,,,,,,,,,,,,,,,,,,,,,,,,$932.48,$932.48,$901.39,$870.31,$839.23,$808.14,$777.06,$745.98,$714.90,$683.82,$652.73,$621.65,$590.57,$559.49,$537.73,$515.97,$494.21,$472.45,$450.70,$428.94,$407.18,$385.42,$363.67,$341.91,$320.15,$298.39,$289.07,$279.74,$270.42,$261.09,$251.77,$242.44,$233.12,$223.79,$214.47,$205.14,$195.82,$186.50,$192.71,$198.93,$205.14,$211.36,$217.58,$317.04,$326.37,$335.69,$345.02,$156.66,$253.63,$372.99,$473.70,$443.86,$443.86
Patriot Signature Line 16 GB,DDR4-2400,1 x 16GB,14.167 ns,17,$6.25,Green / Black,0.0,0,$140.82,$141.65,$142.49,$143.32,$144.15,$144.99,$145.82,$146.65,$147.49,$148.32,$149.15,$149.98,$124.99,$119.99,$114.99,$109.99,$104.99,$99.99,$94.99,$89.99,$84.99,$79.99,$74.99,$69.99,$60.83,$61.66,$62.49,$63.33,$64.16,$64.99,$65.83,$66.66,$67.49,$68.33,$69.16,$69.99,$71.66,$73.33,$74.99,$76.66,$78.33,$79.99,$81.66,$83.32,$84.99,$86.66,$88.32,$89.99,$87.49,$84.99,$82.49,$79.99,$77.49,$74.99,$72.49,$69.99,$67.49,$64.99,$62.49,$59.99,$58.33,$56.66,$54.99,$53.33,$51.66,$49.99,$48.33,$46.66,$45.00,$43.33,$41.66,$40.00,$40.83,$41.66,$42.50,$43.33,$44.16,$45.00,$45.83,$46.66,$47.50,$48.33,$49.16,$49.99,$51.66,$53.33,$54.99,$56.66,$58.33,$84.99,$87.49,$89.99,$92.49,$42.00,$67.99,$99.99,$145.99,$159.98,$144.99
G.Skill Trident Z RGB 32 GB,DDR4-4266,4 x 8GB,7.97 ns,17,$11.84,Black,0.0,0,$533.76,$536.92,$540.07,$543.23,$546.39,$549.55,$552.71,$555.87,$559.02,$562.18,$565.34,$568.50,$473.75,$454.80,$435.85,$416.90,$397.95,$379.00,$360.05,$341.10,$322.15,$303.20,$284.25,$265.30,$230.56,$233.72,$236.88,$240.03,$243.19,$246.35,$249.51,$252.67,$255.83,$258.98,$262.14,$265.30,$271.62,$277.93,$284.25,$290.57,$296.88,$303.20,$309.52,$315.83,$322.15,$328.47,$334.78,$341.10,$331.62,$322.15,$312.68,$303.20,$293.73,$284.25,$274.77,$265.30,$255.83,$246.35,$236.88,$227.40,$221.08,$214.77,$208.45,$202.13,$195.82,$189.50,$183.18,$176.87,$170.55,$164.23,$157.92,$151.60,$154.76,$157.92,$161.08,$164.23,$167.39,$170.55,$173.71,$176.87,$180.03,$183.18,$186.34,$189.50,$195.82,$202.13,$208.45,$214.77,$221.08,$322.15,$331.62,$341.10,$350.57,$159.18,$257.72,$379.00,$553.34,$606.40,$549.55
Corsair Vengeance 64 GB,DDR5-6000,4 x 16GB,12 ns,36,$14.23,Black / Silver,0.0,0,,,,,,,,,,,,,,,,,,,,,,,,,,,,,,,,,,,,,,,,,,,,,,,"$2,277.47","$2,277.47","$2,201.56","$2,125.64","$2,049.73","$1,973.81","$1,897.90","$1,821.98","$1,746.06","$1,670.15","$1,594.23","$1,518.32","$1,442.40","$1,366.49","$1,313.34","$1,260.20","$1,207.06","$1,153.92","$1,100.78","$1,047.64",$994.50,$941.36,$888.22,$835.07,$781.93,$728.79,$706.02,$683.24,$660.47,$637.69,$614.92,$592.14,$569.37,$546.59,$523.82,$501.04,$478.27,$455.50,$470.68,$485.86,$501.04,$516.23,$531.41,$774.34,$797.12,$819.89,$842.67,$382.62,$619.47,$910.99,"$1,156.96","$1,084.08","$1,084.08"
G.Skill Trident Z5 RGB 32 GB,DDR5-6400,2 x 16GB,10 ns,32,$15.00,Black,5.0,2,,,,,,,,,,,,,,,,,,,,,,,,,,,,,,,,,,,,,,,,,,,,,,,"$1,199.97","$1,199.97","$1,159.98","$1,119.98","$1,079.98","$1,039.98",$999.98,$959.98,$919.98,$879.98,$839.98,$799.98,$759.98,$719.99,$691.99,$663.99,$635.99,$607.99,$579.99,$551.99,$523.99,$495.99,$467.99,$439.99,$411.99,$383.99,$371.99,$359.99,$347.99,$335.99,$323.99,$311.99,$299.99,$287.99,$275.99,$263.99,$251.99,$240.00,$247.99,$255.99,$263.99,$271.99,$279.99,$407.99,$419.99,$431.99,$443.99,$201.60,$326.39,$479.99,$609.59,$571.19,$571.19
G.Skill Trident Z RGB 32 GB,DDR4-3600,2 x 16GB,9.444 ns,17,$8.09,Black,4.0,5,$364.76,$366.92,$369.07,$371.23,$373.39,$375.55,$377.71,$379.87,$382.02,$384.18,$386.34,$388.50,$323.75,$310.80,$297.85,$284.90,$271.95,$259.00,$246.05,$233.10,$220.15,$207.20,$194.25,$181.30,$157.56,$159.72,$161.88,$164.03,$166.19,$168.35,$170.51,$172.67,$174.83,$176.98,$179.14,$181.30,$185.62,$189.93,$194.25,$198.57,$202.88,$207.20,$211.52,$215.83,$220.15,$224.47,$228.78,$233.10,$226.62,$220.15,$213.68,$207.20,$200.72,$194.25,$187.78,$181.30,$174.83,$168.35,$161.88,$155.40,$151.08,$146.77,$142.45,$138.13,$133.82,$129.50,$125.18,$120.87,$116.55,$112.23,$107.92,$103.60,$105.76,$107.92,$110.08,$112.23,$114.39,$116.55,$118.71,$120.87,$123.03,$125.18,$127.34,$129.50,$133.82,$138.13,$142.45,$146.77,$151.08,$220.15,$226.62,$233.10,$239.57,$108.78,$176.12,$259.00,$378.14,$414.40,$375.55
Kingston ValueRAM 16 GB,DDR4-2400,1 x 16GB,14.167 ns,17,$6.23,Green / Black,0.0,0,$140.47,$141.30,$142.13,$142.96,$143.79,$144.62,$145.45,$146.29,$147.12,$147.95,$148.78,$149.61,$124.67,$119.69,$114.70,$109.71,$104.73,$99.74,$94.75,$89.77,$84.78,$79.79,$74.81,$69.82,$60.68,$61.51,$62.34,$63.17,$64.00,$64.83,$65.66,$66.49,$67.32,$68.16,$68.99,$69.82,$71.48,$73.14,$74.80,$76.47,$78.13,$79.79,$81.45,$83.12,$84.78,$86.44,$88.10,$89.77,$87.27,$84.78,$82.29,$79.79,$77.30,$74.80,$72.31,$69.82,$67.32,$64.83,$62.34,$59.84,$58.18,$56.52,$54.86,$53.19,$51.53,$49.87,$48.21,$46.55,$44.88,$43.22,$41.56,$39.90,$40.73,$41.56,$42.39,$43.22,$44.05,$44.88,$45.71,$46.55,$47.38,$48.21,$49.04,$49.87,$51.53,$53.19,$54.86,$56.52,$58.18,$84.78,$87.27,$89.77,$92.26,$41.89,$67.82,$99.74,$145.62,$159.58,$144.62
Corsair Vengeance RGB 64 GB,DDR5-5200,2 x 32GB,15.385 ns,40,$11.72,Black / Gray,0.0,0,,,,,,,,,,,,,,,,,,,,,,,,,,,,,,,,,,,,,,,,,,,,,,,"$1,874.97","$1,874.97","$1,812.48","$1,749.98","$1,687.48","$1,624.98","$1,562.48","$1,499.98","$1,437.48","$1,374.98","$1,312.48","$1,249.98","$1,187.48","$1,124.99","$1,081.24","$1,037.49",$993.74,$949.99,$906.24,$862.49,$818.74,$774.99,$731.24,$687.49,$643.74,$599.99,$581.24,$562.49,$543.74,$524.99,$506.24,$487.49,$468.74,$449.99,$431.24,$412.49,$393.74,$375.00,$387.49,$399.99,$412.49,$424.99,$437.49,$637.49,$656.24,$674.99,$693.74,$315.00,$509.99,$749.99,$952.49,$892.49,$892.49
Corsair Vengeance RGB 64 GB,DDR5-6200,4 x 16GB,10.323 ns,32,$14.09,Black / Gray,0.0,0,,,,,,,,,,,,,,,,,,,,,,,,,,,,,,,,,,,,,,,,,,,,,,,"$2,254.97","$2,254.97","$2,179.81","$2,104.64","$2,029.48","$1,954.31","$1,879.15","$1,803.98","$1,728.81","$1,653.65","$1,578.48","$1,503.32","$1,428.15","$1,352.99","$1,300.37","$1,247.75","$1,195.14","$1,142.52","$1,089.90","$1,037.29",$984.67,$932.06,$879.44,$826.82,$774.21,$721.59,$699.04,$676.49,$653.94,$631.39,$608.84,$586.29,$563.74,$541.19,$518.64,$496.09,$473.54,$451.00,$466.03,$481.06,$496.09,$511.13,$526.16,$766.69,$789.24,$811.79,$834.34,$378.84,$613.35,$901.99,"$1,145.53","$1,073.37","$1,073.37"
G.Skill Trident Z5 RGB 32 GB,DDR5-6000,2 x 16GB,10.667 ns,32,$14.00,White / Black,0.0,0,,,,,,,,,,,,,,,,,,,,,,,,,,,,,,,,,,,,,,,,,,,,,,,"$1,119.97","$1,119.97","$1,082.64","$1,045.31","$1,007.98",$970.64,$933.31,$895.98,$858.65,$821.32,$783.98,$746.65,$709.32,$671.99,$645.85,$619.72,$593.59,$567.45,$541.32,$515.19,$489.06,$462.92,$436.79,$410.66,$384.52,$358.39,$347.19,$335.99,$324.79,$313.59,$302.39,$291.19,$279.99,$268.79,$257.59,$246.39,$235.19,$224.00,$231.46,$238.93,$246.39,$253.86,$261.33,$380.79,$391.99,$403.19,$414.39,$188.16,$304.63,$447.99,$568.95,$533.11,$533.11
Kingston KCP424NS6/4 4 GB,DDR4-2400,1 x 4GB,14.167 ns,17,$7.45,Green / Black,0.0,0,$41.95,$42.20,$42.45,$42.70,$42.95,$43.20,$43.44,$43.69,$43.94,$44.19,$44.44,$44.69,$37.24,$35.75,$34.26,$32.77,$31.28,$29.79,$28.30,$26.81,$25.32,$23.83,$22.34,$20.85,$18.12,$18.37,$18.62,$18.87,$19.12,$19.36,$19.61,$19.86,$20.11,$20.36,$20.60,$20.85,$21.35,$21.85,$22.34,$22.84,$23.34,$23.83,$24.33,$24.82,$25.32,$25.82,$26.31,$26.81,$26.07,$25.32,$24.58,$23.83,$23.09,$22.34,$21.60,$20.85,$20.11,$19.36,$18.62,$17.87,$17.38,$16.88,$16.38,$15.89,$15.39,$14.89,$14.40,$13.90,$13.41,$12.91,$12.41,$11.92,$12.16,$12.41,$12.66,$12.91,$13.16,$13.41,$13.65,$13.90,$14.15,$14.40,$14.65,$14.89,$15.39,$15.89,$16.38,$16.88,$17.38,$25.32,$26.07,$26.81,$27.56,$12.51,$20.26,$29.79,$43.49,$47.66,$43.20
Patriot Viper 4 8 GB,DDR4-2800,2 x 4GB,11.429 ns,16,$8.68,Black / Red,5.0,2,$97.81,$98.39,$98.97,$99.55,$100.12,$100.70,$101.28,$101.86,$102.44,$103.02,$103.60,$104.18,$86.81,$83.34,$79.87,$76.40,$72.92,$69.45,$65.98,$62.51,$59.03,$55.56,$52.09,$48.62,$42.25,$42.83,$43.41,$43.98,$44.56,$45.14,$45.72,$46.30,$46.88,$47.46,$48.04,$48.62,$49.77,$50.93,$52.09,$53.24,$54.40,$55.56,$56.72,$57.88,$59.03,$60.19,$61.35,$62.50,$60.77,$59.03,$57.30,$55.56,$53.82,$52.09,$50.35,$48.62,$46.88,$45.14,$43.41,$41.67,$40.51,$39.36,$38.20,$37.04,$35.88,$34.73,$33.57,$32.41,$31.25,$30.09,$28.94,$27.78,$28.36,$28.94,$29.52,$30.10,$30.67,$31.25,$31.83,$32.41,$32.99,$33.57,$34.15,$34.73,$35.88,$37.04,$38.20,$39.36,$40.51,$59.03,$60.77,$62.50,$64.24,$29.17,$47.23,$69.45,$101.40,$111.12,$100.70
Crucial CT4K8G4DFS8213 32 GB,DDR4-2133,4 x 8GB,14.065 ns,15,$6.81,Black / Green,5.0,1,$306.72,$308.54,$310.35,$312.17,$313.98,$315.80,$317.61,$319.43,$321.24,$323.06,$324.87,$326.69,$272.24,$261.35,$250.46,$239.57,$228.68,$217.79,$206.90,$196.01,$185.12,$174.23,$163.34,$152.45,$132.49,$134.30,$136.12,$137.93,$139.75,$141.56,$143.38,$145.19,$147.01,$148.82,$150.64,$152.45,$156.08,$159.71,$163.34,$166.97,$170.60,$174.23,$177.86,$181.49,$185.12,$188.75,$192.38,$196.01,$190.57,$185.12,$179.68,$174.23,$168.79,$163.34,$157.90,$152.45,$147.01,$141.56,$136.12,$130.67,$127.04,$123.41,$119.78,$116.15,$112.52,$108.89,$105.27,$101.64,$98.01,$94.38,$90.75,$87.12,$88.93,$90.75,$92.56,$94.38,$96.19,$98.01,$99.82,$101.64,$103.45,$105.27,$107.08,$108.89,$112.52,$116.15,$119.78,$123.41,$127.04,$185.12,$190.57,$196.01,$201.46,$91.47,$148.10,$217.79,$317.97,$348.46,$315.80
Kingston FURY Impact 32 GB,DDR5-5600,1 x 32GB,14.286 ns,40,$12.50,Black,0.0,0,,,,,,,,,,,,,,,,,,,,,,,,,,,,,,,,,,,,,,,,,,,,,,,$999.98,$999.98,$966.64,$933.31,$899.98,$866.64,$833.31,$799.98,$766.65,$733.32,$699.98,$666.65,$633.32,$599.99,$576.65,$553.32,$529.99,$506.65,$483.32,$459.99,$436.66,$413.32,$389.99,$366.66,$343.32,$319.99,$309.99,$299.99,$289.99,$279.99,$269.99,$259.99,$249.99,$239.99,$229.99,$219.99,$209.99,$200.00,$206.66,$213.33,$219.99,$226.66,$233.33,$339.99,$349.99,$359.99,$369.99,$168.00,$271.99,$399.99,$507.99,$475.99,$475.99
G.Skill Trident Z 32 GB,DDR5-6000,2 x 16GB,10 ns,30,$13.94,White / Black,5.0,1,,,,,,,,,,,,,,,,,,,,,,,,,,,,,,,,,,,,,,,,,,,,,,,"$1,114.97","$1,114.97","$1,077.81","$1,040.64","$1,003.48",$966.31,$929.15,$891.98,$854.81,$817.65,$780.48,$743.32,$706.15,$668.99,$642.97,$616.95,$590.94,$564.92,$538.90,$512.89,$486.87,$460.86,$434.84,$408.82,$382.81,$356.79,$345.64,$334.49,$323.34,$312.19,$301.04,$289.89,$278.74,$267.59,$256.44,$245.29,$234.14,$223.00,$230.43,$237.86,$245.29,$252.73,$260.16,$379.09,$390.24,$401.39,$412.54,$187.32,$303.27,$445.99,$566.41,$530.73,$530.73
Corsair Vengeance 48 GB,DDR5-5600,2 x 24GB,14.286 ns,40,$11.29,Black,0.0,0,,,,,,,,,,,,,,,,,,,,,,,,,,,,,,,,,,,,,,,,,,,,,,,"$1,354.97","$1,354.97","$1,309.81","$1,264.64","$1,219.48","$1,174.31","$1,129.15","$1,083.98","$1,038.81",$993.65,$948.48,$903.32,$858.15,$812.99,$781.37,$749.75,$718.14,$686.52,$654.90,$623.29,$591.67,$560.06,$528.44,$496.82,$465.21,$433.59,$420.04,$406.49,$392.94,$379.39,$365.84,$352.29,$338.74,$325.19,$311.64,$298.09,$284.54,$271.00,$280.03,$289.06,$298.09,$307.13,$316.16,$460.69,$474.24,$487.79,$501.34,$227.64,$368.55,$541.99,$688.33,$644.97,$644.97
Corsair Vengeance RGB 48 GB,DDR5-7000,2 x 24GB,11.429 ns,40,$12.50,Black,0.0,0,,,,,,,,,,,,,,,,,,,,,,,,,,,,,,,,,,,,,,,,,,,,,,,"$1,499.97","$1,499.97","$1,449.98","$1,399.98","$1,349.98","$1,299.98","$1,249.98","$1,199.98","$1,149.98","$1,099.98","$1,049.98",$999.98,$949.98,$899.99,$864.99,$829.99,$794.99,$759.99,$724.99,$689.99,$654.99,$619.99,$584.99,$549.99,$514.99,$479.99,$464.99,$449.99,$434.99,$419.99,$404.99,$389.99,$374.99,$359.99,$344.99,$329.99,$314.99,$300.00,$309.99,$319.99,$329.99,$339.99,$349.99,$509.99,$524.99,$539.99,$554.99,$252.00,$407.99,$599.99,$761.99,$713.99,$713.99
G.Skill Ripjaws S5 64 GB,DDR5-5600,2 x 32GB,12.857 ns,36,$11.09,White,0.0,0,,,,,,,,,,,,,,,,,,,,,,,,,,,,,,,,,,,,,,,,,,,,,,,"$1,774.97","$1,774.97","$1,715.81","$1,656.64","$1,597.48","$1,538.31","$1,479.15","$1,419.98","$1,360.81","$1,301.65","$1,242.48","$1,183.32","$1,124.15","$1,064.99","$1,023.57",$982.15,$940.74,$899.32,$857.90,$816.49,$775.07,$733.66,$692.24,$650.82,$609.41,$567.99,$550.24,$532.49,$514.74,$496.99,$479.24,$461.49,$443.74,$425.99,$408.24,$390.49,$372.74,$355.00,$366.83,$378.66,$390.49,$402.33,$414.16,$603.49,$621.24,$638.99,$656.74,$298.20,$482.79,$709.99,$901.69,$844.89,$844.89
G.Skill Ripjaws M5 RGB 32 GB,DDR5-6400,2 x 16GB,10 ns,32,$14.22,Black,5.0,2,,,,,,,,,,,,,,,,,,,,,,,,,,,,,,,,,,,,,,,,,,,,,,,"$1,137.47","$1,137.47","$1,099.56","$1,061.64","$1,023.73",$985.81,$947.90,$909.98,$872.06,$834.15,$796.23,$758.32,$720.40,$682.49,$655.94,$629.40,$602.86,$576.32,$549.78,$523.24,$496.70,$470.16,$443.62,$417.07,$390.53,$363.99,$352.62,$341.24,$329.87,$318.49,$307.12,$295.74,$284.37,$272.99,$261.62,$250.24,$238.87,$227.50,$235.08,$242.66,$250.24,$257.83,$265.41,$386.74,$398.12,$409.49,$420.87,$191.10,$309.39,$454.99,$577.84,$541.44,$541.44
G.Skill Trident Z5 RGB 96 GB,DDR5-5600,2 x 48GB,14.286 ns,40,$10.10,Black,0.0,0,,,,,,,,,,,,,,,,,,,,,,,,,,,,,,,,,,,,,,,,,,,,,,,"$2,424.97","$2,424.97","$2,344.14","$2,263.31","$2,182.48","$2,101.64","$2,020.81","$1,939.98","$1,859.15","$1,778.32","$1,697.48","$1,616.65","$1,535.82","$1,454.99","$1,398.40","$1,341.82","$1,285.24","$1,228.65","$1,172.07","$1,115.49","$1,058.91","$1,002.32",$945.74,$889.16,$832.57,$775.99,$751.74,$727.49,$703.24,$678.99,$654.74,$630.49,$606.24,$581.99,$557.74,$533.49,$509.24,$485.00,$501.16,$517.33,$533.49,$549.66,$565.83,$824.49,$848.74,$872.99,$897.24,$407.40,$659.59,$969.99,"$1,231.89","$1,154.29","$1,154.29"
Kingston FURY Renegade Pro 256 GB,DDR5-5600,8 x 32GB,10 ns,28,,Black,0.0,0,,,,,,,,,,,,,,,,,,,,,,,,,,,,,,,,,,,,,,,,,,,,,,,"$8,999.97","$8,999.97","$8,699.98","$8,399.98","$8,099.98","$7,799.98","$7,499.98","$7,199.98","$6,899.98","$6,599.98","$6,299.98","$5,999.98","$5,699.98","$5,399.98","$5,189.99","$4,979.99","$4,769.99","$4,559.99","$4,349.99","$4,139.99","$3,929.99","$3,719.99","$3,509.99","$3,299.99","$3,089.99","$2,879.99","$2,789.99","$2,699.99","$2,609.99","$2,519.99","$2,429.99","$2,339.99","$2,249.99","$2,159.99","$2,069.99","$1,979.99","$1,889.99","$1,799.99","$1,859.99","$1,919.99","$1,979.99","$2,039.99","$2,099.99","$3,059.99","$3,149.99","$3,239.99","$3,329.99","$1,512.00","$2,447.99","$3,599.99","$4,571.99","$4,283.99","$4,283.99"
Silicon Power XPOWER Storm RGB 32 GB,DDR5-6000,2 x 16GB,9.333 ns,28,$14.91,White,0.0,0,,,,,,,,,,,,,,,,,,,,,,,,,,,,,,,,,,,,,,,,,,,,,,,"$1,192.43","$1,192.43","$1,152.68","$1,112.93","$1,073.18","$1,033.43",$993.69,$953.94,$914.19,$874.45,$834.70,$794.95,$755.20,$715.46,$687.63,$659.81,$631.99,$604.16,$576.34,$548.52,$520.69,$492.87,$465.05,$437.22,$409.40,$381.58,$369.65,$357.73,$345.80,$333.88,$321.95,$310.03,$298.11,$286.18,$274.26,$262.33,$250.41,$238.49,$246.43,$254.38,$262.33,$270.28,$278.23,$405.42,$417.35,$429.27,$441.20,$200.33,$324.34,$476.97,$605.75,$567.59,$567.59
G.Skill Ripjaws S5 96 GB,DDR5-5200,2 x 48GB,15.385 ns,40,$10.94,Black,0.0,0,,,,,,,,,,,,,,,,,,,,,,,,,,,,,,,,,,,,,,,,,,,,,,,"$2,624.97","$2,624.97","$2,537.48","$2,449.98","$2,362.48","$2,274.98","$2,187.48","$2,099.98","$2,012.48","$1,924.98","$1,837.48","$1,749.98","$1,662.48","$1,574.99","$1,513.74","$1,452.49","$1,391.24","$1,329.99","$1,268.74","$1,207.49","$1,146.24","$1,084.99","$1,023.74",$962.49,$901.24,$839.99,$813.74,$787.49,$761.24,$734.99,$708.74,$682.49,$656.24,$629.99,$603.74,$577.49,$551.24,$525.00,$542.49,$559.99,$577.49,$594.99,$612.49,$892.49,$918.74,$944.99,$971.24,$441.00,$713.99,"$1,049.99","$1,333.49","$1,249.49","$1,249.49"
G.Skill Flare X5 96 GB,DDR5-5600,2 x 48GB,14.286 ns,40,$9.41,Black,0.0,0,,,,,,,,,,,,,,,,,,,,,,,,,,,,,,,,,,,,,,,,,,,,,,,"$2,259.12","$2,259.12","$2,183.82","$2,108.52","$2,033.21","$1,957.91","$1,882.60","$1,807.30","$1,732.00","$1,656.69","$1,581.39","$1,506.08","$1,430.78","$1,355.47","$1,302.76","$1,250.05","$1,197.34","$1,144.62","$1,091.91","$1,039.20",$986.48,$933.77,$881.06,$828.35,$775.63,$722.92,$700.33,$677.74,$655.15,$632.56,$609.96,$587.37,$564.78,$542.19,$519.60,$497.01,$474.42,$451.82,$466.89,$481.95,$497.01,$512.07,$527.13,$768.10,$790.69,$813.28,$835.88,$379.53,$614.48,$903.65,"$1,147.64","$1,075.34","$1,075.34"
Patriot Viper 4 8 GB,DDR4-3600,2 x 4GB,9.444 ns,17,$11.16,Red / Black,0.0,0,$125.74,$126.48,$127.22,$127.97,$128.71,$129.46,$130.20,$130.94,$131.69,$132.43,$133.18,$133.92,$111.60,$107.14,$102.67,$98.21,$93.74,$89.28,$84.82,$80.35,$75.89,$71.42,$66.96,$62.50,$54.31,$55.06,$55.80,$56.54,$57.29,$58.03,$58.78,$59.52,$60.26,$61.01,$61.75,$62.50,$63.98,$65.47,$66.96,$68.45,$69.94,$71.42,$72.91,$74.40,$75.89,$77.38,$78.86,$80.35,$78.12,$75.89,$73.66,$71.42,$69.19,$66.96,$64.73,$62.50,$60.26,$58.03,$55.80,$53.57,$52.08,$50.59,$49.10,$47.62,$46.13,$44.64,$43.15,$41.66,$40.18,$38.69,$37.20,$35.71,$36.46,$37.20,$37.94,$38.69,$39.43,$40.18,$40.92,$41.66,$42.41,$43.15,$43.90,$44.64,$46.13,$47.62,$49.10,$50.59,$52.08,$75.89,$78.12,$80.35,$82.58,$37.50,$60.71,$89.28,$130.35,$142.85,$129.46
Patriot Viper Venom RGB 64 GB,DDR5-5600,2 x 32GB,14.286 ns,40,$11.30,Black / White,0.0,0,,,,,,,,,,,,,,,,,,,,,,,,,,,,,,,,,,,,,,,,,,,,,,,"$1,807.47","$1,807.47","$1,747.23","$1,686.98","$1,626.73","$1,566.48","$1,506.23","$1,445.98","$1,385.73","$1,325.48","$1,265.23","$1,204.98","$1,144.73","$1,084.49","$1,042.31","$1,000.14",$957.96,$915.79,$873.61,$831.44,$789.26,$747.09,$704.92,$662.74,$620.57,$578.39,$560.32,$542.24,$524.17,$506.09,$488.02,$469.94,$451.87,$433.79,$415.72,$397.64,$379.57,$361.50,$373.54,$385.59,$397.64,$409.69,$421.74,$614.54,$632.62,$650.69,$668.77,$303.66,$491.63,$722.99,$918.20,$860.36,$860.36
G.Skill Trident Z RGB 16 GB,DDR4-4400,2 x 8GB,8.182 ns,18,$14.31,Black,0.0,0,$322.51,$324.42,$326.32,$328.23,$330.14,$332.05,$333.96,$335.87,$337.77,$339.68,$341.59,$343.50,$286.25,$274.80,$263.35,$251.90,$240.45,$229.00,$217.55,$206.10,$194.65,$183.20,$171.75,$160.30,$139.31,$141.22,$143.12,$145.03,$146.94,$148.85,$150.76,$152.67,$154.58,$156.48,$158.39,$160.30,$164.12,$167.93,$171.75,$175.57,$179.38,$183.20,$187.02,$190.83,$194.65,$198.47,$202.28,$206.10,$200.38,$194.65,$188.93,$183.20,$177.47,$171.75,$166.03,$160.30,$154.58,$148.85,$143.12,$137.40,$133.58,$129.77,$125.95,$122.13,$118.32,$114.50,$110.68,$106.87,$103.05,$99.23,$95.42,$91.60,$93.51,$95.42,$97.33,$99.23,$101.14,$103.05,$104.96,$106.87,$108.78,$110.68,$112.59,$114.50,$118.32,$122.13,$125.95,$129.77,$133.58,$194.65,$200.38,$206.10,$211.82,$96.18,$155.72,$229.00,$334.34,$366.40,$332.05
Kingston KTD-PE426/32G 32 GB,DDR4-2666,1 x 32GB,14.254 ns,19,$7.34,Green / Black,0.0,0,$330.93,$332.89,$334.85,$336.80,$338.76,$340.72,$342.68,$344.64,$346.60,$348.55,$350.51,$352.47,$293.72,$281.98,$270.23,$258.48,$246.73,$234.98,$223.23,$211.48,$199.73,$187.98,$176.24,$164.49,$142.95,$144.90,$146.86,$148.82,$150.78,$152.74,$154.70,$156.65,$158.61,$160.57,$162.53,$164.49,$168.40,$172.32,$176.23,$180.15,$184.07,$187.98,$191.90,$195.82,$199.73,$203.65,$207.57,$211.48,$205.61,$199.73,$193.86,$187.98,$182.11,$176.23,$170.36,$164.49,$158.61,$152.74,$146.86,$140.99,$137.07,$133.16,$129.24,$125.32,$121.41,$117.49,$113.57,$109.66,$105.74,$101.82,$97.91,$93.99,$95.95,$97.91,$99.87,$101.82,$103.78,$105.74,$107.70,$109.66,$111.62,$113.57,$115.53,$117.49,$121.41,$125.32,$129.24,$133.16,$137.07,$199.73,$205.61,$211.48,$217.36,$98.69,$159.79,$234.98,$343.07,$375.97,$340.72
Crucial CT4K8G4DFD824A 32 GB,DDR4-2400,4 x 8GB,14.167 ns,17,$6.56,Green / Black,0.0,0,$295.45,$297.20,$298.95,$300.70,$302.45,$304.20,$305.94,$307.69,$309.44,$311.19,$312.94,$314.69,$262.24,$251.75,$241.26,$230.77,$220.28,$209.79,$199.30,$188.81,$178.32,$167.83,$157.34,$146.85,$127.62,$129.37,$131.12,$132.87,$134.62,$136.36,$138.11,$139.86,$141.61,$143.36,$145.10,$146.85,$150.35,$153.85,$157.34,$160.84,$164.34,$167.83,$171.33,$174.82,$178.32,$181.82,$185.31,$188.81,$183.57,$178.32,$173.08,$167.83,$162.59,$157.34,$152.10,$146.85,$141.61,$136.36,$131.12,$125.87,$122.38,$118.88,$115.38,$111.89,$108.39,$104.89,$101.40,$97.90,$94.41,$90.91,$87.41,$83.92,$85.66,$87.41,$89.16,$90.91,$92.66,$94.41,$96.15,$97.90,$99.65,$101.40,$103.15,$104.89,$108.39,$111.89,$115.38,$118.88,$122.38,$178.32,$183.57,$188.81,$194.06,$88.11,$142.66,$209.79,$306.29,$335.66,$304.20
Kingston FURY Impact 16 GB,DDR5-6400,1 x 16GB,11.875 ns,38,$20.65,Black,0.0,0,,,,,,,,,,,,,,,,,,,,,,,,,,,,,,,,,,,,,,,,,,,,,,,$825.97,$825.97,$798.44,$770.91,$743.38,$715.84,$688.31,$660.78,$633.25,$605.72,$578.18,$550.65,$523.12,$495.58,$476.31,$457.04,$437.77,$418.49,$399.22,$379.95,$360.68,$341.40,$322.13,$302.86,$283.58,$264.31,$256.05,$247.79,$239.53,$231.27,$223.01,$214.75,$206.49,$198.23,$189.97,$181.71,$173.45,$165.19,$170.70,$176.21,$181.71,$187.22,$192.73,$280.83,$289.09,$297.35,$305.61,$138.76,$224.67,$330.39,$419.60,$393.16,$393.16
Corsair Vengeance 64 GB,DDR5-5200,2 x 32GB,15.385 ns,40,$11.86,Gray,0.0,0,,,,,,,,,,,,,,,,,,,,,,,,,,,,,,,,,,,,,,,,,,,,,,,"$1,897.47","$1,897.47","$1,834.23","$1,770.98","$1,707.73","$1,644.48","$1,581.23","$1,517.98","$1,454.73","$1,391.48","$1,328.23","$1,264.98","$1,201.73","$1,138.49","$1,094.21","$1,049.94","$1,005.66",$961.39,$917.11,$872.84,$828.56,$784.29,$740.02,$695.74,$651.47,$607.19,$588.22,$569.24,$550.27,$531.29,$512.32,$493.34,$474.37,$455.39,$436.42,$417.44,$398.47,$379.50,$392.14,$404.79,$417.44,$430.09,$442.74,$645.14,$664.12,$683.09,$702.07,$318.78,$516.11,$758.99,$963.92,$903.20,$903.20
Crucial CT2K8G4DFD824A 16 GB,DDR4-2400,2 x 8GB,14.167 ns,17,$6.86,Green,3.5,4,$154.62,$155.54,$156.45,$157.37,$158.28,$159.20,$160.11,$161.03,$161.94,$162.86,$163.77,$164.69,$137.24,$131.75,$126.26,$120.77,$115.28,$109.79,$104.30,$98.81,$93.32,$87.83,$82.34,$76.85,$66.79,$67.70,$68.62,$69.53,$70.45,$71.36,$72.28,$73.19,$74.11,$75.02,$75.94,$76.85,$78.68,$80.51,$82.34,$84.17,$86.00,$87.83,$89.66,$91.49,$93.32,$95.15,$96.98,$98.81,$96.07,$93.32,$90.58,$87.83,$85.09,$82.34,$79.60,$76.85,$74.11,$71.36,$68.62,$65.87,$64.04,$62.21,$60.38,$58.55,$56.72,$54.90,$53.07,$51.24,$49.41,$47.58,$45.75,$43.92,$44.83,$45.75,$46.66,$47.58,$48.49,$49.41,$50.32,$51.24,$52.15,$53.07,$53.98,$54.90,$56.72,$58.55,$60.38,$62.21,$64.04,$93.32,$96.07,$98.81,$101.56,$46.11,$74.66,$109.79,$160.29,$175.66,$159.20
Corsair Vengeance 32 GB,DDR5-6200,2 x 16GB,11.613 ns,36,$13.47,Black,0.0,0,,,,,,,,,,,,,,,,,,,,,,,,,,,,,,,,,,,,,,,,,,,,,,,"$1,077.47","$1,077.47","$1,041.56","$1,005.64",$969.73,$933.81,$897.90,$861.98,$826.06,$790.15,$754.23,$718.32,$682.40,$646.49,$621.34,$596.20,$571.06,$545.92,$520.78,$495.64,$470.50,$445.36,$420.22,$395.07,$369.93,$344.79,$334.02,$323.24,$312.47,$301.69,$290.92,$280.14,$269.37,$258.59,$247.82,$237.04,$226.27,$215.50,$222.68,$229.86,$237.04,$244.23,$251.41,$366.34,$377.12,$387.89,$398.67,$181.02,$293.07,$430.99,$547.36,$512.88,$512.88
Patriot Viper Venom 64 GB,DDR5-5600,2 x 32GB,12.857 ns,36,$11.16,Black / White,0.0,0,,,,,,,,,,,,,,,,,,,,,,,,,,,,,,,,,,,,,,,,,,,,,,,"$1,784.97","$1,784.97","$1,725.48","$1,665.98","$1,606.48","$1,546.98","$1,487.48","$1,427.98","$1,368.48","$1,308.98","$1,249.48","$1,189.98","$1,130.48","$1,070.99","$1,029.34",$987.69,$946.04,$904.39,$862.74,$821.09,$779.44,$737.79,$696.14,$654.49,$612.84,$571.19,$553.34,$535.49,$517.64,$499.79,$481.94,$464.09,$446.24,$428.39,$410.54,$392.69,$374.84,$357.00,$368.89,$380.79,$392.69,$404.59,$416.49,$606.89,$624.74,$642.59,$660.44,$299.88,$485.51,$713.99,$906.77,$849.65,$849.65
G.Skill Trident Z5 Royal 48 GB,DDR5-7600,2 x 24GB,10 ns,38,$11.88,Silver,0.0,0,,,,,,,,,,,,,,,,,,,,,,,,,,,,,,,,,,,,,,,,,,,,,,,"$1,424.97","$1,424.97","$1,377.48","$1,329.98","$1,282.48","$1,234.98","$1,187.48","$1,139.98","$1,092.48","$1,044.98",$997.48,$949.98,$902.48,$854.99,$821.74,$788.49,$755.24,$721.99,$688.74,$655.49,$622.24,$588.99,$555.74,$522.49,$489.24,$455.99,$441.74,$427.49,$413.24,$398.99,$384.74,$370.49,$356.24,$341.99,$327.74,$313.49,$299.24,$285.00,$294.49,$303.99,$313.49,$322.99,$332.49,$484.49,$498.74,$512.99,$527.24,$239.40,$387.59,$569.99,$723.89,$678.29,$678.29
Kingston ValueRAM 16 GB,DDR4-2133,1 x 16GB,14.065 ns,15,$5.16,Green,4.0,1,$116.17,$116.86,$117.55,$118.24,$118.92,$119.61,$120.30,$120.99,$121.67,$122.36,$123.05,$123.73,$103.11,$98.99,$94.86,$90.74,$86.61,$82.49,$78.37,$74.24,$70.12,$65.99,$61.87,$57.74,$50.18,$50.87,$51.56,$52.24,$52.93,$53.62,$54.31,$54.99,$55.68,$56.37,$57.06,$57.74,$59.12,$60.49,$61.87,$63.24,$64.62,$65.99,$67.37,$68.74,$70.12,$71.49,$72.87,$74.24,$72.18,$70.12,$68.05,$65.99,$63.93,$61.87,$59.81,$57.74,$55.68,$53.62,$51.56,$49.49,$48.12,$46.74,$45.37,$43.99,$42.62,$41.24,$39.87,$38.50,$37.12,$35.75,$34.37,$33.00,$33.68,$34.37,$35.06,$35.75,$36.43,$37.12,$37.81,$38.50,$39.18,$39.87,$40.56,$41.24,$42.62,$43.99,$45.37,$46.74,$48.12,$70.12,$72.18,$74.24,$76.30,$34.65,$56.09,$82.49,$120.44,$131.98,$119.61
Corsair WS 64 GB,DDR5-6400,4 x 16GB,10 ns,32,,Black,0.0,0,,,,,,,,,,,,,,,,,,,,,,,,,,,,,,,,,,,,,,,,,,,,,,,"$1,999.97","$1,999.97","$1,933.31","$1,866.64","$1,799.98","$1,733.31","$1,666.65","$1,599.98","$1,533.31","$1,466.65","$1,399.98","$1,333.32","$1,266.65","$1,199.99","$1,153.32","$1,106.65","$1,059.99","$1,013.32",$966.65,$919.99,$873.32,$826.66,$779.99,$733.32,$686.66,$639.99,$619.99,$599.99,$579.99,$559.99,$539.99,$519.99,$499.99,$479.99,$459.99,$439.99,$419.99,$400.00,$413.33,$426.66,$439.99,$453.33,$466.66,$679.99,$699.99,$719.99,$739.99,$336.00,$543.99,$799.99,"$1,015.99",$951.99,$951.99
Mushkin Essentials 4 GB,DDR4-2133,1 x 4GB,14.065 ns,15,$8.00,Black / Green,0.0,0,$45.05,$45.32,$45.59,$45.85,$46.12,$46.39,$46.65,$46.92,$47.19,$47.45,$47.72,$47.98,$39.99,$38.39,$36.79,$35.19,$33.59,$31.99,$30.39,$28.79,$27.19,$25.59,$23.99,$22.39,$19.46,$19.73,$19.99,$20.26,$20.53,$20.79,$21.06,$21.33,$21.59,$21.86,$22.13,$22.39,$22.93,$23.46,$23.99,$24.53,$25.06,$25.59,$26.13,$26.66,$27.19,$27.72,$28.26,$28.79,$27.99,$27.19,$26.39,$25.59,$24.79,$23.99,$23.19,$22.39,$21.59,$20.79,$19.99,$19.19,$18.66,$18.13,$17.59,$17.06,$16.53,$15.99,$15.46,$14.93,$14.40,$13.86,$13.33,$12.80,$13.06,$13.33,$13.60,$13.86,$14.13,$14.40,$14.66,$14.93,$15.20,$15.46,$15.73,$15.99,$16.53,$17.06,$17.59,$18.13,$18.66,$27.19,$27.99,$28.79,$29.59,$13.44,$21.75,$31.99,$46.71,$51.18,$46.39
Kingston KCP421NS8/4 4 GB,DDR4-2133,1 x 4GB,14.065 ns,15,$7.45,Black / Green,5.0,1,$41.95,$42.20,$42.45,$42.70,$42.95,$43.20,$43.44,$43.69,$43.94,$44.19,$44.44,$44.69,$37.24,$35.75,$34.26,$32.77,$31.28,$29.79,$28.30,$26.81,$25.32,$23.83,$22.34,$20.85,$18.12,$18.37,$18.62,$18.87,$19.12,$19.36,$19.61,$19.86,$20.11,$20.36,$20.60,$20.85,$21.35,$21.85,$22.34,$22.84,$23.34,$23.83,$24.33,$24.82,$25.32,$25.82,$26.31,$26.81,$26.07,$25.32,$24.58,$23.83,$23.09,$22.34,$21.60,$20.85,$20.11,$19.36,$18.62,$17.87,$17.38,$16.88,$16.38,$15.89,$15.39,$14.89,$14.40,$13.90,$13.41,$12.91,$12.41,$11.92,$12.16,$12.41,$12.66,$12.91,$13.16,$13.41,$13.65,$13.90,$14.15,$14.40,$14.65,$14.89,$15.39,$15.89,$16.38,$16.88,$17.38,$25.32,$26.07,$26.81,$27.56,$12.51,$20.26,$29.79,$43.49,$47.66,$43.20
Crucial CT32G4DFD8266 32 GB,DDR4-2666,1 x 32GB,14.254 ns,19,$7.18,Green / Black,0.0,0,$323.62,$325.54,$327.45,$329.37,$331.28,$333.20,$335.11,$337.03,$338.94,$340.86,$342.77,$344.69,$287.24,$275.75,$264.26,$252.77,$241.28,$229.79,$218.30,$206.81,$195.32,$183.83,$172.34,$160.85,$139.79,$141.70,$143.62,$145.53,$147.45,$149.36,$151.28,$153.19,$155.11,$157.02,$158.94,$160.85,$164.68,$168.51,$172.34,$176.17,$180.00,$183.83,$187.66,$191.49,$195.32,$199.15,$202.98,$206.81,$201.07,$195.32,$189.58,$183.83,$178.09,$172.34,$166.60,$160.85,$155.11,$149.36,$143.62,$137.87,$134.04,$130.21,$126.38,$122.55,$118.72,$114.89,$111.07,$107.24,$103.41,$99.58,$95.75,$91.92,$93.83,$95.75,$97.66,$99.58,$101.49,$103.41,$105.32,$107.24,$109.15,$111.07,$112.98,$114.89,$118.72,$122.55,$126.38,$130.21,$134.04,$195.32,$201.07,$206.81,$212.56,$96.51,$156.26,$229.79,$335.49,$367.66,$333.20
Corsair Vengeance LED 32 GB,DDR4-3333,2 x 16GB,9.601 ns,16,$10.89,Black,0.0,0,$490.59,$493.50,$496.40,$499.30,$502.20,$505.11,$508.01,$510.91,$513.82,$516.72,$519.62,$522.53,$435.44,$418.02,$400.60,$383.19,$365.77,$348.35,$330.93,$313.52,$296.10,$278.68,$261.26,$243.85,$211.91,$214.82,$217.72,$220.62,$223.52,$226.43,$229.33,$232.23,$235.14,$238.04,$240.94,$243.84,$249.65,$255.46,$261.26,$267.07,$272.87,$278.68,$284.49,$290.29,$296.10,$301.90,$307.71,$313.51,$304.81,$296.10,$287.39,$278.68,$269.97,$261.26,$252.55,$243.85,$235.14,$226.43,$217.72,$209.01,$203.20,$197.40,$191.59,$185.79,$179.98,$174.18,$168.37,$162.56,$156.76,$150.95,$145.15,$139.34,$142.24,$145.15,$148.05,$150.95,$153.85,$156.76,$159.66,$162.56,$165.47,$168.37,$171.27,$174.18,$179.98,$185.79,$191.59,$197.40,$203.20,$296.10,$304.81,$313.51,$322.22,$146.31,$236.88,$348.35,$508.59,$557.36,$505.11
TEAMGROUP T-Force Dark 16 GB,DDR4-2400,2 x 8GB,11.667 ns,14,$9.31,Red / Black,0.0,0,$209.84,$211.08,$212.32,$213.57,$214.81,$216.05,$217.29,$218.53,$219.77,$221.02,$222.26,$223.50,$186.25,$178.80,$171.35,$163.90,$156.45,$149.00,$141.55,$134.10,$126.65,$119.20,$111.75,$104.30,$90.64,$91.88,$93.12,$94.37,$95.61,$96.85,$98.09,$99.33,$100.58,$101.82,$103.06,$104.30,$106.78,$109.27,$111.75,$114.23,$116.72,$119.20,$121.68,$124.17,$126.65,$129.13,$131.62,$134.10,$130.38,$126.65,$122.93,$119.20,$115.48,$111.75,$108.02,$104.30,$100.58,$96.85,$93.12,$89.40,$86.92,$84.43,$81.95,$79.47,$76.98,$74.50,$72.02,$69.53,$67.05,$64.57,$62.08,$59.60,$60.84,$62.08,$63.33,$64.57,$65.81,$67.05,$68.29,$69.53,$70.78,$72.02,$73.26,$74.50,$76.98,$79.47,$81.95,$84.43,$86.92,$126.65,$130.38,$134.10,$137.82,$62.58,$101.32,$149.00,$217.54,$238.40,$216.05
Patriot Viper Elite II 32 GB,DDR4-3200,1 x 32GB,11.25 ns,18,,Red / Black,0.0,0,$339.39,$341.40,$343.41,$345.42,$347.43,$349.44,$351.44,$353.45,$355.46,$357.47,$359.48,$361.49,$301.24,$289.19,$277.14,$265.09,$253.04,$240.99,$228.94,$216.89,$204.84,$192.79,$180.74,$168.69,$146.60,$148.61,$150.62,$152.63,$154.64,$156.64,$158.65,$160.66,$162.67,$164.68,$166.68,$168.69,$172.71,$176.73,$180.74,$184.76,$188.78,$192.79,$196.81,$200.82,$204.84,$208.86,$212.87,$216.89,$210.87,$204.84,$198.82,$192.79,$186.77,$180.74,$174.72,$168.69,$162.67,$156.64,$150.62,$144.59,$140.58,$136.56,$132.54,$128.53,$124.51,$120.50,$116.48,$112.46,$108.45,$104.43,$100.41,$96.40,$98.40,$100.41,$102.42,$104.43,$106.44,$108.45,$110.45,$112.46,$114.47,$116.48,$118.49,$120.50,$124.51,$128.53,$132.54,$136.56,$140.58,$204.84,$210.87,$216.89,$222.92,$101.22,$163.87,$240.99,$351.85,$385.58,$349.44
Thermaltake TOUGHRAM XG RGB 16 GB,DDR4-4600,2 x 8GB,8.261 ns,19,$14.06,Black / Silver,0.0,0,$316.85,$318.72,$320.60,$322.47,$324.35,$326.22,$328.10,$329.97,$331.85,$333.72,$335.60,$337.47,$281.22,$269.98,$258.73,$247.48,$236.23,$224.98,$213.73,$202.48,$191.23,$179.98,$168.74,$157.49,$136.86,$138.74,$140.61,$142.49,$144.36,$146.24,$148.11,$149.99,$151.86,$153.74,$155.61,$157.49,$161.24,$164.99,$168.73,$172.48,$176.23,$179.98,$183.73,$187.48,$191.23,$194.98,$198.73,$202.48,$196.86,$191.23,$185.61,$179.98,$174.36,$168.73,$163.11,$157.49,$151.86,$146.24,$140.61,$134.99,$131.24,$127.49,$123.74,$119.99,$116.24,$112.49,$108.74,$104.99,$101.24,$97.49,$93.74,$89.99,$91.87,$93.74,$95.62,$97.49,$99.37,$101.24,$103.12,$104.99,$106.87,$108.74,$110.62,$112.49,$116.24,$119.99,$123.74,$127.49,$131.24,$191.23,$196.86,$202.48,$208.11,$94.49,$152.99,$224.98,$328.47,$359.97,$326.22
Samsung M471A1K43BB1-CRC 8 GB,DDR4-2400,1 x 8GB,14.167 ns,17,$5.61,Green,0.0,0,$63.23,$63.61,$63.98,$64.36,$64.73,$65.10,$65.48,$65.85,$66.23,$66.60,$66.98,$67.35,$56.12,$53.88,$51.64,$49.39,$47.15,$44.90,$42.65,$40.41,$38.17,$35.92,$33.68,$31.43,$27.31,$27.69,$28.06,$28.44,$28.81,$29.18,$29.56,$29.93,$30.31,$30.68,$31.06,$31.43,$32.18,$32.93,$33.67,$34.42,$35.17,$35.92,$36.67,$37.42,$38.16,$38.91,$39.66,$40.41,$39.29,$38.16,$37.04,$35.92,$34.80,$33.67,$32.55,$31.43,$30.31,$29.18,$28.06,$26.94,$26.19,$25.44,$24.69,$23.95,$23.20,$22.45,$21.70,$20.95,$20.20,$19.46,$18.71,$17.96,$18.33,$18.71,$19.08,$19.46,$19.83,$20.20,$20.58,$20.95,$21.33,$21.70,$22.08,$22.45,$23.20,$23.95,$24.70,$25.44,$26.19,$38.16,$39.29,$40.41,$41.53,$18.86,$30.53,$44.90,$65.55,$71.84,$65.10
Kingston FURY Renegade Pro 64 GB,DDR5-5600,4 x 16GB,10 ns,28,,Black,0.0,0,,,,,,,,,,,,,,,,,,,,,,,,,,,,,,,,,,,,,,,,,,,,,,,"$2,999.97","$2,999.97","$2,899.98","$2,799.98","$2,699.98","$2,599.98","$2,499.98","$2,399.98","$2,299.98","$2,199.98","$2,099.98","$1,999.98","$1,899.98","$1,799.99","$1,729.99","$1,659.99","$1,589.99","$1,519.99","$1,449.99","$1,379.99","$1,309.99","$1,239.99","$1,169.99","$1,099.99","$1,029.99",$959.99,$929.99,$899.99,$869.99,$839.99,$809.99,$779.99,$749.99,$719.99,$689.99,$659.99,$629.99,$600.00,$619.99,$639.99,$659.99,$679.99,$699.99,"$1,019.99","$1,049.99","$1,079.99","$1,109.99",$504.00,$815.99,"$1,199.99","$1,523.99","$1,427.99","$1,427.99"
Thermaltake TOUGHRAM XG RGB 64 GB,DDR4-3600,2 x 32GB,10 ns,18,$8.52,White / Silver,0.0,0,$767.51,$772.05,$776.60,$781.14,$785.68,$790.22,$794.76,$799.30,$803.85,$808.39,$812.93,$817.47,$681.23,$653.98,$626.73,$599.48,$572.23,$544.98,$517.73,$490.48,$463.23,$435.98,$408.74,$381.49,$331.53,$336.07,$340.61,$345.15,$349.70,$354.24,$358.78,$363.32,$367.86,$372.40,$376.94,$381.49,$390.57,$399.65,$408.74,$417.82,$426.90,$435.98,$445.07,$454.15,$463.23,$472.32,$481.40,$490.48,$476.86,$463.23,$449.61,$435.98,$422.36,$408.74,$395.11,$381.49,$367.86,$354.24,$340.61,$326.99,$317.90,$308.82,$299.74,$290.66,$281.57,$272.49,$263.41,$254.32,$245.24,$236.16,$227.07,$217.99,$222.53,$227.08,$231.62,$236.16,$240.70,$245.24,$249.78,$254.32,$258.87,$263.41,$267.95,$272.49,$281.57,$290.66,$299.74,$308.82,$317.91,$463.23,$476.86,$490.48,$504.11,$228.89,$370.59,$544.98,$795.67,$871.97,$790.22
Corsair Vengeance 64 GB,DDR5-4800,2 x 32GB,16.667 ns,40,$11.50,Black / White,0.0,0,,,,,,,,,,,,,,,,,,,,,,,,,,,,,,,,,,,,,,,,,,,,,,,"$1,839.97","$1,839.97","$1,778.64","$1,717.31","$1,655.98","$1,594.64","$1,533.31","$1,471.98","$1,410.65","$1,349.32","$1,287.98","$1,226.65","$1,165.32","$1,103.99","$1,061.05","$1,018.12",$975.19,$932.25,$889.32,$846.39,$803.46,$760.52,$717.59,$674.66,$631.72,$588.79,$570.39,$551.99,$533.59,$515.19,$496.79,$478.39,$459.99,$441.59,$423.19,$404.79,$386.39,$368.00,$380.26,$392.53,$404.79,$417.06,$429.33,$625.59,$643.99,$662.39,$680.79,$309.12,$500.47,$735.99,$934.71,$875.83,$875.83
Kingston FURY Impact 64 GB,DDR4-3200,2 x 32GB,12.5 ns,20,$5.94,Black,0.0,0,$535.15,$538.32,$541.49,$544.65,$547.82,$550.99,$554.15,$557.32,$560.49,$563.65,$566.82,$569.99,$474.99,$455.99,$436.99,$417.99,$398.99,$379.99,$360.99,$341.99,$322.99,$303.99,$284.99,$265.99,$231.16,$234.33,$237.49,$240.66,$243.83,$246.99,$250.16,$253.33,$256.49,$259.66,$262.83,$265.99,$272.33,$278.66,$284.99,$291.33,$297.66,$303.99,$310.33,$316.66,$322.99,$329.32,$335.66,$341.99,$332.49,$322.99,$313.49,$303.99,$294.49,$284.99,$275.49,$265.99,$256.49,$246.99,$237.49,$227.99,$221.66,$215.33,$208.99,$202.66,$196.33,$190.00,$183.66,$177.33,$171.00,$164.66,$158.33,$152.00,$155.16,$158.33,$161.50,$164.66,$167.83,$171.00,$174.16,$177.33,$180.50,$183.66,$186.83,$190.00,$196.33,$202.66,$208.99,$215.33,$221.66,$322.99,$332.49,$341.99,$351.49,$159.60,$258.39,$379.99,$554.79,$607.98,$550.99
Mushkin Silverline 32 GB,DDR4-3200,1 x 32GB,13.75 ns,22,$6.16,Silver,0.0,0,$277.43,$279.07,$280.71,$282.35,$283.99,$285.64,$287.28,$288.92,$290.56,$292.20,$293.84,$295.49,$246.24,$236.39,$226.54,$216.69,$206.84,$196.99,$187.14,$177.29,$167.44,$157.59,$147.74,$137.89,$119.84,$121.48,$123.12,$124.76,$126.40,$128.04,$129.69,$131.33,$132.97,$134.61,$136.25,$137.89,$141.18,$144.46,$147.74,$151.03,$154.31,$157.59,$160.88,$164.16,$167.44,$170.72,$174.01,$177.29,$172.37,$167.44,$162.52,$157.59,$152.67,$147.74,$142.82,$137.89,$132.97,$128.04,$123.12,$118.19,$114.91,$111.63,$108.34,$105.06,$101.78,$98.50,$95.21,$91.93,$88.65,$85.36,$82.08,$78.80,$80.44,$82.08,$83.72,$85.36,$87.00,$88.65,$90.29,$91.93,$93.57,$95.21,$96.85,$98.50,$101.78,$105.06,$108.34,$111.63,$114.91,$167.44,$172.37,$177.29,$182.22,$82.74,$133.95,$196.99,$287.61,$315.18,$285.64
TEAMGROUP Elite 32 GB,DDR5-4800,1 x 32GB,16.667 ns,40,$12.34,Black,0.0,0,,,,,,,,,,,,,,,,,,,,,,,,,,,,,,,,,,,,,,,,,,,,,,,$987.48,$987.48,$954.56,$921.64,$888.73,$855.81,$822.90,$789.98,$757.06,$724.15,$691.23,$658.32,$625.40,$592.49,$569.44,$546.40,$523.36,$500.32,$477.28,$454.24,$431.20,$408.16,$385.12,$362.07,$339.03,$315.99,$306.12,$296.24,$286.37,$276.49,$266.62,$256.74,$246.87,$236.99,$227.12,$217.24,$207.37,$197.50,$204.08,$210.66,$217.24,$223.83,$230.41,$335.74,$345.62,$355.49,$365.37,$165.90,$268.59,$394.99,$501.64,$470.04,$470.04
G.Skill Trident Z Royal 32 GB,DDR4-3200,2 x 16GB,10 ns,16,$9.34,Gold,4.0,4,$421.09,$423.58,$426.07,$428.57,$431.06,$433.55,$436.04,$438.53,$441.02,$443.52,$446.01,$448.50,$373.75,$358.80,$343.85,$328.90,$313.95,$299.00,$284.05,$269.10,$254.15,$239.20,$224.25,$209.30,$181.89,$184.38,$186.88,$189.37,$191.86,$194.35,$196.84,$199.33,$201.83,$204.32,$206.81,$209.30,$214.28,$219.27,$224.25,$229.23,$234.22,$239.20,$244.18,$249.17,$254.15,$259.13,$264.12,$269.10,$261.62,$254.15,$246.68,$239.20,$231.72,$224.25,$216.78,$209.30,$201.83,$194.35,$186.88,$179.40,$174.42,$169.43,$164.45,$159.47,$154.48,$149.50,$144.52,$139.53,$134.55,$129.57,$124.58,$119.60,$122.09,$124.58,$127.08,$129.57,$132.06,$134.55,$137.04,$139.53,$142.03,$144.52,$147.01,$149.50,$154.48,$159.47,$164.45,$169.43,$174.42,$254.15,$261.62,$269.10,$276.57,$125.58,$203.32,$299.00,$436.54,$478.40,$433.55
G.Skill Trident Z5 Royal 32 GB,DDR5-8000,2 x 16GB,9.5 ns,38,$17.81,Silver,0.0,0,,,,,,,,,,,,,,,,,,,,,,,,,,,,,,,,,,,,,,,,,,,,,,,"$1,424.97","$1,424.97","$1,377.48","$1,329.98","$1,282.48","$1,234.98","$1,187.48","$1,139.98","$1,092.48","$1,044.98",$997.48,$949.98,$902.48,$854.99,$821.74,$788.49,$755.24,$721.99,$688.74,$655.49,$622.24,$588.99,$555.74,$522.49,$489.24,$455.99,$441.74,$427.49,$413.24,$398.99,$384.74,$370.49,$356.24,$341.99,$327.74,$313.49,$299.24,$285.00,$294.49,$303.99,$313.49,$322.99,$332.49,$484.49,$498.74,$512.99,$527.24,$239.40,$387.59,$569.99,$723.89,$678.29,$678.29
G.Skill NT 8 GB,DDR4-2400,1 x 8GB,12.5 ns,15,$7.38,Black,4.5,10,$83.09,$83.58,$84.07,$84.57,$85.06,$85.55,$86.04,$86.53,$87.02,$87.52,$88.01,$88.50,$73.75,$70.80,$67.85,$64.90,$61.95,$59.00,$56.05,$53.10,$50.15,$47.20,$44.25,$41.30,$35.89,$36.38,$36.88,$37.37,$37.86,$38.35,$38.84,$39.33,$39.83,$40.32,$40.81,$41.30,$42.28,$43.27,$44.25,$45.23,$46.22,$47.20,$48.18,$49.17,$50.15,$51.13,$52.12,$53.10,$51.62,$50.15,$48.68,$47.20,$45.73,$44.25,$42.77,$41.30,$39.83,$38.35,$36.88,$35.40,$34.42,$33.43,$32.45,$31.47,$30.48,$29.50,$28.52,$27.53,$26.55,$25.57,$24.58,$23.60,$24.09,$24.58,$25.08,$25.57,$26.06,$26.55,$27.04,$27.53,$28.03,$28.52,$29.01,$29.50,$30.48,$31.47,$32.45,$33.43,$34.42,$50.15,$51.62,$53.10,$54.57,$24.78,$40.12,$59.00,$86.14,$94.40,$85.55
Kingston FURY Renegade Pro 128 GB,DDR5-6000,4 x 32GB,10.667 ns,32,,Black,0.0,0,,,,,,,,,,,,,,,,,,,,,,,,,,,,,,,,,,,,,,,,,,,,,,,"$5,749.97","$5,749.97","$5,558.31","$5,366.64","$5,174.98","$4,983.31","$4,791.65","$4,599.98","$4,408.31","$4,216.65","$4,024.98","$3,833.32","$3,641.65","$3,449.98","$3,315.82","$3,181.65","$3,047.49","$2,913.32","$2,779.15","$2,644.99","$2,510.82","$2,376.66","$2,242.49","$2,108.32","$1,974.16","$1,839.99","$1,782.49","$1,724.99","$1,667.49","$1,609.99","$1,552.49","$1,494.99","$1,437.49","$1,379.99","$1,322.49","$1,264.99","$1,207.49","$1,149.99","$1,188.33","$1,226.66","$1,264.99","$1,303.33","$1,341.66","$1,954.99","$2,012.49","$2,069.99","$2,127.49",$966.00,"$1,563.99","$2,299.99","$2,920.99","$2,736.99","$2,736.99"
G.Skill Ripjaws S5 48 GB,DDR5-5200,2 x 24GB,15.385 ns,40,$10.63,Black,0.0,0,,,,,,,,,,,,,,,,,,,,,,,,,,,,,,,,,,,,,,,,,,,,,,,"$1,274.97","$1,274.97","$1,232.48","$1,189.98","$1,147.48","$1,104.98","$1,062.48","$1,019.98",$977.48,$934.98,$892.48,$849.98,$807.48,$764.99,$735.24,$705.49,$675.74,$645.99,$616.24,$586.49,$556.74,$526.99,$497.24,$467.49,$437.74,$407.99,$395.24,$382.49,$369.74,$356.99,$344.24,$331.49,$318.74,$305.99,$293.24,$280.49,$267.74,$255.00,$263.49,$271.99,$280.49,$288.99,$297.49,$433.49,$446.24,$458.99,$471.74,$214.20,$346.79,$509.99,$647.69,$606.89,$606.89
TEAMGROUP T-Create Classic 64 GB,DDR5-5600,2 x 32GB,16.429 ns,46,$10.94,Black,0.0,0,,,,,,,,,,,,,,,,,,,,,,,,,,,,,,,,,,,,,,,,,,,,,,,"$1,749.97","$1,749.97","$1,691.64","$1,633.31","$1,574.98","$1,516.64","$1,458.31","$1,399.98","$1,341.65","$1,283.32","$1,224.98","$1,166.65","$1,108.32","$1,049.99","$1,009.15",$968.32,$927.49,$886.65,$845.82,$804.99,$764.16,$723.32,$682.49,$641.66,$600.82,$559.99,$542.49,$524.99,$507.49,$489.99,$472.49,$454.99,$437.49,$419.99,$402.49,$384.99,$367.49,$350.00,$361.66,$373.33,$384.99,$396.66,$408.33,$594.99,$612.49,$629.99,$647.49,$294.00,$475.99,$699.99,$888.99,$832.99,$832.99
Patriot Viper Elite 5 RGB 64 GB,DDR5-6200,2 x 32GB,13.548 ns,42,$11.22,White,0.0,0,,,,,,,,,,,,,,,,,,,,,,,,,,,,,,,,,,,,,,,,,,,,,,,"$1,794.97","$1,794.97","$1,735.14","$1,675.31","$1,615.48","$1,555.64","$1,495.81","$1,435.98","$1,376.15","$1,316.32","$1,256.48","$1,196.65","$1,136.82","$1,076.99","$1,035.10",$993.22,$951.34,$909.45,$867.57,$825.69,$783.81,$741.92,$700.04,$658.16,$616.27,$574.39,$556.44,$538.49,$520.54,$502.59,$484.64,$466.69,$448.74,$430.79,$412.84,$394.89,$376.94,$359.00,$370.96,$382.93,$394.89,$406.86,$418.83,$610.29,$628.24,$646.19,$664.14,$301.56,$488.23,$717.99,$911.85,$854.41,$854.41
TEAMGROUP Elite 8 GB,DDR4-2666,1 x 8GB,14.254 ns,19,$9.01,Black,5.0,1,$101.51,$102.11,$102.71,$103.31,$103.92,$104.52,$105.12,$105.72,$106.32,$106.92,$107.52,$108.12,$90.10,$86.50,$82.89,$79.29,$75.68,$72.08,$68.48,$64.87,$61.27,$57.66,$54.06,$50.46,$43.85,$44.45,$45.05,$45.65,$46.25,$46.85,$47.45,$48.05,$48.65,$49.25,$49.86,$50.46,$51.66,$52.86,$54.06,$55.26,$56.46,$57.66,$58.87,$60.07,$61.27,$62.47,$63.67,$64.87,$63.07,$61.27,$59.47,$57.66,$55.86,$54.06,$52.26,$50.46,$48.65,$46.85,$45.05,$43.25,$42.05,$40.85,$39.64,$38.44,$37.24,$36.04,$34.84,$33.64,$32.44,$31.23,$30.03,$28.83,$29.43,$30.03,$30.63,$31.23,$31.84,$32.44,$33.04,$33.64,$34.24,$34.84,$35.44,$36.04,$37.24,$38.44,$39.64,$40.85,$42.05,$61.27,$63.07,$64.87,$66.67,$30.27,$49.01,$72.08,$105.24,$115.33,$104.52
PNY MN16GSD43200-TB 16 GB,DDR4-3200,1 x 16GB,13.75 ns,22,$10.24,Black,0.0,0,$230.84,$232.21,$233.57,$234.94,$236.30,$237.67,$239.04,$240.40,$241.77,$243.13,$244.50,$245.87,$204.89,$196.69,$188.50,$180.30,$172.11,$163.91,$155.71,$147.52,$139.32,$131.13,$122.93,$114.74,$99.71,$101.08,$102.44,$103.81,$105.18,$106.54,$107.91,$109.27,$110.64,$112.01,$113.37,$114.74,$117.47,$120.20,$122.93,$125.66,$128.40,$131.13,$133.86,$136.59,$139.32,$142.06,$144.79,$147.52,$143.42,$139.32,$135.23,$131.13,$127.03,$122.93,$118.83,$114.74,$110.64,$106.54,$102.44,$98.35,$95.61,$92.88,$90.15,$87.42,$84.69,$81.95,$79.22,$76.49,$73.76,$71.03,$68.30,$65.56,$66.93,$68.30,$69.66,$71.03,$72.39,$73.76,$75.13,$76.49,$77.86,$79.22,$80.59,$81.95,$84.69,$87.42,$90.15,$92.88,$95.61,$139.32,$143.42,$147.52,$151.62,$68.84,$111.46,$163.91,$239.31,$262.26,$237.67
Kingston FURY Renegade Pro 16 GB,DDR5-4800,1 x 16GB,15 ns,36,,Black,0.0,0,,,,,,,,,,,,,,,,,,,,,,,,,,,,,,,,,,,,,,,,,,,,,,,$999.98,$999.98,$966.64,$933.31,$899.98,$866.64,$833.31,$799.98,$766.65,$733.32,$699.98,$666.65,$633.32,$599.99,$576.65,$553.32,$529.99,$506.65,$483.32,$459.99,$436.66,$413.32,$389.99,$366.66,$343.32,$319.99,$309.99,$299.99,$289.99,$279.99,$269.99,$259.99,$249.99,$239.99,$229.99,$219.99,$209.99,$200.00,$206.66,$213.33,$219.99,$226.66,$233.33,$339.99,$349.99,$359.99,$369.99,$168.00,$271.99,$399.99,$507.99,$475.99,$475.99
G.Skill Ripjaws M5 RGB 64 GB,DDR5-5200,2 x 32GB,15.385 ns,40,$11.41,Black,0.0,0,,,,,,,,,,,,,,,,,,,,,,,,,,,,,,,,,,,,,,,,,,,,,,,"$1,824.97","$1,824.97","$1,764.14","$1,703.31","$1,642.48","$1,581.64","$1,520.81","$1,459.98","$1,399.15","$1,338.32","$1,277.48","$1,216.65","$1,155.82","$1,094.99","$1,052.40","$1,009.82",$967.24,$924.65,$882.07,$839.49,$796.91,$754.32,$711.74,$669.16,$626.57,$583.99,$565.74,$547.49,$529.24,$510.99,$492.74,$474.49,$456.24,$437.99,$419.74,$401.49,$383.24,$365.00,$377.16,$389.33,$401.49,$413.66,$425.83,$620.49,$638.74,$656.99,$675.24,$306.60,$496.39,$729.99,$927.09,$868.69,$868.69
Patriot Viper Venom RGB 32 GB,DDR5-5200,1 x 32GB,13.846 ns,36,$10.31,Black / White,0.0,0,,,,,,,,,,,,,,,,,,,,,,,,,,,,,,,,,,,,,,,,,,,,,,,$824.98,$824.98,$797.48,$769.98,$742.48,$714.98,$687.48,$659.98,$632.48,$604.98,$577.48,$549.98,$522.48,$494.99,$475.74,$456.49,$437.24,$417.99,$398.74,$379.49,$360.24,$340.99,$321.74,$302.49,$283.24,$263.99,$255.74,$247.49,$239.24,$230.99,$222.74,$214.49,$206.24,$197.99,$189.74,$181.49,$173.24,$165.00,$170.49,$175.99,$181.49,$186.99,$192.49,$280.49,$288.74,$296.99,$305.24,$138.60,$224.39,$329.99,$419.09,$392.69,$392.69
Kingston FURY Renegade Pro 128 GB,DDR5-6800,4 x 32GB,10 ns,34,,Black,0.0,0,,,,,,,,,,,,,,,,,,,,,,,,,,,,,,,,,,,,,,,,,,,,,,,"$3,997.50","$3,997.50","$3,864.25","$3,731.00","$3,597.75","$3,464.50","$3,331.25","$3,198.00","$3,064.75","$2,931.50","$2,798.25","$2,665.00","$2,531.75","$2,398.50","$2,305.22","$2,211.95","$2,118.67","$2,025.40","$1,932.12","$1,838.85","$1,745.58","$1,652.30","$1,559.03","$1,465.75","$1,372.48","$1,279.20","$1,239.23","$1,199.25","$1,159.28","$1,119.30","$1,079.33","$1,039.35",$999.38,$959.40,$919.43,$879.45,$839.48,$799.50,$826.15,$852.80,$879.45,$906.10,$932.75,"$1,359.15","$1,399.12","$1,439.10","$1,479.07",$671.58,"$1,087.32","$1,599.00","$2,030.73","$1,902.81","$1,902.81"
G.Skill Zeta R5 Neo 128 GB,DDR5-6400,4 x 32GB,10 ns,32,,Black,0.0,0,,,,,,,,,,,,,,,,,,,,,,,,,,,,,,,,,,,,,,,,,,,,,,,"$2,374.97","$2,374.97","$2,295.81","$2,216.64","$2,137.48","$2,058.31","$1,979.15","$1,899.98","$1,820.81","$1,741.65","$1,662.48","$1,583.32","$1,504.15","$1,424.99","$1,369.57","$1,314.15","$1,258.74","$1,203.32","$1,147.90","$1,092.49","$1,037.07",$981.66,$926.24,$870.82,$815.41,$759.99,$736.24,$712.49,$688.74,$664.99,$641.24,$617.49,$593.74,$569.99,$546.24,$522.49,$498.74,$475.00,$490.83,$506.66,$522.49,$538.33,$554.16,$807.49,$831.24,$854.99,$878.74,$399.00,$645.99,$949.99,"$1,206.49","$1,130.49","$1,130.49"
G.Skill Trident Z 64 GB,DDR4-3200,8 x 8GB,8.75 ns,14,$7.47,Silver / White,0.0,0,$673.18,$677.17,$681.15,$685.13,$689.12,$693.10,$697.08,$701.07,$705.05,$709.03,$713.02,$717.00,$597.50,$573.60,$549.70,$525.80,$501.90,$478.00,$454.10,$430.20,$406.30,$382.40,$358.50,$334.60,$290.78,$294.77,$298.75,$302.73,$306.72,$310.70,$314.68,$318.67,$322.65,$326.63,$330.62,$334.60,$342.57,$350.53,$358.50,$366.47,$374.43,$382.40,$390.37,$398.33,$406.30,$414.27,$422.23,$430.20,$418.25,$406.30,$394.35,$382.40,$370.45,$358.50,$346.55,$334.60,$322.65,$310.70,$298.75,$286.80,$278.83,$270.87,$262.90,$254.93,$246.97,$239.00,$231.03,$223.07,$215.10,$207.13,$199.17,$191.20,$195.18,$199.17,$203.15,$207.13,$211.12,$215.10,$219.08,$223.07,$227.05,$231.03,$235.02,$239.00,$246.97,$254.93,$262.90,$270.87,$278.83,$406.30,$418.25,$430.20,$442.15,$200.76,$325.04,$478.00,$697.88,$764.80,$693.10
TEAMGROUP T-Create Master 128 GB,DDR5-6400,8 x 16GB,10 ns,32,$15.03,Black,0.0,0,,,,,,,,,,,,,,,,,,,,,,,,,,,,,,,,,,,,,,,,,,,,,,,"$4,809.98","$4,809.98","$4,649.64","$4,489.31","$4,328.98","$4,168.64","$4,008.31","$3,847.98","$3,687.65","$3,527.32","$3,366.98","$3,206.65","$3,046.32","$2,885.99","$2,773.75","$2,661.52","$2,549.29","$2,437.05","$2,324.82","$2,212.59","$2,100.36","$1,988.12","$1,875.89","$1,763.66","$1,651.42","$1,539.19","$1,491.09","$1,442.99","$1,394.89","$1,346.79","$1,298.69","$1,250.59","$1,202.49","$1,154.39","$1,106.29","$1,058.19","$1,010.09",$962.00,$994.06,"$1,026.13","$1,058.19","$1,090.26","$1,122.33","$1,635.39","$1,683.49","$1,731.59","$1,779.69",$808.08,"$1,308.31","$1,923.99","$2,443.47","$2,289.55","$2,289.55"
G.Skill Ripjaws 32 GB,DDR5-5600,2 x 16GB,14.286 ns,40,$11.25,Black / White,0.0,0,,,,,,,,,,,,,,,,,,,,,,,,,,,,,,,,,,,,,,,,,,,,,,,$899.98,$899.98,$869.98,$839.98,$809.98,$779.98,$749.98,$719.98,$689.98,$659.98,$629.98,$599.98,$569.98,$539.99,$518.99,$497.99,$476.99,$455.99,$434.99,$413.99,$392.99,$371.99,$350.99,$329.99,$308.99,$287.99,$278.99,$269.99,$260.99,$251.99,$242.99,$233.99,$224.99,$215.99,$206.99,$197.99,$188.99,$180.00,$185.99,$191.99,$197.99,$203.99,$209.99,$305.99,$314.99,$323.99,$332.99,$151.20,$244.79,$359.99,$457.19,$428.39,$428.39
Corsair Dominator Platinum RGB 32 GB,DDR5-5200,2 x 16GB,15.385 ns,40,$13.31,Gray / Black,0.0,0,,,,,,,,,,,,,,,,,,,,,,,,,,,,,,,,,,,,,,,,,,,,,,,"$1,064.97","$1,064.97","$1,029.48",$993.98,$958.48,$922.98,$887.48,$851.98,$816.48,$780.98,$745.48,$709.98,$674.48,$638.99,$614.14,$589.29,$564.44,$539.59,$514.74,$489.89,$465.04,$440.19,$415.34,$390.49,$365.64,$340.79,$330.14,$319.49,$308.84,$298.19,$287.54,$276.89,$266.24,$255.59,$244.94,$234.29,$223.64,$213.00,$220.09,$227.19,$234.29,$241.39,$248.49,$362.09,$372.74,$383.39,$394.04,$178.92,$289.67,$425.99,$541.01,$506.93,$506.93
Timetec PINNACLE Konduit 16 GB,DDR4-3200,1 x 16GB,10 ns,16,$6.62,Black,0.0,0,$149.27,$150.15,$151.04,$151.92,$152.80,$153.69,$154.57,$155.45,$156.34,$157.22,$158.10,$158.98,$132.49,$127.19,$121.89,$116.59,$111.29,$105.99,$100.69,$95.39,$90.09,$84.79,$79.49,$74.19,$64.48,$65.36,$66.24,$67.13,$68.01,$68.89,$69.78,$70.66,$71.54,$72.43,$73.31,$74.19,$75.96,$77.73,$79.49,$81.26,$83.03,$84.79,$86.56,$88.32,$90.09,$91.86,$93.62,$95.39,$92.74,$90.09,$87.44,$84.79,$82.14,$79.49,$76.84,$74.19,$71.54,$68.89,$66.24,$63.59,$61.83,$60.06,$58.29,$56.53,$54.76,$52.99,$51.23,$49.46,$47.70,$45.93,$44.16,$42.40,$43.28,$44.16,$45.05,$45.93,$46.81,$47.70,$48.58,$49.46,$50.35,$51.23,$52.11,$52.99,$54.76,$56.53,$58.29,$60.06,$61.83,$90.09,$92.74,$95.39,$98.04,$44.52,$72.07,$105.99,$154.75,$169.58,$153.69
Crucial CT2K8G4DFS832A 16 GB,DDR4-3200,2 x 8GB,13.75 ns,22,$7.13,Green / Black,5.0,2,$160.55,$161.50,$162.45,$163.40,$164.35,$165.30,$166.25,$167.20,$168.15,$169.10,$170.05,$171.00,$142.50,$136.80,$131.10,$125.40,$119.70,$114.00,$108.30,$102.60,$96.90,$91.20,$85.50,$79.80,$69.35,$70.30,$71.25,$72.20,$73.15,$74.10,$75.05,$76.00,$76.95,$77.90,$78.85,$79.80,$81.70,$83.60,$85.50,$87.40,$89.30,$91.20,$93.10,$95.00,$96.90,$98.80,$100.70,$102.60,$99.75,$96.90,$94.05,$91.20,$88.35,$85.50,$82.65,$79.80,$76.95,$74.10,$71.25,$68.40,$66.50,$64.60,$62.70,$60.80,$58.90,$57.00,$55.10,$53.20,$51.30,$49.40,$47.50,$45.60,$46.55,$47.50,$48.45,$49.40,$50.35,$51.30,$52.25,$53.20,$54.15,$55.10,$56.05,$57.00,$58.90,$60.80,$62.70,$64.60,$66.50,$96.90,$99.75,$102.60,$105.45,$47.88,$77.52,$114.00,$166.44,$182.40,$165.30
Corsair Dominator Platinum RGB 64 GB,DDR5-6200,4 x 16GB,10.323 ns,32,$14.84,Black,0.0,0,,,,,,,,,,,,,,,,,,,,,,,,,,,,,,,,,,,,,,,,,,,,,,,"$2,374.97","$2,374.97","$2,295.81","$2,216.64","$2,137.48","$2,058.31","$1,979.15","$1,899.98","$1,820.81","$1,741.65","$1,662.48","$1,583.32","$1,504.15","$1,424.99","$1,369.57","$1,314.15","$1,258.74","$1,203.32","$1,147.90","$1,092.49","$1,037.07",$981.66,$926.24,$870.82,$815.41,$759.99,$736.24,$712.49,$688.74,$664.99,$641.24,$617.49,$593.74,$569.99,$546.24,$522.49,$498.74,$475.00,$490.83,$506.66,$522.49,$538.33,$554.16,$807.49,$831.24,$854.99,$878.74,$399.00,$645.99,$949.99,"$1,206.49","$1,130.49","$1,130.49"
Patriot Viper Venom 64 GB,DDR5-5200,2 x 32GB,15.385 ns,40,$9.92,Black / White,0.0,0,,,,,,,,,,,,,,,,,,,,,,,,,,,,,,,,,,,,,,,,,,,,,,,"$1,587.47","$1,587.47","$1,534.56","$1,481.64","$1,428.73","$1,375.81","$1,322.90","$1,269.98","$1,217.06","$1,164.15","$1,111.23","$1,058.32","$1,005.40",$952.49,$915.44,$878.40,$841.36,$804.32,$767.28,$730.24,$693.20,$656.16,$619.12,$582.07,$545.03,$507.99,$492.12,$476.24,$460.37,$444.49,$428.62,$412.74,$396.87,$380.99,$365.12,$349.24,$333.37,$317.50,$328.08,$338.66,$349.24,$359.83,$370.41,$539.74,$555.62,$571.49,$587.37,$266.70,$431.79,$634.99,$806.44,$755.64,$755.64
G.Skill Trident Z5 64 GB,DDR5-6000,2 x 32GB,10.667 ns,32,$13.59,Silver / Black,0.0,0,,,,,,,,,,,,,,,,,,,,,,,,,,,,,,,,,,,,,,,,,,,,,,,"$2,174.97","$2,174.97","$2,102.48","$2,029.98","$1,957.48","$1,884.98","$1,812.48","$1,739.98","$1,667.48","$1,594.98","$1,522.48","$1,449.98","$1,377.48","$1,304.99","$1,254.24","$1,203.49","$1,152.74","$1,101.99","$1,051.24","$1,000.49",$949.74,$898.99,$848.24,$797.49,$746.74,$695.99,$674.24,$652.49,$630.74,$608.99,$587.24,$565.49,$543.74,$521.99,$500.24,$478.49,$456.74,$435.00,$449.49,$463.99,$478.49,$492.99,$507.49,$739.49,$761.24,$782.99,$804.74,$365.40,$591.59,$869.99,"$1,104.89","$1,035.29","$1,035.29"
Patriot Viper Elite 5 RGB TUF GAMING ALLIANCE 48 GB,DDR5-6000,2 x 24GB,12 ns,36,$16.27,White,0.0,0,,,,,,,,,,,,,,,,,,,,,,,,,,,,,,,,,,,,,,,,,,,,,,,"$1,952.55","$1,952.55","$1,887.46","$1,822.38","$1,757.30","$1,692.21","$1,627.12","$1,562.04","$1,496.95","$1,431.87","$1,366.78","$1,301.70","$1,236.62","$1,171.53","$1,125.97","$1,080.41","$1,034.85",$989.29,$943.73,$898.17,$852.61,$807.05,$761.49,$715.93,$670.38,$624.82,$605.29,$585.76,$566.24,$546.71,$527.19,$507.66,$488.14,$468.61,$449.09,$429.56,$410.04,$390.51,$403.53,$416.54,$429.56,$442.58,$455.60,$663.87,$683.39,$702.92,$722.44,$328.03,$531.09,$781.02,$991.90,$929.41,$929.41
TEAMGROUP Xtreem 32 GB,DDR5-7200,2 x 16GB,9.444 ns,34,$15.31,Black,0.0,0,,,,,,,,,,,,,,,,,,,,,,,,,,,,,,,,,,,,,,,,,,,,,,,"$1,224.97","$1,224.97","$1,184.14","$1,143.31","$1,102.48","$1,061.64","$1,020.81",$979.98,$939.15,$898.32,$857.48,$816.65,$775.82,$734.99,$706.40,$677.82,$649.24,$620.65,$592.07,$563.49,$534.91,$506.32,$477.74,$449.16,$420.57,$391.99,$379.74,$367.49,$355.24,$342.99,$330.74,$318.49,$306.24,$293.99,$281.74,$269.49,$257.24,$245.00,$253.16,$261.33,$269.49,$277.66,$285.83,$416.49,$428.74,$440.99,$453.24,$205.80,$333.19,$489.99,$622.29,$583.09,$583.09
G.Skill Trident Z5 RGB 48 GB,DDR5-8000,2 x 24GB,10 ns,40,$12.29,Silver / Black,0.0,0,,,,,,,,,,,,,,,,,,,,,,,,,,,,,,,,,,,,,,,,,,,,,,,"$1,474.97","$1,474.97","$1,425.81","$1,376.64","$1,327.48","$1,278.31","$1,229.15","$1,179.98","$1,130.81","$1,081.65","$1,032.48",$983.32,$934.15,$884.99,$850.57,$816.15,$781.74,$747.32,$712.90,$678.49,$644.07,$609.66,$575.24,$540.82,$506.41,$471.99,$457.24,$442.49,$427.74,$412.99,$398.24,$383.49,$368.74,$353.99,$339.24,$324.49,$309.74,$295.00,$304.83,$314.66,$324.49,$334.33,$344.16,$501.49,$516.24,$530.99,$545.74,$247.80,$401.19,$589.99,$749.29,$702.09,$702.09
G.Skill Ripjaws M5 RGB 48 GB,DDR5-5200,2 x 24GB,15.385 ns,40,$10.21,Black,0.0,0,,,,,,,,,,,,,,,,,,,,,,,,,,,,,,,,,,,,,,,,,,,,,,,"$1,224.97","$1,224.97","$1,184.14","$1,143.31","$1,102.48","$1,061.64","$1,020.81",$979.98,$939.15,$898.32,$857.48,$816.65,$775.82,$734.99,$706.40,$677.82,$649.24,$620.65,$592.07,$563.49,$534.91,$506.32,$477.74,$449.16,$420.57,$391.99,$379.74,$367.49,$355.24,$342.99,$330.74,$318.49,$306.24,$293.99,$281.74,$269.49,$257.24,$245.00,$253.16,$261.33,$269.49,$277.66,$285.83,$416.49,$428.74,$440.99,$453.24,$205.80,$333.19,$489.99,$622.29,$583.09,$583.09
G.Skill Ripjaws S5 64 GB,DDR5-5600,2 x 32GB,12.857 ns,36,$10.31,Black,0.0,0,,,,,,,,,,,,,,,,,,,,,,,,,,,,,,,,,,,,,,,,,,,,,,,"$1,649.97","$1,649.97","$1,594.98","$1,539.98","$1,484.98","$1,429.98","$1,374.98","$1,319.98","$1,264.98","$1,209.98","$1,154.98","$1,099.98","$1,044.98",$989.99,$951.49,$912.99,$874.49,$835.99,$797.49,$758.99,$720.49,$681.99,$643.49,$604.99,$566.49,$527.99,$511.49,$494.99,$478.49,$461.99,$445.49,$428.99,$412.49,$395.99,$379.49,$362.99,$346.49,$330.00,$340.99,$351.99,$362.99,$373.99,$384.99,$560.99,$577.49,$593.99,$610.49,$277.20,$448.79,$659.99,$838.19,$785.39,$785.39
G.Skill Ripjaws M5 RGB 96 GB,DDR5-5600,2 x 48GB,14.286 ns,40,$11.77,White,0.0,0,,,,,,,,,,,,,,,,,,,,,,,,,,,,,,,,,,,,,,,,,,,,,,,"$2,824.97","$2,824.97","$2,730.81","$2,636.64","$2,542.48","$2,448.31","$2,354.15","$2,259.98","$2,165.81","$2,071.65","$1,977.48","$1,883.32","$1,789.15","$1,694.99","$1,629.07","$1,563.15","$1,497.24","$1,431.32","$1,365.40","$1,299.49","$1,233.57","$1,167.66","$1,101.74","$1,035.82",$969.91,$903.99,$875.74,$847.49,$819.24,$790.99,$762.74,$734.49,$706.24,$677.99,$649.74,$621.49,$593.24,$565.00,$583.83,$602.66,$621.49,$640.33,$659.16,$960.49,$988.74,"$1,016.99","$1,045.24",$474.60,$768.39,"$1,129.99","$1,435.09","$1,344.69","$1,344.69"
Corsair Dominator Platinum RGB 32 GB,DDR5-6400,2 x 16GB,11.875 ns,38,$14.75,Black,0.0,0,,,,,,,,,,,,,,,,,,,,,,,,,,,,,,,,,,,,,,,,,,,,,,,"$1,179.97","$1,179.97","$1,140.64","$1,101.31","$1,061.98","$1,022.64",$983.31,$943.98,$904.65,$865.32,$825.98,$786.65,$747.32,$707.99,$680.45,$652.92,$625.39,$597.85,$570.32,$542.79,$515.26,$487.72,$460.19,$432.66,$405.12,$377.59,$365.79,$353.99,$342.19,$330.39,$318.59,$306.79,$294.99,$283.19,$271.39,$259.59,$247.79,$236.00,$243.86,$251.73,$259.59,$267.46,$275.33,$401.19,$412.99,$424.79,$436.59,$198.24,$320.95,$471.99,$599.43,$561.67,$561.67
Patriot Viper Venom RGB 32 GB,DDR5-6000,1 x 32GB,10 ns,30,$19.38,Black / White,0.0,0,,,,,,,,,,,,,,,,,,,,,,,,,,,,,,,,,,,,,,,,,,,,,,,"$1,549.97","$1,549.97","$1,498.31","$1,446.64","$1,394.98","$1,343.31","$1,291.65","$1,239.98","$1,188.31","$1,136.65","$1,084.98","$1,033.32",$981.65,$929.99,$893.82,$857.65,$821.49,$785.32,$749.15,$712.99,$676.82,$640.66,$604.49,$568.32,$532.16,$495.99,$480.49,$464.99,$449.49,$433.99,$418.49,$402.99,$387.49,$371.99,$356.49,$340.99,$325.49,$310.00,$320.33,$330.66,$340.99,$351.33,$361.66,$526.99,$542.49,$557.99,$573.49,$260.40,$421.59,$619.99,$787.39,$737.79,$737.79
Mushkin Silverline 4 GB,DDR4-2133,1 x 4GB,14.065 ns,15,$13.00,Silver,0.0,0,$73.22,$73.65,$74.09,$74.52,$74.95,$75.39,$75.82,$76.25,$76.69,$77.12,$77.55,$77.98,$64.99,$62.39,$59.79,$57.19,$54.59,$51.99,$49.39,$46.79,$44.19,$41.59,$38.99,$36.39,$31.63,$32.06,$32.49,$32.93,$33.36,$33.79,$34.23,$34.66,$35.09,$35.53,$35.96,$36.39,$37.26,$38.13,$38.99,$39.86,$40.73,$41.59,$42.46,$43.32,$44.19,$45.06,$45.92,$46.79,$45.49,$44.19,$42.89,$41.59,$40.29,$38.99,$37.69,$36.39,$35.09,$33.79,$32.49,$31.19,$30.33,$29.46,$28.59,$27.73,$26.86,$26.00,$25.13,$24.26,$23.40,$22.53,$21.66,$20.80,$21.23,$21.66,$22.10,$22.53,$22.96,$23.40,$23.83,$24.26,$24.70,$25.13,$25.56,$26.00,$26.86,$27.73,$28.59,$29.46,$30.33,$44.19,$45.49,$46.79,$48.09,$21.84,$35.35,$51.99,$75.91,$83.18,$75.39
TEAMGROUP T-Force Delta RGB 64 GB,DDR5-6000,2 x 32GB,12.667 ns,38,$12.50,White,0.0,0,,,,,,,,,,,,,,,,,,,,,,,,,,,,,,,,,,,,,,,,,,,,,,,"$1,999.97","$1,999.97","$1,933.31","$1,866.64","$1,799.98","$1,733.31","$1,666.65","$1,599.98","$1,533.31","$1,466.65","$1,399.98","$1,333.32","$1,266.65","$1,199.99","$1,153.32","$1,106.65","$1,059.99","$1,013.32",$966.65,$919.99,$873.32,$826.66,$779.99,$733.32,$686.66,$639.99,$619.99,$599.99,$579.99,$559.99,$539.99,$519.99,$499.99,$479.99,$459.99,$439.99,$419.99,$400.00,$413.33,$426.66,$439.99,$453.33,$466.66,$679.99,$699.99,$719.99,$739.99,$336.00,$543.99,$799.99,"$1,015.99",$951.99,$951.99
Patriot Viper Venom 32 GB,DDR5-6600,2 x 16GB,10.303 ns,34,$15.95,Black / White,5.0,1,,,,,,,,,,,,,,,,,,,,,,,,,,,,,,,,,,,,,,,,,,,,,,,"$1,276.03","$1,276.03","$1,233.49","$1,190.96","$1,148.42","$1,105.89","$1,063.35","$1,020.82",$978.29,$935.75,$893.22,$850.68,$808.15,$765.62,$735.84,$706.07,$676.29,$646.52,$616.75,$586.97,$557.20,$527.42,$497.65,$467.88,$438.10,$408.33,$395.57,$382.81,$370.05,$357.29,$344.53,$331.77,$319.01,$306.25,$293.49,$280.73,$267.97,$255.21,$263.71,$272.22,$280.73,$289.23,$297.74,$433.85,$446.61,$459.37,$472.13,$214.37,$347.08,$510.41,$648.22,$607.39,$607.39
Crucial CT2K24G56C46S5 48 GB,DDR5-5600,2 x 24GB,16.429 ns,46,,Black,0.0,0,,,,,,,,,,,,,,,,,,,,,,,,,,,,,,,,,,,,,,,,,,,,,,,$977.48,$977.48,$944.89,$912.31,$879.73,$847.14,$814.56,$781.98,$749.40,$716.82,$684.23,$651.65,$619.07,$586.49,$563.68,$540.87,$518.06,$495.25,$472.45,$449.64,$426.83,$404.02,$381.22,$358.41,$335.60,$312.79,$303.02,$293.24,$283.47,$273.69,$263.92,$254.14,$244.37,$234.59,$224.82,$215.04,$205.27,$195.50,$202.01,$208.53,$215.04,$221.56,$228.08,$332.34,$342.12,$351.89,$361.67,$164.22,$265.87,$390.99,$496.56,$465.28,$465.28
Kingston KSM48R40BD4TMM-64HMR 64 GB,DDR5-4800,1 x 64GB,16.667 ns,40,,Green,0.0,0,,,,,,,,,,,,,,,,,,,,,,,,,,,,,,,,,,,,,,,,,,,,,,,$949.98,$949.98,$918.31,$886.64,$854.98,$823.31,$791.65,$759.98,$728.31,$696.65,$664.98,$633.32,$601.65,$569.99,$547.82,$525.65,$503.49,$481.32,$459.15,$436.99,$414.82,$392.66,$370.49,$348.32,$326.16,$303.99,$294.49,$284.99,$275.49,$265.99,$256.49,$246.99,$237.49,$227.99,$218.49,$208.99,$199.49,$190.00,$196.33,$202.66,$208.99,$215.33,$221.66,$322.99,$332.49,$341.99,$351.49,$159.60,$258.39,$379.99,$482.59,$452.19,$452.19
Silicon Power XPOWER Storm RGB 64 GB,DDR5-6000,2 x 32GB,12.667 ns,38,$10.94,Gray,0.0,0,,,,,,,,,,,,,,,,,,,,,,,,,,,,,,,,,,,,,,,,,,,,,,,"$1,749.97","$1,749.97","$1,691.64","$1,633.31","$1,574.98","$1,516.64","$1,458.31","$1,399.98","$1,341.65","$1,283.32","$1,224.98","$1,166.65","$1,108.32","$1,049.99","$1,009.15",$968.32,$927.49,$886.65,$845.82,$804.99,$764.16,$723.32,$682.49,$641.66,$600.82,$559.99,$542.49,$524.99,$507.49,$489.99,$472.49,$454.99,$437.49,$419.99,$402.49,$384.99,$367.49,$350.00,$361.66,$373.33,$384.99,$396.66,$408.33,$594.99,$612.49,$629.99,$647.49,$294.00,$475.99,$699.99,$888.99,$832.99,$832.99
Crucial CT8G4RFS4213 8 GB,DDR4-2133,1 x 8GB,14.065 ns,15,$4.37,Black / Green,0.0,0,$49.28,$49.57,$49.86,$50.15,$50.44,$50.74,$51.03,$51.32,$51.61,$51.90,$52.19,$52.48,$43.74,$41.99,$40.24,$38.49,$36.74,$34.99,$33.24,$31.49,$29.74,$27.99,$26.24,$24.49,$21.29,$21.58,$21.87,$22.16,$22.45,$22.74,$23.04,$23.33,$23.62,$23.91,$24.20,$24.49,$25.08,$25.66,$26.24,$26.83,$27.41,$27.99,$28.58,$29.16,$29.74,$30.32,$30.91,$31.49,$30.62,$29.74,$28.87,$27.99,$27.12,$26.24,$25.37,$24.49,$23.62,$22.74,$21.87,$20.99,$20.41,$19.83,$19.24,$18.66,$18.08,$17.50,$16.91,$16.33,$15.75,$15.16,$14.58,$14.00,$14.29,$14.58,$14.87,$15.16,$15.45,$15.75,$16.04,$16.33,$16.62,$16.91,$17.20,$17.50,$18.08,$18.66,$19.24,$19.83,$20.41,$29.74,$30.62,$31.49,$32.37,$14.70,$23.79,$34.99,$51.09,$55.98,$50.74
Silicon Power XPOWER Zenith RGB Gaming 32 GB,DDR4-3600,2 x 16GB,10 ns,18,$7.28,Black,0.0,0,$327.85,$329.79,$331.73,$333.67,$335.61,$337.55,$339.49,$341.43,$343.37,$345.31,$347.25,$349.19,$290.99,$279.35,$267.71,$256.07,$244.43,$232.79,$221.15,$209.51,$197.87,$186.23,$174.59,$162.95,$141.61,$143.55,$145.49,$147.43,$149.37,$151.31,$153.25,$155.19,$157.13,$159.07,$161.01,$162.95,$166.83,$170.71,$174.59,$178.47,$182.35,$186.23,$190.11,$193.99,$197.87,$201.75,$205.63,$209.51,$203.69,$197.87,$192.05,$186.23,$180.41,$174.59,$168.77,$162.95,$157.13,$151.31,$145.49,$139.67,$135.79,$131.91,$128.03,$124.15,$120.27,$116.39,$112.52,$108.64,$104.76,$100.88,$97.00,$93.12,$95.06,$97.00,$98.94,$100.88,$102.82,$104.76,$106.70,$108.64,$110.58,$112.52,$114.46,$116.39,$120.27,$124.15,$128.03,$131.91,$135.79,$197.87,$203.69,$209.51,$215.33,$97.77,$158.30,$232.79,$339.87,$372.46,$337.55
Crucial CT2K32G4SFD8266 64 GB,DDR4-2666,2 x 32GB,14.254 ns,19,$6.25,Green / Black,0.0,0,$563.04,$566.37,$569.70,$573.03,$576.36,$579.70,$583.03,$586.36,$589.69,$593.02,$596.35,$599.69,$499.74,$479.75,$459.76,$439.77,$419.78,$399.79,$379.80,$359.81,$339.82,$319.83,$299.84,$279.85,$243.21,$246.54,$249.87,$253.20,$256.53,$259.86,$263.20,$266.53,$269.86,$273.19,$276.52,$279.85,$286.52,$293.18,$299.84,$306.51,$313.17,$319.83,$326.50,$333.16,$339.82,$346.48,$353.15,$359.81,$349.82,$339.82,$329.83,$319.83,$309.84,$299.84,$289.85,$279.85,$269.86,$259.86,$249.87,$239.87,$233.21,$226.55,$219.88,$213.22,$206.56,$199.90,$193.23,$186.57,$179.91,$173.24,$166.58,$159.92,$163.25,$166.58,$169.91,$173.24,$176.57,$179.91,$183.24,$186.57,$189.90,$193.23,$196.56,$199.90,$206.56,$213.22,$219.88,$226.55,$233.21,$339.82,$349.82,$359.81,$369.81,$167.91,$271.86,$399.79,$583.69,$639.66,$579.70
Samsung M471A4G43MB1 32 GB,DDR4-2666,1 x 32GB,14.254 ns,19,$6.41,Green / Black,0.0,0,$288.71,$290.42,$292.12,$293.83,$295.54,$297.25,$298.96,$300.67,$302.38,$304.08,$305.79,$307.50,$256.25,$246.00,$235.75,$225.50,$215.25,$205.00,$194.75,$184.50,$174.25,$164.00,$153.75,$143.50,$124.71,$126.42,$128.12,$129.83,$131.54,$133.25,$134.96,$136.67,$138.38,$140.08,$141.79,$143.50,$146.92,$150.33,$153.75,$157.17,$160.58,$164.00,$167.42,$170.83,$174.25,$177.67,$181.08,$184.50,$179.38,$174.25,$169.12,$164.00,$158.88,$153.75,$148.62,$143.50,$138.38,$133.25,$128.12,$123.00,$119.58,$116.17,$112.75,$109.33,$105.92,$102.50,$99.08,$95.67,$92.25,$88.83,$85.42,$82.00,$83.71,$85.42,$87.13,$88.83,$90.54,$92.25,$93.96,$95.67,$97.38,$99.08,$100.79,$102.50,$105.92,$109.33,$112.75,$116.17,$119.58,$174.25,$179.38,$184.50,$189.62,$86.10,$139.40,$205.00,$299.30,$328.00,$297.25
Patriot Viper Elite II 16 GB,DDR4-3600,1 x 16GB,11.111 ns,20,,Red / Black,0.0,0,$130.96,$131.74,$132.51,$133.29,$134.06,$134.84,$135.61,$136.39,$137.16,$137.94,$138.71,$139.48,$116.24,$111.59,$106.94,$102.29,$97.64,$92.99,$88.34,$83.69,$79.04,$74.39,$69.74,$65.09,$56.57,$57.34,$58.12,$58.89,$59.67,$60.44,$61.22,$61.99,$62.77,$63.54,$64.32,$65.09,$66.64,$68.19,$69.74,$71.29,$72.84,$74.39,$75.94,$77.49,$79.04,$80.59,$82.14,$83.69,$81.37,$79.04,$76.72,$74.39,$72.07,$69.74,$67.42,$65.09,$62.77,$60.44,$58.12,$55.79,$54.24,$52.69,$51.14,$49.59,$48.04,$46.49,$44.95,$43.40,$41.85,$40.30,$38.75,$37.20,$37.97,$38.75,$39.52,$40.30,$41.07,$41.85,$42.62,$43.40,$44.17,$44.95,$45.72,$46.49,$48.04,$49.59,$51.14,$52.69,$54.24,$79.04,$81.37,$83.69,$86.02,$39.06,$63.23,$92.99,$135.77,$148.78,$134.84
Kingston FURY Renegade Pro 64 GB,DDR5-6400,4 x 16GB,10 ns,32,,Black,0.0,0,,,,,,,,,,,,,,,,,,,,,,,,,,,,,,,,,,,,,,,,,,,,,,,"$3,499.97","$3,499.97","$3,383.31","$3,266.64","$3,149.98","$3,033.31","$2,916.65","$2,799.98","$2,683.31","$2,566.65","$2,449.98","$2,333.32","$2,216.65","$2,099.99","$2,018.32","$1,936.65","$1,854.99","$1,773.32","$1,691.65","$1,609.99","$1,528.32","$1,446.66","$1,364.99","$1,283.32","$1,201.66","$1,119.99","$1,084.99","$1,049.99","$1,014.99",$979.99,$944.99,$909.99,$874.99,$839.99,$804.99,$769.99,$734.99,$700.00,$723.33,$746.66,$769.99,$793.33,$816.66,"$1,189.99","$1,224.99","$1,259.99","$1,294.99",$588.00,$951.99,"$1,399.99","$1,777.99","$1,665.99","$1,665.99"
TEAMGROUP T-Force Xtreem ARGB 16 GB,DDR4-3600,2 x 8GB,10 ns,18,$9.94,Black,0.0,0,$223.92,$225.25,$226.57,$227.90,$229.22,$230.55,$231.88,$233.20,$234.52,$235.85,$237.18,$238.50,$198.75,$190.80,$182.85,$174.90,$166.95,$159.00,$151.05,$143.10,$135.15,$127.20,$119.25,$111.30,$96.72,$98.05,$99.38,$100.70,$102.02,$103.35,$104.67,$106.00,$107.33,$108.65,$109.97,$111.30,$113.95,$116.60,$119.25,$121.90,$124.55,$127.20,$129.85,$132.50,$135.15,$137.80,$140.45,$143.10,$139.12,$135.15,$131.18,$127.20,$123.23,$119.25,$115.27,$111.30,$107.33,$103.35,$99.38,$95.40,$92.75,$90.10,$87.45,$84.80,$82.15,$79.50,$76.85,$74.20,$71.55,$68.90,$66.25,$63.60,$64.93,$66.25,$67.58,$68.90,$70.23,$71.55,$72.88,$74.20,$75.53,$76.85,$78.18,$79.50,$82.15,$84.80,$87.45,$90.10,$92.75,$135.15,$139.12,$143.10,$147.07,$66.78,$108.12,$159.00,$232.14,$254.40,$230.55
Corsair Vengeance RGB 64 GB,DDR5-5600,2 x 32GB,12.857 ns,36,$12.98,Gray,0.0,0,,,,,,,,,,,,,,,,,,,,,,,,,,,,,,,,,,,,,,,,,,,,,,,"$2,077.47","$2,077.47","$2,008.23","$1,938.98","$1,869.73","$1,800.48","$1,731.23","$1,661.98","$1,592.73","$1,523.48","$1,454.23","$1,384.98","$1,315.73","$1,246.49","$1,198.01","$1,149.54","$1,101.06","$1,052.59","$1,004.11",$955.64,$907.16,$858.69,$810.22,$761.74,$713.27,$664.79,$644.02,$623.24,$602.47,$581.69,$560.92,$540.14,$519.37,$498.59,$477.82,$457.04,$436.27,$415.50,$429.34,$443.19,$457.04,$470.89,$484.74,$706.34,$727.12,$747.89,$768.67,$349.02,$565.07,$830.99,"$1,055.36",$988.88,$988.88
Patriot Viper Elite 5 Ultra 96 GB,DDR5-6400,2 x 48GB,10 ns,32,$12.29,Black,0.0,0,,,,,,,,,,,,,,,,,,,,,,,,,,,,,,,,,,,,,,,,,,,,,,,"$2,949.97","$2,949.97","$2,851.64","$2,753.31","$2,654.98","$2,556.64","$2,458.31","$2,359.98","$2,261.65","$2,163.32","$2,064.98","$1,966.65","$1,868.32","$1,769.99","$1,701.15","$1,632.32","$1,563.49","$1,494.65","$1,425.82","$1,356.99","$1,288.16","$1,219.32","$1,150.49","$1,081.66","$1,012.82",$943.99,$914.49,$884.99,$855.49,$825.99,$796.49,$766.99,$737.49,$707.99,$678.49,$648.99,$619.49,$590.00,$609.66,$629.33,$648.99,$668.66,$688.33,"$1,002.99","$1,032.49","$1,061.99","$1,091.49",$495.60,$802.39,"$1,179.99","$1,498.59","$1,404.19","$1,404.19"
TEAMGROUP Elite 32 GB,DDR4-3200,1 x 32GB,13.75 ns,22,$7.84,Black,0.0,0,$353.48,$355.57,$357.66,$359.75,$361.84,$363.94,$366.03,$368.12,$370.21,$372.30,$374.39,$376.49,$313.74,$301.19,$288.64,$276.09,$263.54,$250.99,$238.44,$225.89,$213.34,$200.79,$188.24,$175.69,$152.69,$154.78,$156.87,$158.96,$161.05,$163.14,$165.24,$167.33,$169.42,$171.51,$173.60,$175.69,$179.88,$184.06,$188.24,$192.43,$196.61,$200.79,$204.98,$209.16,$213.34,$217.52,$221.71,$225.89,$219.62,$213.34,$207.07,$200.79,$194.52,$188.24,$181.97,$175.69,$169.42,$163.14,$156.87,$150.59,$146.41,$142.23,$138.04,$133.86,$129.68,$125.50,$121.31,$117.13,$112.95,$108.76,$104.58,$100.40,$102.49,$104.58,$106.67,$108.76,$110.85,$112.95,$115.04,$117.13,$119.22,$121.31,$123.40,$125.50,$129.68,$133.86,$138.04,$142.23,$146.41,$213.34,$219.62,$225.89,$232.17,$105.42,$170.67,$250.99,$366.45,$401.58,$363.94
G.Skill Ripjaws V 16 GB,DDR4-2666,2 x 8GB,11.253 ns,15,$10.31,Blue,4.5,11,$232.30,$233.68,$235.05,$236.43,$237.80,$239.18,$240.55,$241.93,$243.30,$244.68,$246.05,$247.42,$206.19,$197.94,$189.69,$181.44,$173.20,$164.95,$156.70,$148.46,$140.21,$131.96,$123.71,$115.47,$100.34,$101.72,$103.09,$104.47,$105.84,$107.22,$108.59,$109.97,$111.34,$112.72,$114.09,$115.46,$118.21,$120.96,$123.71,$126.46,$129.21,$131.96,$134.71,$137.46,$140.21,$142.96,$145.71,$148.45,$144.33,$140.21,$136.08,$131.96,$127.84,$123.71,$119.59,$115.47,$111.34,$107.22,$103.09,$98.97,$96.22,$93.47,$90.72,$87.97,$85.22,$82.47,$79.73,$76.98,$74.23,$71.48,$68.73,$65.98,$67.35,$68.73,$70.10,$71.48,$72.85,$74.23,$75.60,$76.98,$78.35,$79.73,$81.10,$82.47,$85.22,$87.97,$90.72,$93.47,$96.22,$140.21,$144.33,$148.45,$152.58,$69.28,$112.17,$164.95,$240.83,$263.92,$129.99
G.Skill Zeta R5 128 GB,DDR5-6400,8 x 16GB,10 ns,32,$16.88,Black / White,0.0,0,,,,,,,,,,,,,,,,,,,,,,,,,,,,,,,,,,,,,,,,,,,,,,,"$5,399.95","$5,399.95","$5,219.95","$5,039.95","$4,859.95","$4,679.96","$4,499.96","$4,319.96","$4,139.96","$3,959.96","$3,779.97","$3,599.97","$3,419.97","$3,239.97","$3,113.97","$2,987.97","$2,861.97","$2,735.97","$2,609.98","$2,483.98","$2,357.98","$2,231.98","$2,105.98","$1,979.98","$1,853.98","$1,727.98","$1,673.98","$1,619.99","$1,565.99","$1,511.99","$1,457.99","$1,403.99","$1,349.99","$1,295.99","$1,241.99","$1,187.99","$1,133.99","$1,079.99","$1,115.99","$1,151.99","$1,187.99","$1,223.99","$1,259.99","$1,835.98","$1,889.98","$1,943.98","$1,997.98",$907.19,"$1,468.79","$2,159.98","$2,743.17","$2,570.38","$2,570.38"
Kingston FURY Renegade Pro 128 GB,DDR5-6400,4 x 32GB,10 ns,32,,Black,0.0,0,,,,,,,,,,,,,,,,,,,,,,,,,,,,,,,,,,,,,,,,,,,,,,,"$2,499.97","$2,499.97","$2,416.64","$2,333.31","$2,249.98","$2,166.64","$2,083.31","$1,999.98","$1,916.65","$1,833.32","$1,749.98","$1,666.65","$1,583.32","$1,499.99","$1,441.65","$1,383.32","$1,324.99","$1,266.65","$1,208.32","$1,149.99","$1,091.66","$1,033.32",$974.99,$916.66,$858.32,$799.99,$774.99,$749.99,$724.99,$699.99,$674.99,$649.99,$624.99,$599.99,$574.99,$549.99,$524.99,$500.00,$516.66,$533.33,$549.99,$566.66,$583.33,$849.99,$874.99,$899.99,$924.99,$420.00,$679.99,$999.99,"$1,269.99","$1,189.99","$1,189.99"
Crucial CT16G4WFD824A 16 GB,DDR4-2400,1 x 16GB,14.167 ns,17,$6.83,Green,0.0,0,$154.00,$154.91,$155.82,$156.73,$157.65,$158.56,$159.47,$160.38,$161.29,$162.20,$163.11,$164.02,$136.69,$131.22,$125.75,$120.28,$114.82,$109.35,$103.88,$98.42,$92.95,$87.48,$82.01,$76.55,$66.52,$67.43,$68.34,$69.25,$70.17,$71.08,$71.99,$72.90,$73.81,$74.72,$75.63,$76.54,$78.37,$80.19,$82.01,$83.83,$85.66,$87.48,$89.30,$91.12,$92.95,$94.77,$96.59,$98.41,$95.68,$92.95,$90.21,$87.48,$84.75,$82.01,$79.28,$76.55,$73.81,$71.08,$68.34,$65.61,$63.79,$61.96,$60.14,$58.32,$56.50,$54.67,$52.85,$51.03,$49.21,$47.38,$45.56,$43.74,$44.65,$45.56,$46.47,$47.38,$48.30,$49.21,$50.12,$51.03,$51.94,$52.85,$53.76,$54.67,$56.50,$58.32,$60.14,$61.96,$63.79,$92.95,$95.68,$98.41,$101.15,$45.93,$74.36,$109.35,$159.65,$174.96,$158.56
Corsair Dominator Platinum RGB 32 GB,DDR5-7000,2 x 16GB,9.714 ns,34,$15.63,Black,0.0,0,,,,,,,,,,,,,,,,,,,,,,,,,,,,,,,,,,,,,,,,,,,,,,,"$1,249.97","$1,249.97","$1,208.31","$1,166.64","$1,124.98","$1,083.31","$1,041.65",$999.98,$958.31,$916.65,$874.98,$833.32,$791.65,$749.99,$720.82,$691.65,$662.49,$633.32,$604.15,$574.99,$545.82,$516.66,$487.49,$458.32,$429.16,$399.99,$387.49,$374.99,$362.49,$349.99,$337.49,$324.99,$312.49,$299.99,$287.49,$274.99,$262.49,$250.00,$258.33,$266.66,$274.99,$283.33,$291.66,$424.99,$437.49,$449.99,$462.49,$210.00,$339.99,$499.99,$634.99,$594.99,$594.99
Kingston KSM48R40BD8KMM-32HMR 32 GB,DDR5-4800,1 x 32GB,16.667 ns,40,,Green,0.0,0,,,,,,,,,,,,,,,,,,,,,,,,,,,,,,,,,,,,,,,,,,,,,,,$999.98,$999.98,$966.64,$933.31,$899.98,$866.64,$833.31,$799.98,$766.65,$733.32,$699.98,$666.65,$633.32,$599.99,$576.65,$553.32,$529.99,$506.65,$483.32,$459.99,$436.66,$413.32,$389.99,$366.66,$343.32,$319.99,$309.99,$299.99,$289.99,$279.99,$269.99,$259.99,$249.99,$239.99,$229.99,$219.99,$209.99,$200.00,$206.66,$213.33,$219.99,$226.66,$233.33,$339.99,$349.99,$359.99,$369.99,$168.00,$271.99,$399.99,$507.99,$475.99,$475.99
TEAMGROUP Xtreem ARGB 32 GB,DDR5-8000,2 x 16GB,9.5 ns,38,,White,0.0,0,,,,,,,,,,,,,,,,,,,,,,,,,,,,,,,,,,,,,,,,,,,,,,,"$1,274.97","$1,274.97","$1,232.48","$1,189.98","$1,147.48","$1,104.98","$1,062.48","$1,019.98",$977.48,$934.98,$892.48,$849.98,$807.48,$764.99,$735.24,$705.49,$675.74,$645.99,$616.24,$586.49,$556.74,$526.99,$497.24,$467.49,$437.74,$407.99,$395.24,$382.49,$369.74,$356.99,$344.24,$331.49,$318.74,$305.99,$293.24,$280.49,$267.74,$255.00,$263.49,$271.99,$280.49,$288.99,$297.49,$433.49,$446.24,$458.99,$471.74,$214.20,$346.79,$509.99,$647.69,$606.89,$606.89
G.Skill Trident Z5 RGB 32 GB,DDR5-5600,2 x 16GB,14.286 ns,40,$12.87,Silver / Black,0.0,0,,,,,,,,,,,,,,,,,,,,,,,,,,,,,,,,,,,,,,,,,,,,,,,"$1,029.22","$1,029.22",$994.92,$960.61,$926.30,$891.99,$857.69,$823.38,$789.07,$754.77,$720.46,$686.15,$651.84,$617.53,$593.52,$569.50,$545.49,$521.47,$497.46,$473.44,$449.43,$425.41,$401.40,$377.38,$353.37,$329.35,$319.06,$308.77,$298.48,$288.18,$277.89,$267.60,$257.31,$247.01,$236.72,$226.43,$216.14,$205.84,$212.71,$219.57,$226.43,$233.29,$240.15,$349.94,$360.23,$370.52,$380.81,$172.91,$279.95,$411.69,$522.85,$489.91,$489.91
G.Skill Ripjaws M5 RGB 96 GB,DDR5-5200,2 x 48GB,15.385 ns,40,$9.90,White,0.0,0,,,,,,,,,,,,,,,,,,,,,,,,,,,,,,,,,,,,,,,,,,,,,,,"$2,374.97","$2,374.97","$2,295.81","$2,216.64","$2,137.48","$2,058.31","$1,979.15","$1,899.98","$1,820.81","$1,741.65","$1,662.48","$1,583.32","$1,504.15","$1,424.99","$1,369.57","$1,314.15","$1,258.74","$1,203.32","$1,147.90","$1,092.49","$1,037.07",$981.66,$926.24,$870.82,$815.41,$759.99,$736.24,$712.49,$688.74,$664.99,$641.24,$617.49,$593.74,$569.99,$546.24,$522.49,$498.74,$475.00,$490.83,$506.66,$522.49,$538.33,$554.16,$807.49,$831.24,$854.99,$878.74,$399.00,$645.99,$949.99,"$1,206.49","$1,130.49","$1,130.49"
G.Skill Trident Z5 RGB 48 GB,DDR5-7200,2 x 24GB,10 ns,36,$12.71,White / Black,0.0,0,,,,,,,,,,,,,,,,,,,,,,,,,,,,,,,,,,,,,,,,,,,,,,,"$1,524.97","$1,524.97","$1,474.14","$1,423.31","$1,372.48","$1,321.64","$1,270.81","$1,219.98","$1,169.15","$1,118.32","$1,067.48","$1,016.65",$965.82,$914.99,$879.40,$843.82,$808.24,$772.65,$737.07,$701.49,$665.91,$630.32,$594.74,$559.16,$523.57,$487.99,$472.74,$457.49,$442.24,$426.99,$411.74,$396.49,$381.24,$365.99,$350.74,$335.49,$320.24,$305.00,$315.16,$325.33,$335.49,$345.66,$355.83,$518.49,$533.74,$548.99,$564.24,$256.20,$414.79,$609.99,$774.69,$725.89,$725.89
Patriot Viper Elite II 8 GB,DDR4-3200,1 x 8GB,11.25 ns,18,,Red / Black,0.0,0,$71.81,$72.24,$72.66,$73.09,$73.51,$73.94,$74.36,$74.79,$75.21,$75.64,$76.06,$76.48,$63.74,$61.19,$58.64,$56.09,$53.54,$50.99,$48.44,$45.89,$43.34,$40.79,$38.24,$35.69,$31.02,$31.44,$31.87,$32.29,$32.72,$33.14,$33.57,$33.99,$34.42,$34.84,$35.27,$35.69,$36.54,$37.39,$38.24,$39.09,$39.94,$40.79,$41.64,$42.49,$43.34,$44.19,$45.04,$45.89,$44.62,$43.34,$42.07,$40.79,$39.52,$38.24,$36.97,$35.69,$34.42,$33.14,$31.87,$30.59,$29.74,$28.89,$28.04,$27.19,$26.34,$25.50,$24.65,$23.80,$22.95,$22.10,$21.25,$20.40,$20.82,$21.25,$21.67,$22.10,$22.52,$22.95,$23.37,$23.80,$24.22,$24.65,$25.07,$25.50,$26.34,$27.19,$28.04,$28.89,$29.74,$43.34,$44.62,$45.89,$47.17,$21.42,$34.67,$50.99,$74.45,$81.58,$73.94
G.Skill Trident Z5 RGB 32 GB,DDR5-7600,2 x 16GB,9.474 ns,36,$15.53,Silver / Black,0.0,0,,,,,,,,,,,,,,,,,,,,,,,,,,,,,,,,,,,,,,,,,,,,,,,"$1,242.47","$1,242.47","$1,201.06","$1,159.64","$1,118.23","$1,076.81","$1,035.40",$993.98,$952.56,$911.15,$869.73,$828.32,$786.90,$745.49,$716.49,$687.50,$658.51,$629.52,$600.53,$571.54,$542.55,$513.56,$484.57,$455.57,$426.58,$397.59,$385.17,$372.74,$360.32,$347.89,$335.47,$323.04,$310.62,$298.19,$285.77,$273.34,$260.92,$248.50,$256.78,$265.06,$273.34,$281.63,$289.91,$422.44,$434.87,$447.29,$459.72,$208.74,$337.95,$496.99,$631.18,$591.42,$591.42
Patriot Viper Elite II 16 GB,DDR4-2666,2 x 8GB,12.003 ns,16,$9.31,Red / Black,0.0,0,$209.76,$211.00,$212.24,$213.48,$214.72,$215.96,$217.20,$218.45,$219.69,$220.93,$222.17,$223.41,$186.18,$178.73,$171.28,$163.83,$156.39,$148.94,$141.49,$134.05,$126.60,$119.15,$111.71,$104.26,$90.61,$91.85,$93.09,$94.33,$95.57,$96.81,$98.05,$99.29,$100.53,$101.78,$103.02,$104.26,$106.74,$109.22,$111.70,$114.19,$116.67,$119.15,$121.63,$124.12,$126.60,$129.08,$131.56,$134.05,$130.32,$126.60,$122.88,$119.15,$115.43,$111.70,$107.98,$104.26,$100.53,$96.81,$93.09,$89.36,$86.88,$84.40,$81.92,$79.43,$76.95,$74.47,$71.99,$69.51,$67.02,$64.54,$62.06,$59.58,$60.82,$62.06,$63.30,$64.54,$65.78,$67.02,$68.26,$69.51,$70.75,$71.99,$73.23,$74.47,$76.95,$79.43,$81.92,$84.40,$86.88,$126.60,$130.32,$134.05,$137.77,$62.55,$101.28,$148.94,$217.45,$238.30,$215.96
Mushkin Redline Lumina 64 GB,DDR4-3200,2 x 32GB,10 ns,16,$8.64,Black,5.0,1,$778.79,$783.40,$788.01,$792.62,$797.23,$801.84,$806.44,$811.05,$815.66,$820.27,$824.88,$829.49,$691.24,$663.59,$635.94,$608.29,$580.64,$552.99,$525.34,$497.69,$470.04,$442.39,$414.74,$387.09,$336.40,$341.01,$345.62,$350.23,$354.84,$359.44,$364.05,$368.66,$373.27,$377.88,$382.48,$387.09,$396.31,$405.53,$414.74,$423.96,$433.18,$442.39,$451.61,$460.82,$470.04,$479.26,$488.47,$497.69,$483.87,$470.04,$456.22,$442.39,$428.57,$414.74,$400.92,$387.09,$373.27,$359.44,$345.62,$331.79,$322.58,$313.36,$304.14,$294.93,$285.71,$276.50,$267.28,$258.06,$248.85,$239.63,$230.41,$221.20,$225.80,$230.41,$235.02,$239.63,$244.24,$248.85,$253.45,$258.06,$262.67,$267.28,$271.89,$276.50,$285.71,$294.93,$304.14,$313.36,$322.58,$470.04,$483.87,$497.69,$511.52,$232.26,$376.03,$552.99,$807.37,$884.78,$801.84
Patriot Viper Steel RGB 64 GB,DDR4-3200,2 x 32GB,11.25 ns,18,$8.44,Black,0.0,0,$760.49,$764.99,$769.49,$773.99,$778.49,$782.99,$787.49,$791.99,$796.49,$800.99,$805.49,$809.99,$674.99,$647.99,$620.99,$593.99,$566.99,$539.99,$512.99,$485.99,$458.99,$431.99,$404.99,$377.99,$328.49,$332.99,$337.49,$341.99,$346.49,$350.99,$355.49,$359.99,$364.49,$368.99,$373.49,$377.99,$386.99,$395.99,$404.99,$413.99,$422.99,$431.99,$440.99,$449.99,$458.99,$467.99,$476.99,$485.99,$472.49,$458.99,$445.49,$431.99,$418.49,$404.99,$391.49,$377.99,$364.49,$350.99,$337.49,$323.99,$314.99,$305.99,$296.99,$287.99,$278.99,$270.00,$261.00,$252.00,$243.00,$234.00,$225.00,$216.00,$220.50,$225.00,$229.50,$234.00,$238.50,$243.00,$247.50,$252.00,$256.50,$261.00,$265.50,$270.00,$278.99,$287.99,$296.99,$305.99,$314.99,$458.99,$472.49,$485.99,$499.49,$226.80,$367.19,$539.99,$788.39,$863.98,$782.99
Lenovo Total Micro 16 GB,DDR4-2666,1 x 16GB,14.254 ns,19,$7.31,Black,0.0,0,$164.76,$165.74,$166.71,$167.69,$168.66,$169.64,$170.61,$171.59,$172.56,$173.54,$174.51,$175.48,$146.24,$140.39,$134.54,$128.69,$122.84,$116.99,$111.14,$105.29,$99.44,$93.59,$87.74,$81.89,$71.17,$72.14,$73.12,$74.09,$75.07,$76.04,$77.02,$77.99,$78.97,$79.94,$80.92,$81.89,$83.84,$85.79,$87.74,$89.69,$91.64,$93.59,$95.54,$97.49,$99.44,$101.39,$103.34,$105.29,$102.37,$99.44,$96.52,$93.59,$90.67,$87.74,$84.82,$81.89,$78.97,$76.04,$73.12,$70.19,$68.24,$66.29,$64.34,$62.39,$60.44,$58.49,$56.55,$54.60,$52.65,$50.70,$48.75,$46.80,$47.77,$48.75,$49.72,$50.70,$51.67,$52.65,$53.62,$54.60,$55.57,$56.55,$57.52,$58.49,$60.44,$62.39,$64.34,$66.29,$68.24,$99.44,$102.37,$105.29,$108.22,$49.14,$79.55,$116.99,$170.81,$187.18,$169.64
Samsung M393A1G40EB1-CPB 8 GB,DDR4-2133,1 x 8GB,14.065 ns,15,$6.24,Green / Black,0.0,0,$70.30,$70.72,$71.14,$71.55,$71.97,$72.38,$72.80,$73.22,$73.63,$74.05,$74.46,$74.88,$62.40,$59.90,$57.41,$54.91,$52.42,$49.92,$47.42,$44.93,$42.43,$39.94,$37.44,$34.94,$30.37,$30.78,$31.20,$31.62,$32.03,$32.45,$32.86,$33.28,$33.70,$34.11,$34.53,$34.94,$35.78,$36.61,$37.44,$38.27,$39.10,$39.94,$40.77,$41.60,$42.43,$43.26,$44.10,$44.93,$43.68,$42.43,$41.18,$39.94,$38.69,$37.44,$36.19,$34.94,$33.70,$32.45,$31.20,$29.95,$29.12,$28.29,$27.46,$26.62,$25.79,$24.96,$24.13,$23.30,$22.46,$21.63,$20.80,$19.97,$20.38,$20.80,$21.22,$21.63,$22.05,$22.46,$22.88,$23.30,$23.71,$24.13,$24.54,$24.96,$25.79,$26.62,$27.46,$28.29,$29.12,$42.43,$43.68,$44.93,$46.18,$20.97,$33.95,$49.92,$72.88,$79.87,$72.38
Kingston KTL-TS421/8G 8 GB,DDR4-2133,1 x 8GB,14.065 ns,15,$6.12,Green,0.0,0,$68.99,$69.40,$69.81,$70.22,$70.63,$71.04,$71.44,$71.85,$72.26,$72.67,$73.08,$73.48,$61.24,$58.79,$56.34,$53.89,$51.44,$48.99,$46.54,$44.09,$41.64,$39.19,$36.74,$34.29,$29.80,$30.21,$30.62,$31.03,$31.44,$31.84,$32.25,$32.66,$33.07,$33.48,$33.88,$34.29,$35.11,$35.93,$36.74,$37.56,$38.38,$39.19,$40.01,$40.82,$41.64,$42.46,$43.27,$44.09,$42.87,$41.64,$40.42,$39.19,$37.97,$36.74,$35.52,$34.29,$33.07,$31.84,$30.62,$29.39,$28.58,$27.76,$26.94,$26.13,$25.31,$24.50,$23.68,$22.86,$22.05,$21.23,$20.41,$19.60,$20.00,$20.41,$20.82,$21.23,$21.64,$22.05,$22.45,$22.86,$23.27,$23.68,$24.09,$24.50,$25.31,$26.13,$26.94,$27.76,$28.58,$41.64,$42.87,$44.09,$45.32,$20.58,$33.31,$48.99,$71.53,$78.38,$71.04
G.Skill Zeta R5 Neo 64 GB,DDR5-6000,4 x 16GB,10 ns,30,,Black,0.0,0,,,,,,,,,,,,,,,,,,,,,,,,,,,,,,,,,,,,,,,,,,,,,,,"$1,574.97","$1,574.97","$1,522.48","$1,469.98","$1,417.48","$1,364.98","$1,312.48","$1,259.98","$1,207.48","$1,154.98","$1,102.48","$1,049.98",$997.48,$944.99,$908.24,$871.49,$834.74,$797.99,$761.24,$724.49,$687.74,$650.99,$614.24,$577.49,$540.74,$503.99,$488.24,$472.49,$456.74,$440.99,$425.24,$409.49,$393.74,$377.99,$362.24,$346.49,$330.74,$315.00,$325.49,$335.99,$346.49,$356.99,$367.49,$535.49,$551.24,$566.99,$582.74,$264.60,$428.39,$629.99,$800.09,$749.69,$749.69
Kingston FURY Renegade Pro 64 GB,DDR5-6000,4 x 16GB,10.667 ns,32,,Black,0.0,0,,,,,,,,,,,,,,,,,,,,,,,,,,,,,,,,,,,,,,,,,,,,,,,"$2,499.97","$2,499.97","$2,416.64","$2,333.31","$2,249.98","$2,166.64","$2,083.31","$1,999.98","$1,916.65","$1,833.32","$1,749.98","$1,666.65","$1,583.32","$1,499.99","$1,441.65","$1,383.32","$1,324.99","$1,266.65","$1,208.32","$1,149.99","$1,091.66","$1,033.32",$974.99,$916.66,$858.32,$799.99,$774.99,$749.99,$724.99,$699.99,$674.99,$649.99,$624.99,$599.99,$574.99,$549.99,$524.99,$500.00,$516.66,$533.33,$549.99,$566.66,$583.33,$849.99,$874.99,$899.99,$924.99,$420.00,$679.99,$999.99,"$1,269.99","$1,189.99","$1,189.99"
G.Skill Ripjaws M5 RGB 64 GB,DDR5-6000,2 x 32GB,10.667 ns,32,$13.75,Black,0.0,0,,,,,,,,,,,,,,,,,,,,,,,,,,,,,,,,,,,,,,,,,,,,,,,"$2,199.97","$2,199.97","$2,126.64","$2,053.31","$1,979.98","$1,906.64","$1,833.31","$1,759.98","$1,686.65","$1,613.32","$1,539.98","$1,466.65","$1,393.32","$1,319.99","$1,268.65","$1,217.32","$1,165.99","$1,114.65","$1,063.32","$1,011.99",$960.66,$909.32,$857.99,$806.66,$755.32,$703.99,$681.99,$659.99,$637.99,$615.99,$593.99,$571.99,$549.99,$527.99,$505.99,$483.99,$461.99,$440.00,$454.66,$469.33,$483.99,$498.66,$513.33,$747.99,$769.99,$791.99,$813.99,$369.60,$598.39,$879.99,"$1,117.59","$1,047.19","$1,047.19"
Corsair ValueSelect 16 GB,DDR4-2133,2 x 8GB,14.065 ns,15,$5.75,Black / Yellow,0.0,0,$129.55,$130.32,$131.09,$131.85,$132.62,$133.39,$134.15,$134.92,$135.69,$136.45,$137.22,$137.98,$114.99,$110.39,$105.79,$101.19,$96.59,$91.99,$87.39,$82.79,$78.19,$73.59,$68.99,$64.39,$55.96,$56.73,$57.49,$58.26,$59.03,$59.79,$60.56,$61.33,$62.09,$62.86,$63.63,$64.39,$65.93,$67.46,$68.99,$70.53,$72.06,$73.59,$75.13,$76.66,$78.19,$79.72,$81.26,$82.79,$80.49,$78.19,$75.89,$73.59,$71.29,$68.99,$66.69,$64.39,$62.09,$59.79,$57.49,$55.19,$53.66,$52.13,$50.59,$49.06,$47.53,$45.99,$44.46,$42.93,$41.40,$39.86,$38.33,$36.80,$37.56,$38.33,$39.10,$39.86,$40.63,$41.40,$42.16,$42.93,$43.70,$44.46,$45.23,$45.99,$47.53,$49.06,$50.59,$52.13,$53.66,$78.19,$80.49,$82.79,$85.09,$38.64,$62.55,$91.99,$134.31,$147.18,$133.39
G.Skill Ripjaws S5 96 GB,DDR5-5600,2 x 48GB,14.286 ns,40,$10.42,Black,0.0,0,,,,,,,,,,,,,,,,,,,,,,,,,,,,,,,,,,,,,,,,,,,,,,,"$2,499.97","$2,499.97","$2,416.64","$2,333.31","$2,249.98","$2,166.64","$2,083.31","$1,999.98","$1,916.65","$1,833.32","$1,749.98","$1,666.65","$1,583.32","$1,499.99","$1,441.65","$1,383.32","$1,324.99","$1,266.65","$1,208.32","$1,149.99","$1,091.66","$1,033.32",$974.99,$916.66,$858.32,$799.99,$774.99,$749.99,$724.99,$699.99,$674.99,$649.99,$624.99,$599.99,$574.99,$549.99,$524.99,$500.00,$516.66,$533.33,$549.99,$566.66,$583.33,$849.99,$874.99,$899.99,$924.99,$420.00,$679.99,$999.99,"$1,269.99","$1,189.99","$1,189.99"
Kingston FURY Renegade Pro 256 GB,DDR5-6000,8 x 32GB,10.667 ns,32,,Black,0.0,0,,,,,,,,,,,,,,,,,,,,,,,,,,,,,,,,,,,,,,,,,,,,,,,"$6,249.97","$6,249.97","$6,041.64","$5,833.31","$5,624.98","$5,416.64","$5,208.31","$4,999.98","$4,791.65","$4,583.31","$4,374.98","$4,166.65","$3,958.32","$3,749.98","$3,604.15","$3,458.32","$3,312.49","$3,166.65","$3,020.82","$2,874.99","$2,729.16","$2,583.32","$2,437.49","$2,291.66","$2,145.82","$1,999.99","$1,937.49","$1,874.99","$1,812.49","$1,749.99","$1,687.49","$1,624.99","$1,562.49","$1,499.99","$1,437.49","$1,374.99","$1,312.49","$1,249.99","$1,291.66","$1,333.33","$1,374.99","$1,416.66","$1,458.33","$2,124.99","$2,187.49","$2,249.99","$2,312.49","$1,050.00","$1,699.99","$2,499.99","$3,174.99","$2,974.99","$2,974.99"
Patriot Viper 4 32 GB,DDR4-2666,4 x 8GB,11.253 ns,15,$6.31,Black / Red,0.0,0,$284.23,$285.91,$287.59,$289.28,$290.96,$292.64,$294.32,$296.00,$297.68,$299.37,$301.05,$302.73,$252.27,$242.18,$232.09,$222.00,$211.91,$201.82,$191.73,$181.64,$171.55,$161.46,$151.37,$141.27,$122.77,$124.46,$126.14,$127.82,$129.50,$131.18,$132.86,$134.55,$136.23,$137.91,$139.59,$141.27,$144.64,$148.00,$151.37,$154.73,$158.09,$161.46,$164.82,$168.18,$171.55,$174.91,$178.27,$181.64,$176.59,$171.55,$166.50,$161.46,$156.41,$151.37,$146.32,$141.27,$136.23,$131.18,$126.14,$121.09,$117.73,$114.36,$111.00,$107.64,$104.27,$100.91,$97.55,$94.18,$90.82,$87.46,$84.09,$80.73,$82.41,$84.09,$85.77,$87.46,$89.14,$90.82,$92.50,$94.18,$95.86,$97.55,$99.23,$100.91,$104.27,$107.64,$111.00,$114.36,$117.73,$171.55,$176.59,$181.64,$186.68,$84.76,$137.24,$201.82,$294.66,$322.91,$292.64
Patriot Viper Venom RGB 32 GB,DDR5-7400,2 x 16GB,10.811 ns,40,$23.14,Black / White,0.0,0,,,,,,,,,,,,,,,,,,,,,,,,,,,,,,,,,,,,,,,,,,,,,,,"$1,851.25","$1,851.25","$1,789.54","$1,727.83","$1,666.12","$1,604.42","$1,542.71","$1,481.00","$1,419.29","$1,357.58","$1,295.88","$1,234.17","$1,172.46","$1,110.75","$1,067.55","$1,024.36",$981.16,$937.97,$894.77,$851.57,$808.38,$765.18,$721.99,$678.79,$635.60,$592.40,$573.89,$555.38,$536.86,$518.35,$499.84,$481.32,$462.81,$444.30,$425.79,$407.28,$388.76,$370.25,$382.59,$394.93,$407.28,$419.62,$431.96,$629.42,$647.94,$666.45,$684.96,$311.01,$503.54,$740.50,$940.44,$881.19,$881.19
TEAMGROUP Elite 8 GB,DDR4-3200,1 x 8GB,13.75 ns,22,$7.75,Black,0.0,0,$87.30,$87.82,$88.34,$88.85,$89.37,$89.89,$90.40,$90.92,$91.44,$91.95,$92.47,$92.98,$77.49,$74.39,$71.29,$68.19,$65.09,$61.99,$58.89,$55.79,$52.69,$49.59,$46.49,$43.39,$37.71,$38.23,$38.74,$39.26,$39.78,$40.29,$40.81,$41.33,$41.84,$42.36,$42.88,$43.39,$44.43,$45.46,$46.49,$47.53,$48.56,$49.59,$50.63,$51.66,$52.69,$53.72,$54.76,$55.79,$54.24,$52.69,$51.14,$49.59,$48.04,$46.49,$44.94,$43.39,$41.84,$40.29,$38.74,$37.19,$36.16,$35.13,$34.09,$33.06,$32.03,$31.00,$29.96,$28.93,$27.90,$26.86,$25.83,$24.80,$25.31,$25.83,$26.35,$26.86,$27.38,$27.90,$28.41,$28.93,$29.45,$29.96,$30.48,$31.00,$32.03,$33.06,$34.09,$35.13,$36.16,$52.69,$54.24,$55.79,$57.34,$26.04,$42.15,$61.99,$90.51,$99.18,$89.89
Corsair Vengeance Performance 8 GB,DDR4-2666,1 x 8GB,13.503 ns,18,$6.87,Black / Yellow,0.0,0,$77.43,$77.89,$78.35,$78.80,$79.26,$79.72,$80.18,$80.64,$81.10,$81.55,$82.01,$82.47,$68.72,$65.98,$63.23,$60.48,$57.73,$54.98,$52.23,$49.48,$46.73,$43.98,$41.24,$38.49,$33.45,$33.90,$34.36,$34.82,$35.28,$35.74,$36.20,$36.65,$37.11,$37.57,$38.03,$38.49,$39.40,$40.32,$41.23,$42.15,$43.07,$43.98,$44.90,$45.82,$46.73,$47.65,$48.57,$49.48,$48.11,$46.73,$45.36,$43.98,$42.61,$41.23,$39.86,$38.49,$37.11,$35.74,$34.36,$32.99,$32.07,$31.16,$30.24,$29.32,$28.41,$27.49,$26.57,$25.66,$24.74,$23.82,$22.91,$21.99,$22.45,$22.91,$23.37,$23.82,$24.28,$24.74,$25.20,$25.66,$26.12,$26.57,$27.03,$27.49,$28.41,$29.32,$30.24,$31.16,$32.07,$46.73,$48.11,$49.48,$50.86,$23.09,$37.39,$54.98,$80.27,$87.97,$79.72
Kingston FURY Impact 32 GB,DDR4-3200,1 x 32GB,12.5 ns,20,$6.91,Black,0.0,0,$311.40,$313.24,$315.08,$316.92,$318.77,$320.61,$322.45,$324.29,$326.14,$327.98,$329.82,$331.67,$276.39,$265.33,$254.28,$243.22,$232.17,$221.11,$210.05,$199.00,$187.94,$176.89,$165.83,$154.78,$134.51,$136.35,$138.19,$140.04,$141.88,$143.72,$145.56,$147.41,$149.25,$151.09,$152.93,$154.78,$158.46,$162.15,$165.83,$169.52,$173.20,$176.89,$180.57,$184.26,$187.94,$191.63,$195.31,$199.00,$193.47,$187.94,$182.42,$176.89,$171.36,$165.83,$160.30,$154.78,$149.25,$143.72,$138.19,$132.67,$128.98,$125.30,$121.61,$117.93,$114.24,$110.56,$106.87,$103.18,$99.50,$95.81,$92.13,$88.44,$90.29,$92.13,$93.97,$95.81,$97.66,$99.50,$101.34,$103.18,$105.03,$106.87,$108.71,$110.56,$114.24,$117.93,$121.61,$125.30,$128.98,$187.94,$193.47,$199.00,$204.53,$92.87,$150.35,$221.11,$322.82,$353.78,$320.61
Corsair Vengeance Performance 16 GB,DDR4-2666,1 x 16GB,13.503 ns,18,$5.37,Black / Yellow,0.0,0,$121.10,$121.82,$122.54,$123.25,$123.97,$124.69,$125.40,$126.12,$126.84,$127.55,$128.27,$128.98,$107.49,$103.19,$98.89,$94.59,$90.29,$85.99,$81.69,$77.39,$73.09,$68.79,$64.49,$60.19,$52.31,$53.03,$53.74,$54.46,$55.18,$55.89,$56.61,$57.33,$58.04,$58.76,$59.48,$60.19,$61.63,$63.06,$64.49,$65.93,$67.36,$68.79,$70.23,$71.66,$73.09,$74.52,$75.96,$77.39,$75.24,$73.09,$70.94,$68.79,$66.64,$64.49,$62.34,$60.19,$58.04,$55.89,$53.74,$51.59,$50.16,$48.73,$47.29,$45.86,$44.43,$42.99,$41.56,$40.13,$38.70,$37.26,$35.83,$34.40,$35.11,$35.83,$36.55,$37.26,$37.98,$38.70,$39.41,$40.13,$40.85,$41.56,$42.28,$42.99,$44.43,$45.86,$47.29,$48.73,$50.16,$73.09,$75.24,$77.39,$79.54,$36.12,$58.47,$85.99,$125.55,$137.58,$124.69
G.Skill Aegis 16 GB,DDR4-2133,4 x 4GB,14.065 ns,15,$6.67,Black / Red,0.0,0,$150.33,$151.21,$152.10,$152.99,$153.88,$154.77,$155.66,$156.55,$157.44,$158.33,$159.22,$160.11,$133.42,$128.09,$122.75,$117.41,$112.08,$106.74,$101.40,$96.07,$90.73,$85.39,$80.06,$74.72,$64.93,$65.82,$66.71,$67.60,$68.49,$69.38,$70.27,$71.16,$72.05,$72.94,$73.83,$74.72,$76.50,$78.28,$80.05,$81.83,$83.61,$85.39,$87.17,$88.95,$90.73,$92.51,$94.29,$96.07,$93.40,$90.73,$88.06,$85.39,$82.72,$80.05,$77.39,$74.72,$72.05,$69.38,$66.71,$64.04,$62.26,$60.49,$58.71,$56.93,$55.15,$53.37,$51.59,$49.81,$48.03,$46.25,$44.47,$42.70,$43.59,$44.48,$45.36,$46.25,$47.14,$48.03,$48.92,$49.81,$50.70,$51.59,$52.48,$53.37,$55.15,$56.93,$58.71,$60.49,$62.27,$90.73,$93.40,$96.07,$98.73,$44.83,$72.58,$106.74,$155.84,$170.78,$154.77
Corsair Vengeance LED 32 GB,DDR4-3000,2 x 16GB,10.667 ns,16,$11.13,Black / White,0.0,0,$501.39,$504.36,$507.33,$510.30,$513.26,$516.23,$519.20,$522.16,$525.13,$528.10,$531.06,$534.03,$445.02,$427.22,$409.42,$391.62,$373.82,$356.02,$338.22,$320.42,$302.62,$284.82,$267.02,$249.21,$216.58,$219.55,$222.51,$225.48,$228.45,$231.41,$234.38,$237.35,$240.31,$243.28,$246.25,$249.21,$255.15,$261.08,$267.01,$272.95,$278.88,$284.82,$290.75,$296.68,$302.62,$308.55,$314.48,$320.42,$311.52,$302.62,$293.72,$284.82,$275.92,$267.01,$258.11,$249.21,$240.31,$231.41,$222.51,$213.61,$207.68,$201.74,$195.81,$189.88,$183.94,$178.01,$172.08,$166.14,$160.21,$154.28,$148.34,$142.41,$145.37,$148.34,$151.31,$154.28,$157.24,$160.21,$163.18,$166.14,$169.11,$172.08,$175.04,$178.01,$183.94,$189.88,$195.81,$201.74,$207.68,$302.62,$311.52,$320.42,$329.32,$149.53,$242.09,$356.02,$519.79,$569.63,$516.23
G.Skill Trident Z 16 GB,DDR4-4133,2 x 8GB,9.194 ns,19,$9.31,Silver / Red,0.0,0,$209.84,$211.08,$212.32,$213.57,$214.81,$216.05,$217.29,$218.53,$219.77,$221.02,$222.26,$223.50,$186.25,$178.80,$171.35,$163.90,$156.45,$149.00,$141.55,$134.10,$126.65,$119.20,$111.75,$104.30,$90.64,$91.88,$93.12,$94.37,$95.61,$96.85,$98.09,$99.33,$100.58,$101.82,$103.06,$104.30,$106.78,$109.27,$111.75,$114.23,$116.72,$119.20,$121.68,$124.17,$126.65,$129.13,$131.62,$134.10,$130.38,$126.65,$122.93,$119.20,$115.48,$111.75,$108.02,$104.30,$100.58,$96.85,$93.12,$89.40,$86.92,$84.43,$81.95,$79.47,$76.98,$74.50,$72.02,$69.53,$67.05,$64.57,$62.08,$59.60,$60.84,$62.08,$63.33,$64.57,$65.81,$67.05,$68.29,$69.53,$70.78,$72.02,$73.26,$74.50,$76.98,$79.47,$81.95,$84.43,$86.92,$126.65,$130.38,$134.10,$137.82,$62.58,$101.32,$149.00,$217.54,$238.40,$216.05
Kingston FURY Renegade Pro 32 GB,DDR5-6000,1 x 32GB,10.667 ns,32,,Black,0.0,0,,,,,,,,,,,,,,,,,,,,,,,,,,,,,,,,,,,,,,,,,,,,,,,"$1,499.97","$1,499.97","$1,449.98","$1,399.98","$1,349.98","$1,299.98","$1,249.98","$1,199.98","$1,149.98","$1,099.98","$1,049.98",$999.98,$949.98,$899.99,$864.99,$829.99,$794.99,$759.99,$724.99,$689.99,$654.99,$619.99,$584.99,$549.99,$514.99,$479.99,$464.99,$449.99,$434.99,$419.99,$404.99,$389.99,$374.99,$359.99,$344.99,$329.99,$314.99,$300.00,$309.99,$319.99,$329.99,$339.99,$349.99,$509.99,$524.99,$539.99,$554.99,$252.00,$407.99,$599.99,$761.99,$713.99,$713.99
G.Skill Ripjaws 32 GB,DDR5-4800,2 x 16GB,16.667 ns,40,$11.56,Black / Silver,0.0,0,,,,,,,,,,,,,,,,,,,,,,,,,,,,,,,,,,,,,,,,,,,,,,,$924.98,$924.98,$894.14,$863.31,$832.48,$801.64,$770.81,$739.98,$709.15,$678.32,$647.48,$616.65,$585.82,$554.99,$533.40,$511.82,$490.24,$468.65,$447.07,$425.49,$403.91,$382.32,$360.74,$339.16,$317.57,$295.99,$286.74,$277.49,$268.24,$258.99,$249.74,$240.49,$231.24,$221.99,$212.74,$203.49,$194.24,$185.00,$191.16,$197.33,$203.49,$209.66,$215.83,$314.49,$323.74,$332.99,$342.24,$155.40,$251.59,$369.99,$469.89,$440.29,$440.29
Crucial CT2K8G4SFS832A 16 GB,DDR4-3200,2 x 8GB,13.75 ns,22,$6.67,Green / Black,0.0,0,$150.37,$151.26,$152.15,$153.04,$153.93,$154.82,$155.71,$156.60,$157.49,$158.38,$159.27,$160.16,$133.46,$128.12,$122.79,$117.45,$112.11,$106.77,$101.43,$96.09,$90.75,$85.42,$80.08,$74.74,$64.95,$65.84,$66.73,$67.62,$68.51,$69.40,$70.29,$71.18,$72.07,$72.96,$73.85,$74.74,$76.52,$78.30,$80.08,$81.86,$83.64,$85.42,$87.20,$88.97,$90.75,$92.53,$94.31,$96.09,$93.42,$90.75,$88.09,$85.42,$82.75,$80.08,$77.41,$74.74,$72.07,$69.40,$66.73,$64.06,$62.28,$60.50,$58.72,$56.94,$55.16,$53.38,$51.61,$49.83,$48.05,$46.27,$44.49,$42.71,$43.60,$44.49,$45.38,$46.27,$47.16,$48.05,$48.94,$49.83,$50.72,$51.61,$52.50,$53.38,$55.16,$56.94,$58.72,$60.50,$62.28,$90.75,$93.42,$96.09,$98.76,$44.84,$72.60,$106.77,$155.88,$170.83,$154.82
Patriot Viper Elite 5 Ultra RGB 96 GB,DDR5-6400,2 x 48GB,10 ns,32,$12.40,Black,0.0,0,,,,,,,,,,,,,,,,,,,,,,,,,,,,,,,,,,,,,,,,,,,,,,,"$2,974.97","$2,974.97","$2,875.81","$2,776.64","$2,677.48","$2,578.31","$2,479.15","$2,379.98","$2,280.81","$2,181.65","$2,082.48","$1,983.32","$1,884.15","$1,784.99","$1,715.57","$1,646.15","$1,576.74","$1,507.32","$1,437.90","$1,368.49","$1,299.07","$1,229.66","$1,160.24","$1,090.82","$1,021.41",$951.99,$922.24,$892.49,$862.74,$832.99,$803.24,$773.49,$743.74,$713.99,$684.24,$654.49,$624.74,$595.00,$614.83,$634.66,$654.49,$674.33,$694.16,"$1,011.49","$1,041.24","$1,070.99","$1,100.74",$499.80,$809.19,"$1,189.99","$1,511.29","$1,416.09","$1,416.09"
Kingston Savage 16 GB,DDR4-3000,2 x 8GB,10 ns,15,$24.31,Black,4.5,2,$547.84,$551.08,$554.32,$557.57,$560.81,$564.05,$567.29,$570.53,$573.77,$577.02,$580.26,$583.50,$486.25,$466.80,$447.35,$427.90,$408.45,$389.00,$369.55,$350.10,$330.65,$311.20,$291.75,$272.30,$236.64,$239.88,$243.12,$246.37,$249.61,$252.85,$256.09,$259.33,$262.58,$265.82,$269.06,$272.30,$278.78,$285.27,$291.75,$298.23,$304.72,$311.20,$317.68,$324.17,$330.65,$337.13,$343.62,$350.10,$340.38,$330.65,$320.93,$311.20,$301.48,$291.75,$282.02,$272.30,$262.58,$252.85,$243.12,$233.40,$226.92,$220.43,$213.95,$207.47,$200.98,$194.50,$188.02,$181.53,$175.05,$168.57,$162.08,$155.60,$158.84,$162.08,$165.33,$168.57,$171.81,$175.05,$178.29,$181.53,$184.78,$188.02,$191.26,$194.50,$200.98,$207.47,$213.95,$220.43,$226.92,$330.65,$340.38,$350.10,$359.82,$163.38,$264.52,$389.00,$567.94,$622.40,$564.05
Patriot Viper Elite 5 RGB 48 GB,DDR5-6000,2 x 24GB,14 ns,42,$16.27,White,0.0,0,,,,,,,,,,,,,,,,,,,,,,,,,,,,,,,,,,,,,,,,,,,,,,,"$1,952.55","$1,952.55","$1,887.46","$1,822.38","$1,757.30","$1,692.21","$1,627.12","$1,562.04","$1,496.95","$1,431.87","$1,366.78","$1,301.70","$1,236.62","$1,171.53","$1,125.97","$1,080.41","$1,034.85",$989.29,$943.73,$898.17,$852.61,$807.05,$761.49,$715.93,$670.38,$624.82,$605.29,$585.76,$566.24,$546.71,$527.19,$507.66,$488.14,$468.61,$449.09,$429.56,$410.04,$390.51,$403.53,$416.54,$429.56,$442.58,$455.60,$663.87,$683.39,$702.92,$722.44,$328.03,$531.09,$781.02,$991.90,$929.41,$929.41
G.Skill Ripjaws M5 RGB 64 GB,DDR5-6000,2 x 32GB,10.667 ns,32,$13.75,White,0.0,0,,,,,,,,,,,,,,,,,,,,,,,,,,,,,,,,,,,,,,,,,,,,,,,"$2,199.97","$2,199.97","$2,126.64","$2,053.31","$1,979.98","$1,906.64","$1,833.31","$1,759.98","$1,686.65","$1,613.32","$1,539.98","$1,466.65","$1,393.32","$1,319.99","$1,268.65","$1,217.32","$1,165.99","$1,114.65","$1,063.32","$1,011.99",$960.66,$909.32,$857.99,$806.66,$755.32,$703.99,$681.99,$659.99,$637.99,$615.99,$593.99,$571.99,$549.99,$527.99,$505.99,$483.99,$461.99,$440.00,$454.66,$469.33,$483.99,$498.66,$513.33,$747.99,$769.99,$791.99,$813.99,$369.60,$598.39,$879.99,"$1,117.59","$1,047.19","$1,047.19"
Crucial CT16G4XFD8266 16 GB,DDR4-2666,1 x 16GB,14.254 ns,19,$6.80,Green / Black,0.0,0,$153.21,$154.12,$155.03,$155.93,$156.84,$157.75,$158.65,$159.56,$160.47,$161.37,$162.28,$163.19,$135.99,$130.55,$125.11,$119.67,$114.23,$108.79,$103.35,$97.91,$92.47,$87.03,$81.59,$76.15,$66.18,$67.09,$67.99,$68.90,$69.81,$70.71,$71.62,$72.53,$73.43,$74.34,$75.25,$76.15,$77.97,$79.78,$81.59,$83.41,$85.22,$87.03,$88.85,$90.66,$92.47,$94.28,$96.10,$97.91,$95.19,$92.47,$89.75,$87.03,$84.31,$81.59,$78.87,$76.15,$73.43,$70.71,$67.99,$65.27,$63.46,$61.65,$59.83,$58.02,$56.21,$54.40,$52.58,$50.77,$48.96,$47.14,$45.33,$43.52,$44.42,$45.33,$46.24,$47.14,$48.05,$48.96,$49.86,$50.77,$51.68,$52.58,$53.49,$54.40,$56.21,$58.02,$59.83,$61.65,$63.46,$92.47,$95.19,$97.91,$100.63,$45.69,$73.98,$108.79,$158.83,$174.06,$157.75
Thermaltake TOUGHRAM XG RGB 16 GB,DDR4-4000,2 x 8GB,9.5 ns,19,$10.94,White / Silver,0.0,0,$246.43,$247.89,$249.35,$250.80,$252.26,$253.72,$255.18,$256.64,$258.10,$259.55,$261.01,$262.47,$218.72,$209.98,$201.23,$192.48,$183.73,$174.98,$166.23,$157.48,$148.73,$139.98,$131.24,$122.49,$106.45,$107.90,$109.36,$110.82,$112.28,$113.74,$115.20,$116.65,$118.11,$119.57,$121.03,$122.49,$125.40,$128.32,$131.23,$134.15,$137.07,$139.98,$142.90,$145.82,$148.73,$151.65,$154.57,$157.48,$153.11,$148.73,$144.36,$139.98,$135.61,$131.23,$126.86,$122.49,$118.11,$113.74,$109.36,$104.99,$102.07,$99.16,$96.24,$93.32,$90.41,$87.49,$84.57,$81.66,$78.74,$75.82,$72.91,$69.99,$71.45,$72.91,$74.37,$75.82,$77.28,$78.74,$80.20,$81.66,$83.12,$84.57,$86.03,$87.49,$90.41,$93.32,$96.24,$99.16,$102.07,$148.73,$153.11,$157.48,$161.86,$73.49,$118.99,$174.98,$255.47,$279.97,$253.72
G.Skill Sniper X 32 GB,DDR4-3600,4 x 8GB,10.556 ns,19,$6.19,Silver / Camo,0.0,0,$278.85,$280.50,$282.15,$283.80,$285.45,$287.10,$288.75,$290.40,$292.05,$293.70,$295.35,$297.00,$247.50,$237.60,$227.70,$217.80,$207.90,$198.00,$188.10,$178.20,$168.30,$158.40,$148.50,$138.60,$120.45,$122.10,$123.75,$125.40,$127.05,$128.70,$130.35,$132.00,$133.65,$135.30,$136.95,$138.60,$141.90,$145.20,$148.50,$151.80,$155.10,$158.40,$161.70,$165.00,$168.30,$171.60,$174.90,$178.20,$173.25,$168.30,$163.35,$158.40,$153.45,$148.50,$143.55,$138.60,$133.65,$128.70,$123.75,$118.80,$115.50,$112.20,$108.90,$105.60,$102.30,$99.00,$95.70,$92.40,$89.10,$85.80,$82.50,$79.20,$80.85,$82.50,$84.15,$85.80,$87.45,$89.10,$90.75,$92.40,$94.05,$95.70,$97.35,$99.00,$102.30,$105.60,$108.90,$112.20,$115.50,$168.30,$173.25,$178.20,$183.15,$83.16,$134.64,$198.00,$289.08,$316.80,$287.10
Silicon Power SP032GBSVU480F22 32 GB,DDR5-4800,2 x 16GB,16.667 ns,40,$11.00,Black,0.0,0,,,,,,,,,,,,,,,,,,,,,,,,,,,,,,,,,,,,,,,,,,,,,,,$879.93,$879.93,$850.59,$821.26,$791.93,$762.60,$733.27,$703.94,$674.61,$645.28,$615.95,$586.62,$557.29,$527.96,$507.42,$486.89,$466.36,$445.83,$425.30,$404.77,$384.23,$363.70,$343.17,$322.64,$302.11,$281.58,$272.78,$263.98,$255.18,$246.38,$237.58,$228.78,$219.98,$211.18,$202.38,$193.58,$184.78,$175.99,$181.85,$187.72,$193.58,$199.45,$205.32,$299.17,$307.97,$316.77,$325.57,$147.83,$239.34,$351.97,$447.00,$418.84,$418.84
Kingston KTH-PL421/16G 16 GB,DDR4-2133,1 x 16GB,14.065 ns,15,$4.94,Green,0.0,0,$111.23,$111.89,$112.55,$113.20,$113.86,$114.52,$115.18,$115.84,$116.50,$117.15,$117.81,$118.47,$98.73,$94.78,$90.83,$86.88,$82.93,$78.98,$75.03,$71.08,$67.13,$63.18,$59.24,$55.29,$48.05,$48.70,$49.36,$50.02,$50.68,$51.34,$52.00,$52.65,$53.31,$53.97,$54.63,$55.29,$56.60,$57.92,$59.23,$60.55,$61.87,$63.18,$64.50,$65.82,$67.13,$68.45,$69.77,$71.08,$69.11,$67.13,$65.16,$63.18,$61.21,$59.23,$57.26,$55.29,$53.31,$51.34,$49.36,$47.39,$46.07,$44.76,$43.44,$42.12,$40.81,$39.49,$38.17,$36.86,$35.54,$34.22,$32.91,$31.59,$32.25,$32.91,$33.57,$34.22,$34.88,$35.54,$36.20,$36.86,$37.52,$38.17,$38.83,$39.49,$40.81,$42.12,$43.44,$44.76,$46.07,$67.13,$69.11,$71.08,$73.06,$33.17,$53.71,$78.98,$115.31,$126.37,$114.52
G.Skill Ripjaws M5 RGB 32 GB,DDR5-6800,2 x 16GB,10 ns,34,$15.63,Black,0.0,0,,,,,,,,,,,,,,,,,,,,,,,,,,,,,,,,,,,,,,,,,,,,,,,"$1,249.97","$1,249.97","$1,208.31","$1,166.64","$1,124.98","$1,083.31","$1,041.65",$999.98,$958.31,$916.65,$874.98,$833.32,$791.65,$749.99,$720.82,$691.65,$662.49,$633.32,$604.15,$574.99,$545.82,$516.66,$487.49,$458.32,$429.16,$399.99,$387.49,$374.99,$362.49,$349.99,$337.49,$324.99,$312.49,$299.99,$287.49,$274.99,$262.49,$250.00,$258.33,$266.66,$274.99,$283.33,$291.66,$424.99,$437.49,$449.99,$462.49,$210.00,$339.99,$499.99,$634.99,$594.99,$594.99
Corsair ValueSelect 16 GB,DDR4-2133,1 x 16GB,14.065 ns,15,$5.37,Black,0.0,0,$121.10,$121.82,$122.54,$123.25,$123.97,$124.69,$125.40,$126.12,$126.84,$127.55,$128.27,$128.98,$107.49,$103.19,$98.89,$94.59,$90.29,$85.99,$81.69,$77.39,$73.09,$68.79,$64.49,$60.19,$52.31,$53.03,$53.74,$54.46,$55.18,$55.89,$56.61,$57.33,$58.04,$58.76,$59.48,$60.19,$61.63,$63.06,$64.49,$65.93,$67.36,$68.79,$70.23,$71.66,$73.09,$74.52,$75.96,$77.39,$75.24,$73.09,$70.94,$68.79,$66.64,$64.49,$62.34,$60.19,$58.04,$55.89,$53.74,$51.59,$50.16,$48.73,$47.29,$45.86,$44.43,$42.99,$41.56,$40.13,$38.70,$37.26,$35.83,$34.40,$35.11,$35.83,$36.55,$37.26,$37.98,$38.70,$39.41,$40.13,$40.85,$41.56,$42.28,$42.99,$44.43,$45.86,$47.29,$48.73,$50.16,$73.09,$75.24,$77.39,$79.54,$36.12,$58.47,$85.99,$125.55,$137.58,$124.69
Mushkin Redline 16 GB,DDR4-4133,2 x 8GB,9.194 ns,19,$10.62,White,0.0,0,$239.40,$240.82,$242.24,$243.65,$245.07,$246.49,$247.90,$249.32,$250.74,$252.15,$253.57,$254.99,$212.49,$203.99,$195.49,$186.99,$178.49,$169.99,$161.49,$152.99,$144.49,$135.99,$127.49,$118.99,$103.41,$104.83,$106.24,$107.66,$109.08,$110.49,$111.91,$113.33,$114.74,$116.16,$117.58,$118.99,$121.83,$124.66,$127.49,$130.33,$133.16,$135.99,$138.83,$141.66,$144.49,$147.32,$150.16,$152.99,$148.74,$144.49,$140.24,$135.99,$131.74,$127.49,$123.24,$118.99,$114.74,$110.49,$106.24,$101.99,$99.16,$96.33,$93.49,$90.66,$87.83,$85.00,$82.16,$79.33,$76.50,$73.66,$70.83,$68.00,$69.41,$70.83,$72.25,$73.66,$75.08,$76.50,$77.91,$79.33,$80.75,$82.16,$83.58,$85.00,$87.83,$90.66,$93.49,$96.33,$99.16,$144.49,$148.74,$152.99,$157.24,$71.40,$115.59,$169.99,$248.19,$271.98,$246.49
G.Skill Zeta R5 128 GB,DDR5-6000,8 x 16GB,10 ns,30,,Black / White,0.0,0,,,,,,,,,,,,,,,,,,,,,,,,,,,,,,,,,,,,,,,,,,,,,,,"$2,999.97","$2,999.97","$2,899.98","$2,799.98","$2,699.98","$2,599.98","$2,499.98","$2,399.98","$2,299.98","$2,199.98","$2,099.98","$1,999.98","$1,899.98","$1,799.99","$1,729.99","$1,659.99","$1,589.99","$1,519.99","$1,449.99","$1,379.99","$1,309.99","$1,239.99","$1,169.99","$1,099.99","$1,029.99",$959.99,$929.99,$899.99,$869.99,$839.99,$809.99,$779.99,$749.99,$719.99,$689.99,$659.99,$629.99,$600.00,$619.99,$639.99,$659.99,$679.99,$699.99,"$1,019.99","$1,049.99","$1,079.99","$1,109.99",$504.00,$815.99,"$1,199.99","$1,523.99","$1,427.99","$1,427.99"
PNY Anarchy 4 GB,DDR4-2133,1 x 4GB,14.065 ns,15,,Black / Red,0.0,0,$42.24,$42.49,$42.74,$42.99,$43.24,$43.49,$43.74,$43.99,$44.24,$44.49,$44.74,$44.98,$37.49,$35.99,$34.49,$32.99,$31.49,$29.99,$28.49,$26.99,$25.49,$23.99,$22.49,$20.99,$18.24,$18.49,$18.74,$18.99,$19.24,$19.49,$19.74,$19.99,$20.24,$20.49,$20.74,$20.99,$21.49,$21.99,$22.49,$22.99,$23.49,$23.99,$24.49,$24.99,$25.49,$25.99,$26.49,$26.99,$26.24,$25.49,$24.74,$23.99,$23.24,$22.49,$21.74,$20.99,$20.24,$19.49,$18.74,$17.99,$17.49,$16.99,$16.49,$15.99,$15.49,$14.99,$14.50,$14.00,$13.50,$13.00,$12.50,$12.00,$12.25,$12.50,$12.75,$13.00,$13.25,$13.50,$13.75,$14.00,$14.25,$14.50,$14.75,$14.99,$15.49,$15.99,$16.49,$16.99,$17.49,$25.49,$26.24,$26.99,$27.74,$12.60,$20.39,$29.99,$43.79,$47.98,$43.49
Samsung M393A2K40CB2-CVF 16 GB,DDR4-2933,1 x 16GB,14.32 ns,21,,Green / Black,0.0,0,$140.82,$141.65,$142.49,$143.32,$144.15,$144.99,$145.82,$146.65,$147.49,$148.32,$149.15,$149.98,$124.99,$119.99,$114.99,$109.99,$104.99,$99.99,$94.99,$89.99,$84.99,$79.99,$74.99,$69.99,$60.83,$61.66,$62.49,$63.33,$64.16,$64.99,$65.83,$66.66,$67.49,$68.33,$69.16,$69.99,$71.66,$73.33,$74.99,$76.66,$78.33,$79.99,$81.66,$83.32,$84.99,$86.66,$88.32,$89.99,$87.49,$84.99,$82.49,$79.99,$77.49,$74.99,$72.49,$69.99,$67.49,$64.99,$62.49,$59.99,$58.33,$56.66,$54.99,$53.33,$51.66,$49.99,$48.33,$46.66,$45.00,$43.33,$41.66,$40.00,$40.83,$41.66,$42.50,$43.33,$44.16,$45.00,$45.83,$46.66,$47.50,$48.33,$49.16,$49.99,$51.66,$53.33,$54.99,$56.66,$58.33,$84.99,$87.49,$89.99,$92.49,$42.00,$67.99,$99.99,$145.99,$159.98,$144.99
Silicon Power XPOWER Zenith Gaming 32 GB,DDR5-6000,2 x 16GB,12 ns,36,$13.94,Black,0.0,0,,,,,,,,,,,,,,,,,,,,,,,,,,,,,,,,,,,,,,,,,,,,,,,"$1,114.93","$1,114.93","$1,077.76","$1,040.60","$1,003.43",$966.27,$929.10,$891.94,$854.78,$817.61,$780.45,$743.28,$706.12,$668.96,$642.94,$616.93,$590.91,$564.90,$538.88,$512.87,$486.85,$460.84,$434.82,$408.81,$382.79,$356.78,$345.63,$334.48,$323.33,$312.18,$301.03,$289.88,$278.73,$267.58,$256.43,$245.28,$234.13,$222.99,$230.42,$237.85,$245.28,$252.72,$260.15,$379.07,$390.22,$401.37,$412.52,$187.31,$303.26,$445.97,$566.38,$530.70,$530.70
Kingston ValueRAM 16 GB,DDR4-2400,1 x 16GB,14.167 ns,17,$12.31,Green / Black,0.0,0,$277.36,$279.00,$280.64,$282.28,$283.92,$285.56,$287.20,$288.85,$290.49,$292.13,$293.77,$295.41,$246.18,$236.33,$226.48,$216.63,$206.79,$196.94,$187.09,$177.25,$167.40,$157.55,$147.71,$137.86,$119.81,$121.45,$123.09,$124.73,$126.37,$128.01,$129.65,$131.29,$132.93,$134.58,$136.22,$137.86,$141.14,$144.42,$147.70,$150.99,$154.27,$157.55,$160.83,$164.12,$167.40,$170.68,$173.96,$177.25,$172.32,$167.40,$162.48,$157.55,$152.63,$147.70,$142.78,$137.86,$132.93,$128.01,$123.09,$118.16,$114.88,$111.60,$108.32,$105.03,$101.75,$98.47,$95.19,$91.91,$88.62,$85.34,$82.06,$78.78,$80.42,$82.06,$83.70,$85.34,$86.98,$88.62,$90.26,$91.91,$93.55,$95.19,$96.83,$98.47,$101.75,$105.03,$108.32,$111.60,$114.88,$167.40,$172.32,$177.25,$182.17,$82.71,$133.92,$196.94,$287.53,$315.10,$285.56
Thermaltake TOUGHRAM XG RGB 16 GB,DDR4-3600,2 x 8GB,10 ns,18,$9.69,Black / Silver,0.0,0,$218.26,$219.55,$220.85,$222.14,$223.43,$224.72,$226.01,$227.30,$228.60,$229.89,$231.18,$232.47,$193.72,$185.98,$178.23,$170.48,$162.73,$154.98,$147.23,$139.48,$131.73,$123.98,$116.24,$108.49,$94.28,$95.57,$96.86,$98.15,$99.45,$100.74,$102.03,$103.32,$104.61,$105.90,$107.19,$108.49,$111.07,$113.65,$116.23,$118.82,$121.40,$123.98,$126.57,$129.15,$131.73,$134.32,$136.90,$139.48,$135.61,$131.73,$127.86,$123.98,$120.11,$116.23,$112.36,$108.49,$104.61,$100.74,$96.86,$92.99,$90.40,$87.82,$85.24,$82.66,$80.07,$77.49,$74.91,$72.32,$69.74,$67.16,$64.57,$61.99,$63.28,$64.58,$65.87,$67.16,$68.45,$69.74,$71.03,$72.32,$73.62,$74.91,$76.20,$77.49,$80.07,$82.66,$85.24,$87.82,$90.41,$131.73,$135.61,$139.48,$143.36,$65.09,$105.39,$154.98,$226.27,$247.97,$224.72
Kingston FURY Impact 16 GB,DDR4-3200,1 x 16GB,12.5 ns,20,$6.92,Black,0.0,0,$155.82,$156.74,$157.66,$158.58,$159.51,$160.43,$161.35,$162.27,$163.19,$164.12,$165.04,$165.96,$138.30,$132.77,$127.24,$121.70,$116.17,$110.64,$105.11,$99.58,$94.04,$88.51,$82.98,$77.45,$67.31,$68.23,$69.15,$70.07,$70.99,$71.92,$72.84,$73.76,$74.68,$75.60,$76.53,$77.45,$79.29,$81.14,$82.98,$84.82,$86.67,$88.51,$90.36,$92.20,$94.04,$95.89,$97.73,$99.58,$96.81,$94.04,$91.28,$88.51,$85.75,$82.98,$80.21,$77.45,$74.68,$71.92,$69.15,$66.38,$64.54,$62.70,$60.85,$59.01,$57.16,$55.32,$53.48,$51.63,$49.79,$47.94,$46.10,$44.26,$45.18,$46.10,$47.02,$47.94,$48.87,$49.79,$50.71,$51.63,$52.55,$53.48,$54.40,$55.32,$57.16,$59.01,$60.85,$62.70,$64.54,$94.04,$96.81,$99.58,$102.34,$46.47,$75.24,$110.64,$161.53,$177.02,$160.43
Patriot Viper Xtreme 5 48 GB,DDR5-7600,2 x 24GB,9.474 ns,36,$12.27,Black,0.0,0,,,,,,,,,,,,,,,,,,,,,,,,,,,,,,,,,,,,,,,,,,,,,,,"$1,472.47","$1,472.47","$1,423.39","$1,374.31","$1,325.23","$1,276.14","$1,227.06","$1,177.98","$1,128.90","$1,079.82","$1,030.73",$981.65,$932.57,$883.49,$849.13,$814.77,$780.41,$746.05,$711.70,$677.34,$642.98,$608.62,$574.27,$539.91,$505.55,$471.19,$456.47,$441.74,$427.02,$412.29,$397.57,$382.84,$368.12,$353.39,$338.67,$323.94,$309.22,$294.50,$304.31,$314.13,$323.94,$333.76,$343.58,$500.64,$515.37,$530.09,$544.82,$247.38,$400.51,$588.99,$748.02,$700.90,$700.90
V-Color TRA516G68S834Q 64 GB,DDR5-6800,4 x 16GB,10 ns,34,$25.31,White,0.0,0,,,,,,,,,,,,,,,,,,,,,,,,,,,,,,,,,,,,,,,,,,,,,,,"$4,049.97","$4,049.97","$3,914.98","$3,779.98","$3,644.98","$3,509.98","$3,374.98","$3,239.98","$3,104.98","$2,969.98","$2,834.98","$2,699.98","$2,564.98","$2,429.99","$2,335.49","$2,240.99","$2,146.49","$2,051.99","$1,957.49","$1,862.99","$1,768.49","$1,673.99","$1,579.49","$1,484.99","$1,390.49","$1,295.99","$1,255.49","$1,214.99","$1,174.49","$1,133.99","$1,093.49","$1,052.99","$1,012.49",$971.99,$931.49,$890.99,$850.49,$810.00,$836.99,$863.99,$890.99,$917.99,$944.99,"$1,376.99","$1,417.49","$1,457.99","$1,498.49",$680.40,"$1,101.59","$1,619.99","$2,057.39","$1,927.79","$1,927.79"
G.Skill Ripjaws 64 GB,DDR5-5600,2 x 32GB,14.286 ns,40,$14.84,Black,0.0,0,,,,,,,,,,,,,,,,,,,,,,,,,,,,,,,,,,,,,,,,,,,,,,,"$2,374.97","$2,374.97","$2,295.81","$2,216.64","$2,137.48","$2,058.31","$1,979.15","$1,899.98","$1,820.81","$1,741.65","$1,662.48","$1,583.32","$1,504.15","$1,424.99","$1,369.57","$1,314.15","$1,258.74","$1,203.32","$1,147.90","$1,092.49","$1,037.07",$981.66,$926.24,$870.82,$815.41,$759.99,$736.24,$712.49,$688.74,$664.99,$641.24,$617.49,$593.74,$569.99,$546.24,$522.49,$498.74,$475.00,$490.83,$506.66,$522.49,$538.33,$554.16,$807.49,$831.24,$854.99,$878.74,$399.00,$645.99,$949.99,"$1,206.49","$1,130.49","$1,130.49"
Kingston FURY Renegade Pro 128 GB,DDR5-6000,8 x 16GB,10.667 ns,32,,Black,0.0,0,,,,,,,,,,,,,,,,,,,,,,,,,,,,,,,,,,,,,,,,,,,,,,,"$2,287.47","$2,287.47","$2,211.23","$2,134.98","$2,058.73","$1,982.48","$1,906.23","$1,829.98","$1,753.73","$1,677.48","$1,601.23","$1,524.98","$1,448.73","$1,372.49","$1,319.11","$1,265.74","$1,212.36","$1,158.99","$1,105.61","$1,052.24",$998.86,$945.49,$892.12,$838.74,$785.37,$731.99,$709.12,$686.24,$663.37,$640.49,$617.62,$594.74,$571.87,$548.99,$526.12,$503.24,$480.37,$457.50,$472.74,$487.99,$503.24,$518.49,$533.74,$777.74,$800.62,$823.49,$846.37,$384.30,$622.19,$914.99,"$1,162.04","$1,088.84","$1,088.84"
Crucial CT2K32G52C42S5 64 GB,DDR5-5200,2 x 32GB,16.154 ns,42,$9.30,Black,0.0,0,,,,,,,,,,,,,,,,,,,,,,,,,,,,,,,,,,,,,,,,,,,,,,,"$1,487.50","$1,487.50","$1,437.92","$1,388.33","$1,338.75","$1,289.17","$1,239.58","$1,190.00","$1,140.42","$1,090.83","$1,041.25",$991.67,$942.08,$892.50,$857.79,$823.08,$788.38,$753.67,$718.96,$684.25,$649.54,$614.83,$580.12,$545.42,$510.71,$476.00,$461.12,$446.25,$431.38,$416.50,$401.62,$386.75,$371.88,$357.00,$342.13,$327.25,$312.38,$297.50,$307.42,$317.33,$327.25,$337.17,$347.08,$505.75,$520.62,$535.50,$550.38,$249.90,$404.60,$595.00,$755.65,$708.05,$708.05
Kingston FURY Renegade Pro 128 GB,DDR5-6000,4 x 32GB,10.667 ns,32,,Black,0.0,0,,,,,,,,,,,,,,,,,,,,,,,,,,,,,,,,,,,,,,,,,,,,,,,"$4,999.98","$4,999.98","$4,833.31","$4,666.64","$4,499.98","$4,333.31","$4,166.65","$3,999.98","$3,833.31","$3,666.65","$3,499.98","$3,333.32","$3,166.65","$2,999.99","$2,883.32","$2,766.65","$2,649.99","$2,533.32","$2,416.65","$2,299.99","$2,183.32","$2,066.66","$1,949.99","$1,833.32","$1,716.66","$1,599.99","$1,549.99","$1,499.99","$1,449.99","$1,399.99","$1,349.99","$1,299.99","$1,249.99","$1,199.99","$1,149.99","$1,099.99","$1,049.99","$1,000.00","$1,033.33","$1,066.66","$1,099.99","$1,133.33","$1,166.66","$1,699.99","$1,749.99","$1,799.99","$1,849.99",$840.00,"$1,359.99","$1,999.99","$2,539.99","$2,379.99","$2,379.99"
G.Skill Flare X 32 GB,DDR4-3200,4 x 8GB,10 ns,16,$8.05,Black,0.0,0,$362.72,$364.86,$367.01,$369.16,$371.30,$373.45,$375.59,$377.74,$379.89,$382.03,$384.18,$386.33,$321.94,$309.06,$296.18,$283.31,$270.43,$257.55,$244.67,$231.80,$218.92,$206.04,$193.16,$180.29,$156.68,$158.82,$160.97,$163.12,$165.26,$167.41,$169.55,$171.70,$173.85,$175.99,$178.14,$180.28,$184.58,$188.87,$193.16,$197.45,$201.75,$206.04,$210.33,$214.62,$218.92,$223.21,$227.50,$231.79,$225.36,$218.92,$212.48,$206.04,$199.60,$193.16,$186.72,$180.29,$173.85,$167.41,$160.97,$154.53,$150.24,$145.94,$141.65,$137.36,$133.07,$128.78,$124.48,$120.19,$115.90,$111.60,$107.31,$103.02,$105.17,$107.31,$109.46,$111.61,$113.75,$115.90,$118.04,$120.19,$122.34,$124.48,$126.63,$128.78,$133.07,$137.36,$141.65,$145.94,$150.24,$218.92,$225.36,$231.79,$238.23,$108.17,$175.13,$257.55,$376.02,$412.08,$373.45
Patriot Viper Elite II 8 GB,DDR4-3600,1 x 8GB,11.111 ns,20,,Red / Black,0.0,0,$73.22,$73.65,$74.09,$74.52,$74.95,$75.39,$75.82,$76.25,$76.69,$77.12,$77.55,$77.98,$64.99,$62.39,$59.79,$57.19,$54.59,$51.99,$49.39,$46.79,$44.19,$41.59,$38.99,$36.39,$31.63,$32.06,$32.49,$32.93,$33.36,$33.79,$34.23,$34.66,$35.09,$35.53,$35.96,$36.39,$37.26,$38.13,$38.99,$39.86,$40.73,$41.59,$42.46,$43.32,$44.19,$45.06,$45.92,$46.79,$45.49,$44.19,$42.89,$41.59,$40.29,$38.99,$37.69,$36.39,$35.09,$33.79,$32.49,$31.19,$30.33,$29.46,$28.59,$27.73,$26.86,$26.00,$25.13,$24.26,$23.40,$22.53,$21.66,$20.80,$21.23,$21.66,$22.10,$22.53,$22.96,$23.40,$23.83,$24.26,$24.70,$25.13,$25.56,$26.00,$26.86,$27.73,$28.59,$29.46,$30.33,$44.19,$45.49,$46.79,$48.09,$21.84,$35.35,$51.99,$75.91,$83.18,$75.39
Kingston FURY Renegade Pro 128 GB,DDR5-5600,4 x 32GB,12.857 ns,36,,Black,0.0,0,,,,,,,,,,,,,,,,,,,,,,,,,,,,,,,,,,,,,,,,,,,,,,,"$4,999.98","$4,999.98","$4,833.31","$4,666.64","$4,499.98","$4,333.31","$4,166.65","$3,999.98","$3,833.31","$3,666.65","$3,499.98","$3,333.32","$3,166.65","$2,999.99","$2,883.32","$2,766.65","$2,649.99","$2,533.32","$2,416.65","$2,299.99","$2,183.32","$2,066.66","$1,949.99","$1,833.32","$1,716.66","$1,599.99","$1,549.99","$1,499.99","$1,449.99","$1,399.99","$1,349.99","$1,299.99","$1,249.99","$1,199.99","$1,149.99","$1,099.99","$1,049.99","$1,000.00","$1,033.33","$1,066.66","$1,099.99","$1,133.33","$1,166.66","$1,699.99","$1,749.99","$1,799.99","$1,849.99",$840.00,"$1,359.99","$1,999.99","$2,539.99","$2,379.99","$2,379.99"
Crucial CT8G4SFS824A 8 GB,DDR4-2400,1 x 8GB,14.167 ns,17,$6.75,Green / Black,0.0,0,$76.02,$76.47,$76.92,$77.37,$77.82,$78.27,$78.72,$79.17,$79.62,$80.07,$80.52,$80.97,$67.47,$64.78,$62.08,$59.38,$56.68,$53.98,$51.28,$48.58,$45.88,$43.18,$40.49,$37.79,$32.84,$33.29,$33.74,$34.19,$34.64,$35.09,$35.54,$35.99,$36.44,$36.89,$37.34,$37.79,$38.69,$39.59,$40.48,$41.38,$42.28,$43.18,$44.08,$44.98,$45.88,$46.78,$47.68,$48.58,$47.23,$45.88,$44.53,$43.18,$41.83,$40.48,$39.14,$37.79,$36.44,$35.09,$33.74,$32.39,$31.49,$30.59,$29.69,$28.79,$27.89,$26.99,$26.09,$25.19,$24.29,$23.39,$22.49,$21.59,$22.04,$22.49,$22.94,$23.39,$23.84,$24.29,$24.74,$25.19,$25.64,$26.09,$26.54,$26.99,$27.89,$28.79,$29.69,$30.59,$31.49,$45.88,$47.23,$48.58,$49.93,$22.67,$36.71,$53.98,$78.81,$86.37,$78.27
G.Skill Ripjaws S5 96 GB,DDR5-5200,2 x 48GB,15.385 ns,40,$10.94,White,0.0,0,,,,,,,,,,,,,,,,,,,,,,,,,,,,,,,,,,,,,,,,,,,,,,,"$2,624.97","$2,624.97","$2,537.48","$2,449.98","$2,362.48","$2,274.98","$2,187.48","$2,099.98","$2,012.48","$1,924.98","$1,837.48","$1,749.98","$1,662.48","$1,574.99","$1,513.74","$1,452.49","$1,391.24","$1,329.99","$1,268.74","$1,207.49","$1,146.24","$1,084.99","$1,023.74",$962.49,$901.24,$839.99,$813.74,$787.49,$761.24,$734.99,$708.74,$682.49,$656.24,$629.99,$603.74,$577.49,$551.24,$525.00,$542.49,$559.99,$577.49,$594.99,$612.49,$892.49,$918.74,$944.99,$971.24,$441.00,$713.99,"$1,049.99","$1,333.49","$1,249.49","$1,249.49"
Crucial CT4K16G4DFD8213 64 GB,DDR4-2133,4 x 16GB,14.065 ns,15,$5.62,Black / Green,0.0,0,$506.70,$509.70,$512.70,$515.70,$518.70,$521.70,$524.69,$527.69,$530.69,$533.69,$536.69,$539.69,$449.74,$431.75,$413.76,$395.77,$377.78,$359.79,$341.80,$323.81,$305.82,$287.83,$269.84,$251.85,$218.87,$221.87,$224.87,$227.87,$230.87,$233.86,$236.86,$239.86,$242.86,$245.86,$248.85,$251.85,$257.85,$263.85,$269.84,$275.84,$281.84,$287.83,$293.83,$299.82,$305.82,$311.82,$317.81,$323.81,$314.82,$305.82,$296.83,$287.83,$278.84,$269.84,$260.85,$251.85,$242.86,$233.86,$224.87,$215.87,$209.88,$203.88,$197.88,$191.89,$185.89,$179.90,$173.90,$167.90,$161.91,$155.91,$149.91,$143.92,$146.91,$149.91,$152.91,$155.91,$158.91,$161.91,$164.90,$167.90,$170.90,$173.90,$176.90,$179.90,$185.89,$191.89,$197.88,$203.88,$209.88,$305.82,$314.82,$323.81,$332.81,$151.11,$244.66,$359.79,$525.29,$575.66,$521.70
Kingston KTH-PL426S8/8G 8 GB,DDR4-2666,1 x 8GB,14.254 ns,19,,Green / Black,0.0,0,$422.49,$424.99,$427.49,$429.99,$432.49,$434.99,$437.49,$439.99,$442.49,$444.99,$447.49,$449.99,$374.99,$359.99,$344.99,$329.99,$314.99,$299.99,$284.99,$269.99,$254.99,$239.99,$224.99,$209.99,$182.49,$184.99,$187.49,$189.99,$192.49,$194.99,$197.49,$199.99,$202.49,$204.99,$207.49,$209.99,$214.99,$219.99,$224.99,$229.99,$234.99,$239.99,$244.99,$249.99,$254.99,$259.99,$264.99,$269.99,$262.49,$254.99,$247.49,$239.99,$232.49,$224.99,$217.49,$209.99,$202.49,$194.99,$187.49,$179.99,$174.99,$169.99,$164.99,$159.99,$154.99,$150.00,$145.00,$140.00,$135.00,$130.00,$125.00,$120.00,$122.50,$125.00,$127.50,$130.00,$132.50,$135.00,$137.50,$140.00,$142.50,$145.00,$147.50,$150.00,$154.99,$159.99,$164.99,$169.99,$174.99,$254.99,$262.49,$269.99,$277.49,$126.00,$203.99,$299.99,$437.99,$479.98,$434.99
Corsair ValueSelect 8 GB,DDR4-2133,1 x 8GB,14.065 ns,15,$7.00,Black / Yellow,0.0,0,$78.84,$79.30,$79.77,$80.24,$80.70,$81.17,$81.64,$82.10,$82.57,$83.04,$83.50,$83.97,$69.97,$67.18,$64.38,$61.58,$58.78,$55.98,$53.18,$50.38,$47.58,$44.78,$41.99,$39.19,$34.05,$34.52,$34.99,$35.45,$35.92,$36.39,$36.85,$37.32,$37.79,$38.25,$38.72,$39.19,$40.12,$41.05,$41.98,$42.92,$43.85,$44.78,$45.72,$46.65,$47.58,$48.52,$49.45,$50.38,$48.98,$47.58,$46.18,$44.78,$43.38,$41.98,$40.59,$39.19,$37.79,$36.39,$34.99,$33.59,$32.65,$31.72,$30.79,$29.86,$28.92,$27.99,$27.06,$26.12,$25.19,$24.26,$23.32,$22.39,$22.86,$23.32,$23.79,$24.26,$24.72,$25.19,$25.66,$26.12,$26.59,$27.06,$27.52,$27.99,$28.92,$29.86,$30.79,$31.72,$32.66,$47.58,$48.98,$50.38,$51.78,$23.51,$38.07,$55.98,$81.73,$89.57,$81.17
G.Skill Trident Z 64 GB,DDR4-3200,8 x 8GB,10 ns,16,$13.71,Black / Yellow,0.0,0,"$1,235.26","$1,242.57","$1,249.88","$1,257.19","$1,264.50","$1,271.81","$1,279.12","$1,286.43","$1,293.74","$1,301.05","$1,308.36","$1,315.66","$1,096.39","$1,052.53","$1,008.68",$964.82,$920.97,$877.11,$833.25,$789.40,$745.54,$701.69,$657.83,$613.98,$533.58,$540.88,$548.19,$555.50,$562.81,$570.12,$577.43,$584.74,$592.05,$599.36,$606.67,$613.98,$628.60,$643.21,$657.83,$672.45,$687.07,$701.69,$716.31,$730.92,$745.54,$760.16,$774.78,$789.40,$767.47,$745.54,$723.62,$701.69,$679.76,$657.83,$635.90,$613.98,$592.05,$570.12,$548.19,$526.27,$511.65,$497.03,$482.41,$467.79,$453.17,$438.56,$423.94,$409.32,$394.70,$380.08,$365.46,$350.84,$358.15,$365.46,$372.77,$380.08,$387.39,$394.70,$402.01,$409.32,$416.63,$423.94,$431.25,$438.56,$453.17,$467.79,$482.41,$497.03,$511.65,$745.54,$767.47,$789.40,$811.33,$368.39,$596.43,$877.11,"$1,280.58","$1,403.38","$1,271.81"
Crucial CT32G4SFD8266 32 GB,DDR4-2666,1 x 32GB,14.254 ns,19,$6.22,Green / Black,0.0,0,$280.26,$281.92,$283.57,$285.23,$286.89,$288.55,$290.21,$291.87,$293.52,$295.18,$296.84,$298.50,$248.75,$238.80,$228.85,$218.90,$208.95,$199.00,$189.05,$179.10,$169.15,$159.20,$149.25,$139.30,$121.06,$122.72,$124.38,$126.03,$127.69,$129.35,$131.01,$132.67,$134.33,$135.98,$137.64,$139.30,$142.62,$145.93,$149.25,$152.57,$155.88,$159.20,$162.52,$165.83,$169.15,$172.47,$175.78,$179.10,$174.12,$169.15,$164.18,$159.20,$154.22,$149.25,$144.28,$139.30,$134.33,$129.35,$124.38,$119.40,$116.08,$112.77,$109.45,$106.13,$102.82,$99.50,$96.18,$92.87,$89.55,$86.23,$82.92,$79.60,$81.26,$82.92,$84.58,$86.23,$87.89,$89.55,$91.21,$92.87,$94.53,$96.18,$97.84,$99.50,$102.82,$106.13,$109.45,$112.77,$116.08,$169.15,$174.12,$179.10,$184.07,$83.58,$135.32,$199.00,$290.54,$318.40,$288.55
Crucial CT8G4RFS424A 8 GB,DDR4-2400,1 x 8GB,14.167 ns,17,$4.87,Green / Black,0.0,0,$54.91,$55.24,$55.56,$55.89,$56.21,$56.54,$56.86,$57.19,$57.51,$57.84,$58.16,$58.48,$48.74,$46.79,$44.84,$42.89,$40.94,$38.99,$37.04,$35.09,$33.14,$31.19,$29.24,$27.29,$23.72,$24.04,$24.37,$24.69,$25.02,$25.34,$25.67,$25.99,$26.32,$26.64,$26.97,$27.29,$27.94,$28.59,$29.24,$29.89,$30.54,$31.19,$31.84,$32.49,$33.14,$33.79,$34.44,$35.09,$34.12,$33.14,$32.17,$31.19,$30.22,$29.24,$28.27,$27.29,$26.32,$25.34,$24.37,$23.39,$22.74,$22.09,$21.44,$20.79,$20.14,$19.50,$18.85,$18.20,$17.55,$16.90,$16.25,$15.60,$15.92,$16.25,$16.57,$16.90,$17.22,$17.55,$17.87,$18.20,$18.52,$18.85,$19.17,$19.50,$20.14,$20.79,$21.44,$22.09,$22.74,$33.14,$34.12,$35.09,$36.07,$16.38,$26.51,$38.99,$56.93,$62.38,$56.54
V-Color TE516G68S834SKK 32 GB,DDR5-6800,2 x 16GB,10 ns,34,$33.91,White,0.0,0,,,,,,,,,,,,,,,,,,,,,,,,,,,,,,,,,,,,,,,,,,,,,,,"$2,712.47","$2,712.47","$2,622.06","$2,531.64","$2,441.23","$2,350.81","$2,260.40","$2,169.98","$2,079.56","$1,989.15","$1,898.73","$1,808.32","$1,717.90","$1,627.49","$1,564.19","$1,500.90","$1,437.61","$1,374.32","$1,311.03","$1,247.74","$1,184.45","$1,121.16","$1,057.87",$994.57,$931.28,$867.99,$840.87,$813.74,$786.62,$759.49,$732.37,$705.24,$678.12,$650.99,$623.87,$596.74,$569.62,$542.50,$560.58,$578.66,$596.74,$614.83,$632.91,$922.24,$949.37,$976.49,"$1,003.62",$455.70,$737.79,"$1,084.99","$1,377.94","$1,291.14","$1,291.14"
Silicon Power SP024GBSVU560P02 24 GB,DDR5-5600,1 x 24GB,16.429 ns,46,$10.49,Black,0.0,0,,,,,,,,,,,,,,,,,,,,,,,,,,,,,,,,,,,,,,,,,,,,,,,$629.48,$629.48,$608.49,$587.51,$566.53,$545.54,$524.56,$503.58,$482.60,$461.62,$440.63,$419.65,$398.67,$377.69,$363.00,$348.31,$333.62,$318.93,$304.25,$289.56,$274.87,$260.18,$245.50,$230.81,$216.12,$201.43,$195.14,$188.84,$182.55,$176.25,$169.96,$163.66,$157.37,$151.07,$144.78,$138.48,$132.19,$125.89,$130.09,$134.29,$138.48,$142.68,$146.88,$214.02,$220.32,$226.61,$232.91,$105.75,$171.22,$251.79,$319.77,$299.63,$299.63
PNY MN16GK2D43200-TB 16 GB,DDR4-3200,2 x 8GB,13.75 ns,22,$11.06,Black,0.0,0,$249.20,$250.68,$252.15,$253.63,$255.10,$256.58,$258.05,$259.53,$261.00,$262.48,$263.95,$265.42,$221.19,$212.34,$203.49,$194.65,$185.80,$176.95,$168.10,$159.26,$150.41,$141.56,$132.71,$123.87,$107.64,$109.12,$110.59,$112.07,$113.54,$115.02,$116.49,$117.97,$119.44,$120.92,$122.39,$123.86,$126.81,$129.76,$132.71,$135.66,$138.61,$141.56,$144.51,$147.46,$150.41,$153.36,$156.31,$159.25,$154.83,$150.41,$145.98,$141.56,$137.14,$132.71,$128.29,$123.87,$119.44,$115.02,$110.59,$106.17,$103.22,$100.27,$97.32,$94.37,$91.42,$88.47,$85.53,$82.58,$79.63,$76.68,$73.73,$70.78,$72.25,$73.73,$75.20,$76.68,$78.15,$79.63,$81.10,$82.58,$84.05,$85.53,$87.00,$88.47,$91.42,$94.37,$97.32,$100.27,$103.22,$150.41,$154.83,$159.25,$163.68,$74.32,$120.33,$176.95,$258.35,$283.12,$256.58
G.Skill Trident Z RGB 32 GB,DDR4-4000,4 x 8GB,8.5 ns,17,$9.97,Black,0.0,0,$449.26,$451.92,$454.57,$457.23,$459.89,$462.55,$465.21,$467.87,$470.52,$473.18,$475.84,$478.50,$398.75,$382.80,$366.85,$350.90,$334.95,$319.00,$303.05,$287.10,$271.15,$255.20,$239.25,$223.30,$194.06,$196.72,$199.38,$202.03,$204.69,$207.35,$210.01,$212.67,$215.33,$217.98,$220.64,$223.30,$228.62,$233.93,$239.25,$244.57,$249.88,$255.20,$260.52,$265.83,$271.15,$276.47,$281.78,$287.10,$279.12,$271.15,$263.18,$255.20,$247.22,$239.25,$231.28,$223.30,$215.33,$207.35,$199.38,$191.40,$186.08,$180.77,$175.45,$170.13,$164.82,$159.50,$154.18,$148.87,$143.55,$138.23,$132.92,$127.60,$130.26,$132.92,$135.58,$138.23,$140.89,$143.55,$146.21,$148.87,$151.53,$154.18,$156.84,$159.50,$164.82,$170.13,$175.45,$180.77,$186.08,$271.15,$279.12,$287.10,$295.07,$133.98,$216.92,$319.00,$465.74,$510.40,$462.55
G.Skill Trident Z RGB 32 GB,DDR4-4133,4 x 8GB,8.226 ns,17,$10.28,Black,0.0,0,$463.34,$466.08,$468.82,$471.57,$474.31,$477.05,$479.79,$482.53,$485.27,$488.02,$490.76,$493.50,$411.25,$394.80,$378.35,$361.90,$345.45,$329.00,$312.55,$296.10,$279.65,$263.20,$246.75,$230.30,$200.14,$202.88,$205.62,$208.37,$211.11,$213.85,$216.59,$219.33,$222.08,$224.82,$227.56,$230.30,$235.78,$241.27,$246.75,$252.23,$257.72,$263.20,$268.68,$274.17,$279.65,$285.13,$290.62,$296.10,$287.88,$279.65,$271.43,$263.20,$254.97,$246.75,$238.53,$230.30,$222.08,$213.85,$205.62,$197.40,$191.92,$186.43,$180.95,$175.47,$169.98,$164.50,$159.02,$153.53,$148.05,$142.57,$137.08,$131.60,$134.34,$137.08,$139.83,$142.57,$145.31,$148.05,$150.79,$153.53,$156.28,$159.02,$161.76,$164.50,$169.98,$175.47,$180.95,$186.43,$191.92,$279.65,$287.88,$296.10,$304.32,$138.18,$223.72,$329.00,$480.34,$526.40,$477.05
Lexar LD4AS016G-B3200GSST 16 GB,DDR4-3200,1 x 16GB,13.75 ns,22,$9.68,Black,0.0,0,$218.22,$219.51,$220.80,$222.09,$223.39,$224.68,$225.97,$227.26,$228.55,$229.84,$231.13,$232.42,$193.69,$185.94,$178.19,$170.44,$162.70,$154.95,$147.20,$139.46,$131.71,$123.96,$116.21,$108.47,$94.26,$95.55,$96.84,$98.13,$99.43,$100.72,$102.01,$103.30,$104.59,$105.88,$107.17,$108.46,$111.05,$113.63,$116.21,$118.79,$121.38,$123.96,$126.54,$129.12,$131.71,$134.29,$136.87,$139.45,$135.58,$131.71,$127.83,$123.96,$120.09,$116.21,$112.34,$108.47,$104.59,$100.72,$96.84,$92.97,$90.39,$87.80,$85.22,$82.64,$80.06,$77.47,$74.89,$72.31,$69.73,$67.14,$64.56,$61.98,$63.27,$64.56,$65.85,$67.14,$68.44,$69.73,$71.02,$72.31,$73.60,$74.89,$76.18,$77.47,$80.06,$82.64,$85.22,$87.80,$90.39,$131.71,$135.58,$139.45,$143.33,$65.08,$105.37,$154.95,$226.23,$247.92,$224.68
Patriot Extreme Performance 32 GB,DDR4-2133,4 x 8GB,14.065 ns,15,$6.28,Black / White,0.0,0,$283.20,$284.88,$286.55,$288.23,$289.90,$291.58,$293.26,$294.93,$296.61,$298.28,$299.96,$301.63,$251.36,$241.31,$231.25,$221.20,$211.14,$201.09,$191.04,$180.98,$170.93,$160.87,$150.82,$140.76,$122.33,$124.01,$125.68,$127.36,$129.03,$130.71,$132.38,$134.06,$135.74,$137.41,$139.09,$140.76,$144.11,$147.47,$150.82,$154.17,$157.52,$160.87,$164.22,$167.57,$170.93,$174.28,$177.63,$180.98,$175.95,$170.93,$165.90,$160.87,$155.84,$150.82,$145.79,$140.76,$135.74,$130.71,$125.68,$120.65,$117.30,$113.95,$110.60,$107.25,$103.90,$100.55,$97.19,$93.84,$90.49,$87.14,$83.79,$80.44,$82.11,$83.79,$85.46,$87.14,$88.81,$90.49,$92.17,$93.84,$95.52,$97.19,$98.87,$100.55,$103.90,$107.25,$110.60,$113.95,$117.30,$170.93,$175.95,$180.98,$186.01,$84.46,$136.74,$201.09,$293.59,$321.74,$291.58
Corsair Vengeance LED 32 GB,DDR4-3000,4 x 8GB,10.667 ns,16,$11.69,Black / Red,0.0,0,$526.80,$529.92,$533.04,$536.15,$539.27,$542.39,$545.50,$548.62,$551.74,$554.86,$557.97,$561.09,$467.57,$448.87,$430.17,$411.47,$392.76,$374.06,$355.36,$336.65,$317.95,$299.25,$280.55,$261.84,$227.55,$230.67,$233.79,$236.90,$240.02,$243.14,$246.26,$249.37,$252.49,$255.61,$258.72,$261.84,$268.08,$274.31,$280.55,$286.78,$293.01,$299.25,$305.48,$311.72,$317.95,$324.19,$330.42,$336.65,$327.30,$317.95,$308.60,$299.25,$289.90,$280.55,$271.19,$261.84,$252.49,$243.14,$233.79,$224.44,$218.20,$211.97,$205.73,$199.50,$193.26,$187.03,$180.80,$174.56,$168.33,$162.09,$155.86,$149.62,$152.74,$155.86,$158.98,$162.09,$165.21,$168.33,$171.44,$174.56,$177.68,$180.80,$183.91,$187.03,$193.26,$199.50,$205.73,$211.97,$218.20,$317.95,$327.30,$336.65,$346.01,$157.11,$254.36,$374.06,$546.13,$598.50,$542.39
G.Skill Trident Z Neo 32 GB,DDR4-3000,4 x 8GB,10.667 ns,16,$13.05,Silver / Black,0.0,0,$588.18,$591.66,$595.14,$598.62,$602.10,$605.58,$609.06,$612.54,$616.02,$619.50,$622.98,$626.46,$522.05,$501.17,$480.29,$459.40,$438.52,$417.64,$396.76,$375.88,$354.99,$334.11,$313.23,$292.35,$254.06,$257.54,$261.02,$264.51,$267.99,$271.47,$274.95,$278.43,$281.91,$285.39,$288.87,$292.35,$299.31,$306.27,$313.23,$320.19,$327.15,$334.11,$341.07,$348.03,$354.99,$361.95,$368.92,$375.88,$365.44,$354.99,$344.55,$334.11,$323.67,$313.23,$302.79,$292.35,$281.91,$271.47,$261.02,$250.58,$243.62,$236.66,$229.70,$222.74,$215.78,$208.82,$201.86,$194.90,$187.94,$180.98,$174.02,$167.06,$170.54,$174.02,$177.50,$180.98,$184.46,$187.94,$191.42,$194.90,$198.38,$201.86,$205.34,$208.82,$215.78,$222.74,$229.70,$236.66,$243.62,$354.99,$365.44,$375.88,$386.32,$175.41,$284.00,$417.64,$609.75,$668.22,$605.58
Crucial CT16G4SFD824A 16 GB,DDR4-2400,1 x 16GB,14.167 ns,17,$5.94,Black / Green,0.0,0,$133.79,$134.58,$135.37,$136.17,$136.96,$137.75,$138.54,$139.33,$140.12,$140.92,$141.71,$142.50,$118.75,$114.00,$109.25,$104.50,$99.75,$95.00,$90.25,$85.50,$80.75,$76.00,$71.25,$66.50,$57.79,$58.58,$59.38,$60.17,$60.96,$61.75,$62.54,$63.33,$64.12,$64.92,$65.71,$66.50,$68.08,$69.67,$71.25,$72.83,$74.42,$76.00,$77.58,$79.17,$80.75,$82.33,$83.92,$85.50,$83.12,$80.75,$78.38,$76.00,$73.62,$71.25,$68.88,$66.50,$64.12,$61.75,$59.38,$57.00,$55.42,$53.83,$52.25,$50.67,$49.08,$47.50,$45.92,$44.33,$42.75,$41.17,$39.58,$38.00,$38.79,$39.58,$40.38,$41.17,$41.96,$42.75,$43.54,$44.33,$45.12,$45.92,$46.71,$47.50,$49.08,$50.67,$52.25,$53.83,$55.42,$80.75,$83.12,$85.50,$87.88,$39.90,$64.60,$95.00,$138.70,$152.00,$137.75
Kingston ValueRAM 8 GB,DDR4-2400,1 x 8GB,14.167 ns,17,$6.25,Green / Black,0.0,0,$70.40,$70.82,$71.24,$71.65,$72.07,$72.49,$72.90,$73.32,$73.74,$74.15,$74.57,$74.98,$62.49,$59.99,$57.49,$54.99,$52.49,$49.99,$47.49,$44.99,$42.49,$39.99,$37.49,$34.99,$30.41,$30.83,$31.24,$31.66,$32.08,$32.49,$32.91,$33.33,$33.74,$34.16,$34.58,$34.99,$35.83,$36.66,$37.49,$38.33,$39.16,$39.99,$40.83,$41.66,$42.49,$43.32,$44.16,$44.99,$43.74,$42.49,$41.24,$39.99,$38.74,$37.49,$36.24,$34.99,$33.74,$32.49,$31.24,$29.99,$29.16,$28.33,$27.49,$26.66,$25.83,$25.00,$24.16,$23.33,$22.50,$21.66,$20.83,$20.00,$20.41,$20.83,$21.25,$21.66,$22.08,$22.50,$22.91,$23.33,$23.75,$24.16,$24.58,$25.00,$25.83,$26.66,$27.49,$28.33,$29.16,$42.49,$43.74,$44.99,$46.24,$21.00,$33.99,$49.99,$72.99,$79.98,$72.49
Corsair WS 64 GB,DDR5-5600,4 x 16GB,14.286 ns,40,$17.77,Black / Green,0.0,0,,,,,,,,,,,,,,,,,,,,,,,,,,,,,,,,,,,,,,,,,,,,,,,"$2,842.47","$2,842.47","$2,747.73","$2,652.98","$2,558.23","$2,463.48","$2,368.73","$2,273.98","$2,179.23","$2,084.48","$1,989.73","$1,894.98","$1,800.23","$1,705.49","$1,639.16","$1,572.84","$1,506.51","$1,440.19","$1,373.86","$1,307.54","$1,241.21","$1,174.89","$1,108.57","$1,042.24",$975.92,$909.59,$881.17,$852.74,$824.32,$795.89,$767.47,$739.04,$710.62,$682.19,$653.77,$625.34,$596.92,$568.50,$587.44,$606.39,$625.34,$644.29,$663.24,$966.44,$994.87,"$1,023.29","$1,051.72",$477.54,$773.15,"$1,136.99","$1,443.98","$1,353.02","$1,353.02"
Kingston FURY Renegade Pro 16 GB,DDR5-6000,1 x 16GB,10.667 ns,32,,Black,0.0,0,,,,,,,,,,,,,,,,,,,,,,,,,,,,,,,,,,,,,,,,,,,,,,,$999.98,$999.98,$966.64,$933.31,$899.98,$866.64,$833.31,$799.98,$766.65,$733.32,$699.98,$666.65,$633.32,$599.99,$576.65,$553.32,$529.99,$506.65,$483.32,$459.99,$436.66,$413.32,$389.99,$366.66,$343.32,$319.99,$309.99,$299.99,$289.99,$279.99,$269.99,$259.99,$249.99,$239.99,$229.99,$219.99,$209.99,$200.00,$206.66,$213.33,$219.99,$226.66,$233.33,$339.99,$349.99,$359.99,$369.99,$168.00,$271.99,$399.99,$507.99,$475.99,$475.99
Kingston KVR24S17S6/4 4 GB,DDR4-2400,1 x 4GB,14.167 ns,17,$7.45,Green / Black,0.0,0,$41.95,$42.20,$42.45,$42.70,$42.95,$43.20,$43.44,$43.69,$43.94,$44.19,$44.44,$44.69,$37.24,$35.75,$34.26,$32.77,$31.28,$29.79,$28.30,$26.81,$25.32,$23.83,$22.34,$20.85,$18.12,$18.37,$18.62,$18.87,$19.12,$19.36,$19.61,$19.86,$20.11,$20.36,$20.60,$20.85,$21.35,$21.85,$22.34,$22.84,$23.34,$23.83,$24.33,$24.82,$25.32,$25.82,$26.31,$26.81,$26.07,$25.32,$24.58,$23.83,$23.09,$22.34,$21.60,$20.85,$20.11,$19.36,$18.62,$17.87,$17.38,$16.88,$16.38,$15.89,$15.39,$14.89,$14.40,$13.90,$13.41,$12.91,$12.41,$11.92,$12.16,$12.41,$12.66,$12.91,$13.16,$13.41,$13.65,$13.90,$14.15,$14.40,$14.65,$14.89,$15.39,$15.89,$16.38,$16.88,$17.38,$25.32,$26.07,$26.81,$27.56,$12.51,$20.26,$29.79,$43.49,$47.66,$43.20
Kingston KCP424SS8/8 8 GB,DDR4-2400,1 x 8GB,14.167 ns,17,$5.38,Green / Black,0.0,0,$60.66,$61.02,$61.37,$61.73,$62.09,$62.45,$62.81,$63.17,$63.53,$63.89,$64.25,$64.61,$53.84,$51.68,$49.53,$47.38,$45.22,$43.07,$40.92,$38.76,$36.61,$34.46,$32.30,$30.15,$26.20,$26.56,$26.92,$27.28,$27.64,$28.00,$28.35,$28.71,$29.07,$29.43,$29.79,$30.15,$30.87,$31.58,$32.30,$33.02,$33.74,$34.46,$35.17,$35.89,$36.61,$37.33,$38.05,$38.76,$37.69,$36.61,$35.53,$34.46,$33.38,$32.30,$31.23,$30.15,$29.07,$28.00,$26.92,$25.84,$25.12,$24.41,$23.69,$22.97,$22.25,$21.54,$20.82,$20.10,$19.38,$18.66,$17.95,$17.23,$17.59,$17.95,$18.30,$18.66,$19.02,$19.38,$19.74,$20.10,$20.46,$20.82,$21.18,$21.54,$22.25,$22.97,$23.69,$24.41,$25.12,$36.61,$37.69,$38.76,$39.84,$18.09,$29.29,$43.07,$62.88,$68.91,$62.45
G.Skill Trident Z 16 GB,DDR4-4000,2 x 8GB,9 ns,18,$9.94,Silver / White,0.0,0,$223.92,$225.25,$226.57,$227.90,$229.22,$230.55,$231.88,$233.20,$234.52,$235.85,$237.18,$238.50,$198.75,$190.80,$182.85,$174.90,$166.95,$159.00,$151.05,$143.10,$135.15,$127.20,$119.25,$111.30,$96.72,$98.05,$99.38,$100.70,$102.02,$103.35,$104.67,$106.00,$107.33,$108.65,$109.97,$111.30,$113.95,$116.60,$119.25,$121.90,$124.55,$127.20,$129.85,$132.50,$135.15,$137.80,$140.45,$143.10,$139.12,$135.15,$131.18,$127.20,$123.23,$119.25,$115.27,$111.30,$107.33,$103.35,$99.38,$95.40,$92.75,$90.10,$87.45,$84.80,$82.15,$79.50,$76.85,$74.20,$71.55,$68.90,$66.25,$63.60,$64.93,$66.25,$67.58,$68.90,$70.23,$71.55,$72.88,$74.20,$75.53,$76.85,$78.18,$79.50,$82.15,$84.80,$87.45,$90.10,$92.75,$135.15,$139.12,$143.10,$147.07,$66.78,$108.12,$159.00,$232.14,$254.40,$230.55
G.Skill Trident Z5 RGB 64 GB,DDR5-6000,2 x 32GB,10.667 ns,32,$13.75,White / Black,0.0,0,,,,,,,,,,,,,,,,,,,,,,,,,,,,,,,,,,,,,,,,,,,,,,,"$2,199.97","$2,199.97","$2,126.64","$2,053.31","$1,979.98","$1,906.64","$1,833.31","$1,759.98","$1,686.65","$1,613.32","$1,539.98","$1,466.65","$1,393.32","$1,319.99","$1,268.65","$1,217.32","$1,165.99","$1,114.65","$1,063.32","$1,011.99",$960.66,$909.32,$857.99,$806.66,$755.32,$703.99,$681.99,$659.99,$637.99,$615.99,$593.99,$571.99,$549.99,$527.99,$505.99,$483.99,$461.99,$440.00,$454.66,$469.33,$483.99,$498.66,$513.33,$747.99,$769.99,$791.99,$813.99,$369.60,$598.39,$879.99,"$1,117.59","$1,047.19","$1,047.19"
Silicon Power XPOWER Cyclone RGB 48 GB,DDR5-8000,2 x 24GB,10 ns,40,$15.81,White,0.0,0,,,,,,,,,,,,,,,,,,,,,,,,,,,,,,,,,,,,,,,,,,,,,,,"$1,897.43","$1,897.43","$1,834.18","$1,770.93","$1,707.68","$1,644.43","$1,581.19","$1,517.94","$1,454.69","$1,391.45","$1,328.20","$1,264.95","$1,201.70","$1,138.45","$1,094.18","$1,049.91","$1,005.64",$961.36,$917.09,$872.82,$828.54,$784.27,$740.00,$695.72,$651.45,$607.18,$588.20,$569.23,$550.25,$531.28,$512.30,$493.33,$474.36,$455.38,$436.41,$417.43,$398.46,$379.49,$392.13,$404.78,$417.43,$430.08,$442.73,$645.12,$664.10,$683.07,$702.05,$318.77,$516.10,$758.97,$963.89,$903.17,$903.17
G.Skill Trident Z5 Royal 32 GB,DDR5-6800,2 x 16GB,10 ns,34,$15.94,Silver,0.0,0,,,,,,,,,,,,,,,,,,,,,,,,,,,,,,,,,,,,,,,,,,,,,,,"$1,274.97","$1,274.97","$1,232.48","$1,189.98","$1,147.48","$1,104.98","$1,062.48","$1,019.98",$977.48,$934.98,$892.48,$849.98,$807.48,$764.99,$735.24,$705.49,$675.74,$645.99,$616.24,$586.49,$556.74,$526.99,$497.24,$467.49,$437.74,$407.99,$395.24,$382.49,$369.74,$356.99,$344.24,$331.49,$318.74,$305.99,$293.24,$280.49,$267.74,$255.00,$263.49,$271.99,$280.49,$288.99,$297.49,$433.49,$446.24,$458.99,$471.74,$214.20,$346.79,$509.99,$647.69,$606.89,$606.89
Patriot Viper Elite II 8 GB,DDR4-4000,1 x 8GB,10 ns,20,,Red / Black,0.0,0,$77.44,$77.90,$78.36,$78.82,$79.28,$79.74,$80.19,$80.65,$81.11,$81.57,$82.03,$82.48,$68.74,$65.99,$63.24,$60.49,$57.74,$54.99,$52.24,$49.49,$46.74,$43.99,$41.24,$38.49,$33.45,$33.91,$34.37,$34.83,$35.29,$35.74,$36.20,$36.66,$37.12,$37.58,$38.03,$38.49,$39.41,$40.33,$41.24,$42.16,$43.08,$43.99,$44.91,$45.82,$46.74,$47.66,$48.57,$49.49,$48.12,$46.74,$45.37,$43.99,$42.62,$41.24,$39.87,$38.49,$37.12,$35.74,$34.37,$32.99,$32.08,$31.16,$30.24,$29.33,$28.41,$27.50,$26.58,$25.66,$24.75,$23.83,$22.91,$22.00,$22.45,$22.91,$23.37,$23.83,$24.29,$24.75,$25.20,$25.66,$26.12,$26.58,$27.04,$27.50,$28.41,$29.33,$30.24,$31.16,$32.08,$46.74,$48.12,$49.49,$50.87,$23.10,$37.39,$54.99,$80.29,$87.98,$79.74
Corsair WS 128 GB,DDR5-5600,4 x 32GB,14.286 ns,40,,Black / Green,0.0,0,,,,,,,,,,,,,,,,,,,,,,,,,,,,,,,,,,,,,,,,,,,,,,,"$2,999.97","$2,999.97","$2,899.98","$2,799.98","$2,699.98","$2,599.98","$2,499.98","$2,399.98","$2,299.98","$2,199.98","$2,099.98","$1,999.98","$1,899.98","$1,799.99","$1,729.99","$1,659.99","$1,589.99","$1,519.99","$1,449.99","$1,379.99","$1,309.99","$1,239.99","$1,169.99","$1,099.99","$1,029.99",$959.99,$929.99,$899.99,$869.99,$839.99,$809.99,$779.99,$749.99,$719.99,$689.99,$659.99,$629.99,$600.00,$619.99,$639.99,$659.99,$679.99,$699.99,"$1,019.99","$1,049.99","$1,079.99","$1,109.99",$504.00,$815.99,"$1,199.99","$1,523.99","$1,427.99","$1,427.99"
G.Skill Zeta R5 64 GB,DDR5-6400,4 x 16GB,10 ns,32,,Black / White,0.0,0,,,,,,,,,,,,,,,,,,,,,,,,,,,,,,,,,,,,,,,,,,,,,,,"$1,499.97","$1,499.97","$1,449.98","$1,399.98","$1,349.98","$1,299.98","$1,249.98","$1,199.98","$1,149.98","$1,099.98","$1,049.98",$999.98,$949.98,$899.99,$864.99,$829.99,$794.99,$759.99,$724.99,$689.99,$654.99,$619.99,$584.99,$549.99,$514.99,$479.99,$464.99,$449.99,$434.99,$419.99,$404.99,$389.99,$374.99,$359.99,$344.99,$329.99,$314.99,$300.00,$309.99,$319.99,$329.99,$339.99,$349.99,$509.99,$524.99,$539.99,$554.99,$252.00,$407.99,$599.99,$761.99,$713.99,$713.99
Kingston FURY Renegade Pro 64 GB,DDR5-6800,4 x 16GB,14.118 ns,48,,Black,0.0,0,,,,,,,,,,,,,,,,,,,,,,,,,,,,,,,,,,,,,,,,,,,,,,,"$1,749.97","$1,749.97","$1,691.64","$1,633.31","$1,574.98","$1,516.64","$1,458.31","$1,399.98","$1,341.65","$1,283.32","$1,224.98","$1,166.65","$1,108.32","$1,049.99","$1,009.15",$968.32,$927.49,$886.65,$845.82,$804.99,$764.16,$723.32,$682.49,$641.66,$600.82,$559.99,$542.49,$524.99,$507.49,$489.99,$472.49,$454.99,$437.49,$419.99,$402.49,$384.99,$367.49,$350.00,$361.66,$373.33,$384.99,$396.66,$408.33,$594.99,$612.49,$629.99,$647.49,$294.00,$475.99,$699.99,$888.99,$832.99,$832.99
Silicon Power XPOWER Storm RGB 32 GB,DDR5-6400,2 x 16GB,10 ns,32,$14.43,Black,0.0,0,,,,,,,,,,,,,,,,,,,,,,,,,,,,,,,,,,,,,,,,,,,,,,,"$1,154.48","$1,154.48","$1,115.99","$1,077.51","$1,039.03","$1,000.54",$962.06,$923.58,$885.10,$846.62,$808.13,$769.65,$731.17,$692.69,$665.75,$638.81,$611.87,$584.93,$558.00,$531.06,$504.12,$477.18,$450.25,$423.31,$396.37,$369.43,$357.89,$346.34,$334.80,$323.25,$311.71,$300.16,$288.62,$277.07,$265.53,$253.98,$242.44,$230.90,$238.59,$246.29,$253.98,$261.68,$269.38,$392.52,$404.07,$415.61,$427.16,$193.95,$314.02,$461.79,$586.47,$549.53,$549.53
Patriot Signature Line 16 GB,DDR4-3200,1 x 16GB,13.75 ns,22,,Black,0.0,0,$173.21,$174.24,$175.26,$176.29,$177.31,$178.34,$179.36,$180.39,$181.41,$182.44,$183.46,$184.48,$153.74,$147.59,$141.44,$135.29,$129.14,$122.99,$116.84,$110.69,$104.54,$98.39,$92.24,$86.09,$74.82,$75.84,$76.87,$77.89,$78.92,$79.94,$80.97,$81.99,$83.02,$84.04,$85.07,$86.09,$88.14,$90.19,$92.24,$94.29,$96.34,$98.39,$100.44,$102.49,$104.54,$106.59,$108.64,$110.69,$107.62,$104.54,$101.47,$98.39,$95.32,$92.24,$89.17,$86.09,$83.02,$79.94,$76.87,$73.79,$71.74,$69.69,$67.64,$65.59,$63.54,$61.49,$59.45,$57.40,$55.35,$53.30,$51.25,$49.20,$50.22,$51.25,$52.27,$53.30,$54.32,$55.35,$56.37,$57.40,$58.42,$59.45,$60.47,$61.49,$63.54,$65.59,$67.64,$69.69,$71.74,$104.54,$107.62,$110.69,$113.77,$51.66,$83.63,$122.99,$179.57,$196.78,$178.34
Crucial CT32G4RFD4266 32 GB,DDR4-2666,1 x 32GB,14.254 ns,19,$5.93,Green / Black,0.0,0,$267.29,$268.87,$270.45,$272.03,$273.61,$275.20,$276.78,$278.36,$279.94,$281.52,$283.10,$284.69,$237.24,$227.75,$218.26,$208.77,$199.28,$189.79,$180.30,$170.81,$161.32,$151.83,$142.34,$132.85,$115.46,$117.04,$118.62,$120.20,$121.78,$123.36,$124.95,$126.53,$128.11,$129.69,$131.27,$132.85,$136.02,$139.18,$142.34,$145.51,$148.67,$151.83,$155.00,$158.16,$161.32,$164.48,$167.65,$170.81,$166.07,$161.32,$156.58,$151.83,$147.09,$142.34,$137.60,$132.85,$128.11,$123.36,$118.62,$113.87,$110.71,$107.55,$104.38,$101.22,$98.06,$94.89,$91.73,$88.57,$85.41,$82.24,$79.08,$75.92,$77.50,$79.08,$80.66,$82.24,$83.82,$85.41,$86.99,$88.57,$90.15,$91.73,$93.31,$94.89,$98.06,$101.22,$104.38,$107.55,$110.71,$161.32,$166.07,$170.81,$175.56,$79.71,$129.06,$189.79,$277.09,$303.66,$275.20
G.Skill Ripjaws V 32 GB,DDR4-2666,4 x 8GB,14.254 ns,19,$9.19,Red / Black,0.0,0,$414.06,$416.51,$418.96,$421.41,$423.86,$426.31,$428.76,$431.21,$433.66,$436.11,$438.56,$441.01,$367.51,$352.81,$338.11,$323.41,$308.71,$294.01,$279.31,$264.61,$249.91,$235.21,$220.51,$205.81,$178.86,$181.31,$183.76,$186.21,$188.66,$191.11,$193.56,$196.01,$198.46,$200.91,$203.36,$205.81,$210.71,$215.61,$220.51,$225.41,$230.31,$235.21,$240.11,$245.01,$249.91,$254.81,$259.71,$264.61,$257.26,$249.91,$242.56,$235.21,$227.86,$220.51,$213.16,$205.81,$198.46,$191.11,$183.76,$176.41,$171.51,$166.61,$161.71,$156.81,$151.91,$147.00,$142.10,$137.20,$132.30,$127.40,$122.50,$117.60,$120.05,$122.50,$124.95,$127.40,$129.85,$132.30,$134.75,$137.20,$139.65,$142.10,$144.55,$147.00,$151.91,$156.81,$161.71,$166.61,$171.51,$249.91,$257.26,$264.61,$271.96,$123.48,$199.93,$294.01,$429.25,$470.42,$426.31
Thermaltake TOUGHRAM RGB 16 GB,DDR4-4400,2 x 8GB,8.636 ns,19,$12.50,White / Silver,0.0,0,$281.62,$283.29,$284.96,$286.62,$288.29,$289.96,$291.62,$293.29,$294.96,$296.62,$298.29,$299.95,$249.96,$239.96,$229.97,$219.97,$209.97,$199.97,$189.97,$179.97,$169.97,$159.98,$149.98,$139.98,$121.65,$123.31,$124.98,$126.65,$128.31,$129.98,$131.65,$133.31,$134.98,$136.65,$138.31,$139.98,$143.31,$146.64,$149.98,$153.31,$156.64,$159.98,$163.31,$166.64,$169.97,$173.31,$176.64,$179.97,$174.97,$169.97,$164.98,$159.98,$154.98,$149.98,$144.98,$139.98,$134.98,$129.98,$124.98,$119.98,$116.65,$113.32,$109.98,$106.65,$103.32,$99.98,$96.65,$93.32,$89.99,$86.65,$83.32,$79.99,$81.65,$83.32,$84.99,$86.65,$88.32,$89.99,$91.65,$93.32,$94.99,$96.65,$98.32,$99.98,$103.32,$106.65,$109.98,$113.32,$116.65,$169.97,$174.97,$179.97,$184.97,$83.99,$135.98,$199.97,$291.96,$319.95,$289.96
Crucial CT8G4RFD824A 8 GB,DDR4-2400,1 x 8GB,14.167 ns,17,$15.94,Green / Black,0.0,0,$179.58,$180.64,$181.70,$182.76,$183.83,$184.89,$185.95,$187.01,$188.08,$189.14,$190.20,$191.27,$159.39,$153.01,$146.64,$140.26,$133.89,$127.51,$121.13,$114.76,$108.38,$102.01,$95.63,$89.26,$77.57,$78.63,$79.69,$80.76,$81.82,$82.88,$83.94,$85.01,$86.07,$87.13,$88.19,$89.26,$91.38,$93.51,$95.63,$97.76,$99.88,$102.01,$104.13,$106.26,$108.38,$110.51,$112.63,$114.76,$111.57,$108.38,$105.20,$102.01,$98.82,$95.63,$92.44,$89.26,$86.07,$82.88,$79.69,$76.51,$74.38,$72.26,$70.13,$68.01,$65.88,$63.76,$61.63,$59.50,$57.38,$55.25,$53.13,$51.00,$52.07,$53.13,$54.19,$55.25,$56.32,$57.38,$58.44,$59.50,$60.57,$61.63,$62.69,$63.76,$65.88,$68.01,$70.13,$72.26,$74.38,$108.38,$111.57,$114.76,$117.95,$53.55,$86.71,$127.51,$186.16,$204.02,$184.89
TEAMGROUP T-Create Classic 16 GB,DDR5-5600,1 x 16GB,16.429 ns,46,$11.69,Black,0.0,0,,,,,,,,,,,,,,,,,,,,,,,,,,,,,,,,,,,,,,,,,,,,,,,$467.48,$467.48,$451.89,$436.31,$420.73,$405.14,$389.56,$373.98,$358.40,$342.82,$327.23,$311.65,$296.07,$280.49,$269.58,$258.67,$247.76,$236.85,$225.95,$215.04,$204.13,$193.22,$182.32,$171.41,$160.50,$149.59,$144.92,$140.24,$135.57,$130.89,$126.22,$121.54,$116.87,$112.19,$107.52,$102.84,$98.17,$93.50,$96.61,$99.73,$102.84,$105.96,$109.08,$158.94,$163.62,$168.29,$172.97,$78.54,$127.15,$186.99,$237.48,$222.52,$222.52
Kingston ValueRAM 16 GB,DDR4-2133,1 x 16GB,14.065 ns,15,$3.68,Black / Green,0.0,0,$83.02,$83.51,$84.00,$84.50,$84.99,$85.48,$85.97,$86.46,$86.95,$87.44,$87.93,$88.43,$73.69,$70.74,$67.79,$64.85,$61.90,$58.95,$56.00,$53.06,$50.11,$47.16,$44.21,$41.27,$35.86,$36.35,$36.84,$37.34,$37.83,$38.32,$38.81,$39.30,$39.79,$40.28,$40.77,$41.27,$42.25,$43.23,$44.21,$45.20,$46.18,$47.16,$48.14,$49.12,$50.11,$51.09,$52.07,$53.05,$51.58,$50.11,$48.63,$47.16,$45.69,$44.21,$42.74,$41.27,$39.79,$38.32,$36.84,$35.37,$34.39,$33.41,$32.42,$31.44,$30.46,$29.48,$28.49,$27.51,$26.53,$25.54,$24.56,$23.58,$24.07,$24.56,$25.05,$25.55,$26.04,$26.53,$27.02,$27.51,$28.00,$28.49,$28.98,$29.48,$30.46,$31.44,$32.42,$33.41,$34.39,$50.11,$51.58,$53.05,$54.53,$24.76,$40.09,$58.95,$86.07,$94.32,$85.48
TEAMGROUP Elite 64 GB,DDR4-3200,2 x 32GB,13.75 ns,22,$7.83,Black,5.0,1,$705.56,$709.74,$713.91,$718.09,$722.26,$726.44,$730.61,$734.79,$738.96,$743.14,$747.31,$751.49,$626.24,$601.19,$576.14,$551.09,$526.04,$500.99,$475.94,$450.89,$425.84,$400.79,$375.74,$350.69,$304.77,$308.94,$313.12,$317.29,$321.47,$325.64,$329.82,$333.99,$338.17,$342.34,$346.52,$350.69,$359.04,$367.39,$375.74,$384.09,$392.44,$400.79,$409.14,$417.49,$425.84,$434.19,$442.54,$450.89,$438.37,$425.84,$413.32,$400.79,$388.27,$375.74,$363.22,$350.69,$338.17,$325.64,$313.12,$300.59,$292.24,$283.89,$275.54,$267.19,$258.84,$250.50,$242.15,$233.80,$225.45,$217.10,$208.75,$200.40,$204.57,$208.75,$212.92,$217.10,$221.27,$225.45,$229.62,$233.80,$237.97,$242.15,$246.32,$250.50,$258.84,$267.19,$275.54,$283.89,$292.24,$425.84,$438.37,$450.89,$463.42,$210.42,$340.67,$500.99,$731.45,$801.58,$726.44
G.Skill Ripjaws 64 GB,DDR5-4800,2 x 32GB,16.667 ns,40,$8.91,Black,0.0,0,,,,,,,,,,,,,,,,,,,,,,,,,,,,,,,,,,,,,,,,,,,,,,,"$1,424.97","$1,424.97","$1,377.48","$1,329.98","$1,282.48","$1,234.98","$1,187.48","$1,139.98","$1,092.48","$1,044.98",$997.48,$949.98,$902.48,$854.99,$821.74,$788.49,$755.24,$721.99,$688.74,$655.49,$622.24,$588.99,$555.74,$522.49,$489.24,$455.99,$441.74,$427.49,$413.24,$398.99,$384.74,$370.49,$356.24,$341.99,$327.74,$313.49,$299.24,$285.00,$294.49,$303.99,$313.49,$322.99,$332.49,$484.49,$498.74,$512.99,$527.24,$239.40,$387.59,$569.99,$723.89,$678.29,$678.29
Kingston FURY Renegade Pro 16 GB,DDR5-6000,1 x 16GB,10.667 ns,32,,Black,0.0,0,,,,,,,,,,,,,,,,,,,,,,,,,,,,,,,,,,,,,,,,,,,,,,,$999.98,$999.98,$966.64,$933.31,$899.98,$866.64,$833.31,$799.98,$766.65,$733.32,$699.98,$666.65,$633.32,$599.99,$576.65,$553.32,$529.99,$506.65,$483.32,$459.99,$436.66,$413.32,$389.99,$366.66,$343.32,$319.99,$309.99,$299.99,$289.99,$279.99,$269.99,$259.99,$249.99,$239.99,$229.99,$219.99,$209.99,$200.00,$206.66,$213.33,$219.99,$226.66,$233.33,$339.99,$349.99,$359.99,$369.99,$168.00,$271.99,$399.99,$507.99,$475.99,$475.99
TEAMGROUP Elite 16 GB,DDR4-3200,1 x 16GB,13.75 ns,22,$7.87,Black,0.0,0,$177.44,$178.49,$179.54,$180.59,$181.64,$182.69,$183.74,$184.79,$185.84,$186.89,$187.94,$188.98,$157.49,$151.19,$144.89,$138.59,$132.29,$125.99,$119.69,$113.39,$107.09,$100.79,$94.49,$88.19,$76.64,$77.69,$78.74,$79.79,$80.84,$81.89,$82.94,$83.99,$85.04,$86.09,$87.14,$88.19,$90.29,$92.39,$94.49,$96.59,$98.69,$100.79,$102.89,$104.99,$107.09,$109.19,$111.29,$113.39,$110.24,$107.09,$103.94,$100.79,$97.64,$94.49,$91.34,$88.19,$85.04,$81.89,$78.74,$75.59,$73.49,$71.39,$69.29,$67.19,$65.09,$62.99,$60.90,$58.80,$56.70,$54.60,$52.50,$50.40,$51.45,$52.50,$53.55,$54.60,$55.65,$56.70,$57.75,$58.80,$59.85,$60.90,$61.95,$62.99,$65.09,$67.19,$69.29,$71.39,$73.49,$107.09,$110.24,$113.39,$116.54,$52.92,$85.67,$125.99,$183.95,$201.58,$182.69
Patriot Viper Venom RGB 32 GB,DDR5-6600,2 x 16GB,12.121 ns,40,$14.13,Black / White,0.0,0,,,,,,,,,,,,,,,,,,,,,,,,,,,,,,,,,,,,,,,,,,,,,,,"$1,130.65","$1,130.65","$1,092.96","$1,055.27","$1,017.59",$979.90,$942.21,$904.52,$866.83,$829.14,$791.45,$753.77,$716.08,$678.39,$652.01,$625.63,$599.24,$572.86,$546.48,$520.10,$493.72,$467.34,$440.95,$414.57,$388.19,$361.81,$350.50,$339.19,$327.89,$316.58,$305.28,$293.97,$282.66,$271.36,$260.05,$248.74,$237.44,$226.13,$233.67,$241.21,$248.74,$256.28,$263.82,$384.42,$395.73,$407.03,$418.34,$189.95,$307.54,$452.26,$574.37,$538.19,$538.19
G.Skill Zeta R5 Neo 64 GB,DDR5-6400,4 x 16GB,10 ns,32,,Black,0.0,0,,,,,,,,,,,,,,,,,,,,,,,,,,,,,,,,,,,,,,,,,,,,,,,"$1,374.97","$1,374.97","$1,329.14","$1,283.31","$1,237.48","$1,191.64","$1,145.81","$1,099.98","$1,054.15","$1,008.32",$962.48,$916.65,$870.82,$824.99,$792.90,$760.82,$728.74,$696.65,$664.57,$632.49,$600.41,$568.32,$536.24,$504.16,$472.07,$439.99,$426.24,$412.49,$398.74,$384.99,$371.24,$357.49,$343.74,$329.99,$316.24,$302.49,$288.74,$275.00,$284.16,$293.33,$302.49,$311.66,$320.83,$467.49,$481.24,$494.99,$508.74,$231.00,$373.99,$549.99,$698.49,$654.49,$654.49
Kingston ValueRAM 8 GB,DDR4-2133,1 x 8GB,14.065 ns,15,$5.60,Green / Black,0.0,0,$63.08,$63.45,$63.83,$64.20,$64.57,$64.95,$65.32,$65.69,$66.07,$66.44,$66.81,$67.19,$55.99,$53.75,$51.51,$49.27,$47.03,$44.79,$42.55,$40.31,$38.07,$35.83,$33.59,$31.35,$27.25,$27.62,$27.99,$28.37,$28.74,$29.11,$29.49,$29.86,$30.23,$30.61,$30.98,$31.35,$32.10,$32.85,$33.59,$34.34,$35.09,$35.83,$36.58,$37.32,$38.07,$38.82,$39.56,$40.31,$39.19,$38.07,$36.95,$35.83,$34.71,$33.59,$32.47,$31.35,$30.23,$29.11,$27.99,$26.87,$26.13,$25.38,$24.63,$23.89,$23.14,$22.39,$21.65,$20.90,$20.16,$19.41,$18.66,$17.92,$18.29,$18.66,$19.04,$19.41,$19.78,$20.16,$20.53,$20.90,$21.28,$21.65,$22.02,$22.39,$23.14,$23.89,$24.63,$25.38,$26.13,$38.07,$39.19,$40.31,$41.43,$18.81,$30.46,$44.79,$65.39,$71.66,$64.95
Kingston FURY Renegade Pro 128 GB,DDR5-4800,8 x 16GB,15 ns,36,$12.81,Black,0.0,0,,,,,,,,,,,,,,,,,,,,,,,,,,,,,,,,,,,,,,,,,,,,,,,"$4,099.95","$4,099.95","$3,963.28","$3,826.62","$3,689.95","$3,553.29","$3,416.63","$3,279.96","$3,143.29","$3,006.63","$2,869.97","$2,733.30","$2,596.64","$2,459.97","$2,364.30","$2,268.64","$2,172.97","$2,077.31","$1,981.64","$1,885.98","$1,790.31","$1,694.65","$1,598.98","$1,503.32","$1,407.65","$1,311.98","$1,270.98","$1,229.99","$1,188.99","$1,147.99","$1,106.99","$1,065.99","$1,024.99",$983.99,$942.99,$901.99,$860.99,$819.99,$847.32,$874.66,$901.99,$929.32,$956.66,"$1,393.98","$1,434.98","$1,475.98","$1,516.98",$688.79,"$1,115.19","$1,639.98","$2,082.77","$1,951.58","$1,951.58"
Kingston FURY Renegade Pro 64 GB,DDR5-6400,4 x 16GB,10 ns,32,,Black,0.0,0,,,,,,,,,,,,,,,,,,,,,,,,,,,,,,,,,,,,,,,,,,,,,,,"$1,749.97","$1,749.97","$1,691.64","$1,633.31","$1,574.98","$1,516.64","$1,458.31","$1,399.98","$1,341.65","$1,283.32","$1,224.98","$1,166.65","$1,108.32","$1,049.99","$1,009.15",$968.32,$927.49,$886.65,$845.82,$804.99,$764.16,$723.32,$682.49,$641.66,$600.82,$559.99,$542.49,$524.99,$507.49,$489.99,$472.49,$454.99,$437.49,$419.99,$402.49,$384.99,$367.49,$350.00,$361.66,$373.33,$384.99,$396.66,$408.33,$594.99,$612.49,$629.99,$647.49,$294.00,$475.99,$699.99,$888.99,$832.99,$832.99
Crucial Ballistix Sport AT 16 GB,DDR4-2666,1 x 16GB,12.003 ns,16,$8.13,Silver / Black,0.0,0,$183.08,$184.17,$185.25,$186.33,$187.42,$188.50,$189.58,$190.67,$191.75,$192.83,$193.92,$195.00,$162.50,$156.00,$149.50,$143.00,$136.50,$130.00,$123.50,$117.00,$110.50,$104.00,$97.50,$91.00,$79.08,$80.17,$81.25,$82.33,$83.42,$84.50,$85.58,$86.67,$87.75,$88.83,$89.92,$91.00,$93.17,$95.33,$97.50,$99.67,$101.83,$104.00,$106.17,$108.33,$110.50,$112.67,$114.83,$117.00,$113.75,$110.50,$107.25,$104.00,$100.75,$97.50,$94.25,$91.00,$87.75,$84.50,$81.25,$78.00,$75.83,$73.67,$71.50,$69.33,$67.17,$65.00,$62.83,$60.67,$58.50,$56.33,$54.17,$52.00,$53.08,$54.17,$55.25,$56.33,$57.42,$58.50,$59.58,$60.67,$61.75,$62.83,$63.92,$65.00,$67.17,$69.33,$71.50,$73.67,$75.83,$110.50,$113.75,$117.00,$120.25,$54.60,$88.40,$130.00,$189.80,$208.00,$188.50
G.Skill Ripjaws M5 RGB 96 GB,DDR5-5600,2 x 48GB,14.286 ns,40,$11.77,Black,0.0,0,,,,,,,,,,,,,,,,,,,,,,,,,,,,,,,,,,,,,,,,,,,,,,,"$2,824.97","$2,824.97","$2,730.81","$2,636.64","$2,542.48","$2,448.31","$2,354.15","$2,259.98","$2,165.81","$2,071.65","$1,977.48","$1,883.32","$1,789.15","$1,694.99","$1,629.07","$1,563.15","$1,497.24","$1,431.32","$1,365.40","$1,299.49","$1,233.57","$1,167.66","$1,101.74","$1,035.82",$969.91,$903.99,$875.74,$847.49,$819.24,$790.99,$762.74,$734.49,$706.24,$677.99,$649.74,$621.49,$593.24,$565.00,$583.83,$602.66,$621.49,$640.33,$659.16,$960.49,$988.74,"$1,016.99","$1,045.24",$474.60,$768.39,"$1,129.99","$1,435.09","$1,344.69","$1,344.69"
Silicon Power XPOWER Zenith RGB Gaming 32 GB,DDR5-6000,2 x 16GB,12 ns,36,$14.25,Black,0.0,0,,,,,,,,,,,,,,,,,,,,,,,,,,,,,,,,,,,,,,,,,,,,,,,"$1,139.93","$1,139.93","$1,101.93","$1,063.93","$1,025.93",$987.93,$949.94,$911.94,$873.94,$835.95,$797.95,$759.95,$721.95,$683.96,$657.36,$630.76,$604.16,$577.56,$550.96,$524.37,$497.77,$471.17,$444.57,$417.97,$391.37,$364.78,$353.38,$341.98,$330.58,$319.18,$307.78,$296.38,$284.98,$273.58,$262.18,$250.78,$239.38,$227.99,$235.58,$243.18,$250.78,$258.38,$265.98,$387.57,$398.97,$410.37,$421.77,$191.51,$310.06,$455.97,$579.08,$542.60,$542.60
Silicon Power SP064GBSVU560F22 64 GB,DDR5-5600,2 x 32GB,16.429 ns,46,$8.44,Black,4.0,1,,,,,,,,,,,,,,,,,,,,,,,,,,,,,,,,,,,,,,,,,,,,,,,"$1,349.97","$1,349.97","$1,304.98","$1,259.98","$1,214.98","$1,169.98","$1,124.98","$1,079.98","$1,034.98",$989.98,$944.98,$899.98,$854.98,$809.99,$778.49,$746.99,$715.49,$683.99,$652.49,$620.99,$589.49,$557.99,$526.49,$494.99,$463.49,$431.99,$418.49,$404.99,$391.49,$377.99,$364.49,$350.99,$337.49,$323.99,$310.49,$296.99,$283.49,$270.00,$278.99,$287.99,$296.99,$305.99,$314.99,$458.99,$472.49,$485.99,$499.49,$226.80,$367.19,$539.99,$685.79,$642.59,$642.59
TEAMGROUP T-Create Classic 32 GB,DDR5-5600,1 x 32GB,16.429 ns,46,$11.41,Black,0.0,0,,,,,,,,,,,,,,,,,,,,,,,,,,,,,,,,,,,,,,,,,,,,,,,$912.48,$912.48,$882.06,$851.64,$821.23,$790.81,$760.40,$729.98,$699.56,$669.15,$638.73,$608.32,$577.90,$547.49,$526.19,$504.90,$483.61,$462.32,$441.03,$419.74,$398.45,$377.16,$355.87,$334.57,$313.28,$291.99,$282.87,$273.74,$264.62,$255.49,$246.37,$237.24,$228.12,$218.99,$209.87,$200.74,$191.62,$182.50,$188.58,$194.66,$200.74,$206.83,$212.91,$310.24,$319.37,$328.49,$337.62,$153.30,$248.19,$364.99,$463.54,$434.34,$434.34
Kingston FURY Impact 8 GB,DDR4-3200,1 x 8GB,12.5 ns,20,$6.87,Black,0.0,0,$77.44,$77.90,$78.36,$78.82,$79.28,$79.74,$80.19,$80.65,$81.11,$81.57,$82.03,$82.48,$68.74,$65.99,$63.24,$60.49,$57.74,$54.99,$52.24,$49.49,$46.74,$43.99,$41.24,$38.49,$33.45,$33.91,$34.37,$34.83,$35.29,$35.74,$36.20,$36.66,$37.12,$37.58,$38.03,$38.49,$39.41,$40.33,$41.24,$42.16,$43.08,$43.99,$44.91,$45.82,$46.74,$47.66,$48.57,$49.49,$48.12,$46.74,$45.37,$43.99,$42.62,$41.24,$39.87,$38.49,$37.12,$35.74,$34.37,$32.99,$32.08,$31.16,$30.24,$29.33,$28.41,$27.50,$26.58,$25.66,$24.75,$23.83,$22.91,$22.00,$22.45,$22.91,$23.37,$23.83,$24.29,$24.75,$25.20,$25.66,$26.12,$26.58,$27.04,$27.50,$28.41,$29.33,$30.24,$31.16,$32.08,$46.74,$48.12,$49.49,$50.87,$23.10,$37.39,$54.99,$80.29,$87.98,$79.74
PNY Performance 8 GB,DDR4-2666,1 x 8GB,14.254 ns,19,,Black,0.0,0,$47.87,$48.15,$48.44,$48.72,$49.00,$49.29,$49.57,$49.85,$50.14,$50.42,$50.70,$50.98,$42.49,$40.79,$39.09,$37.39,$35.69,$33.99,$32.29,$30.59,$28.89,$27.19,$25.49,$23.79,$20.68,$20.96,$21.24,$21.53,$21.81,$22.09,$22.38,$22.66,$22.94,$23.23,$23.51,$23.79,$24.36,$24.93,$25.49,$26.06,$26.63,$27.19,$27.76,$28.32,$28.89,$29.46,$30.02,$30.59,$29.74,$28.89,$28.04,$27.19,$26.34,$25.49,$24.64,$23.79,$22.94,$22.09,$21.24,$20.39,$19.83,$19.26,$18.69,$18.13,$17.56,$17.00,$16.43,$15.86,$15.30,$14.73,$14.16,$13.60,$13.88,$14.16,$14.45,$14.73,$15.01,$15.30,$15.58,$15.86,$16.15,$16.43,$16.71,$17.00,$17.56,$18.13,$18.69,$19.26,$19.83,$28.89,$29.74,$30.59,$31.44,$14.28,$23.11,$33.99,$49.63,$54.38,$49.29
Kingston ValueRAM 32 GB,DDR4-2133,1 x 32GB,14.065 ns,15,$4.69,Black / Green,0.0,0,$211.24,$212.49,$213.74,$214.99,$216.24,$217.49,$218.74,$219.99,$221.24,$222.49,$223.74,$224.99,$187.49,$179.99,$172.49,$164.99,$157.49,$149.99,$142.49,$134.99,$127.49,$119.99,$112.49,$104.99,$91.24,$92.49,$93.74,$94.99,$96.24,$97.49,$98.74,$99.99,$101.24,$102.49,$103.74,$104.99,$107.49,$109.99,$112.49,$114.99,$117.49,$119.99,$122.49,$124.99,$127.49,$129.99,$132.49,$134.99,$131.24,$127.49,$123.74,$119.99,$116.24,$112.49,$108.74,$104.99,$101.24,$97.49,$93.74,$89.99,$87.49,$84.99,$82.49,$79.99,$77.49,$75.00,$72.50,$70.00,$67.50,$65.00,$62.50,$60.00,$61.25,$62.50,$63.75,$65.00,$66.25,$67.50,$68.75,$70.00,$71.25,$72.50,$73.75,$75.00,$77.49,$79.99,$82.49,$84.99,$87.49,$127.49,$131.24,$134.99,$138.74,$63.00,$101.99,$149.99,$218.99,$239.98,$217.49
Mushkin Essentials 8 GB,DDR4-2133,2 x 4GB,14.065 ns,15,$5.12,Green,0.0,0,$57.73,$58.07,$58.41,$58.75,$59.09,$59.44,$59.78,$60.12,$60.46,$60.80,$61.14,$61.48,$51.24,$49.19,$47.14,$45.09,$43.04,$40.99,$38.94,$36.89,$34.84,$32.79,$30.74,$28.69,$24.94,$25.28,$25.62,$25.96,$26.30,$26.64,$26.99,$27.33,$27.67,$28.01,$28.35,$28.69,$29.38,$30.06,$30.74,$31.43,$32.11,$32.79,$33.48,$34.16,$34.84,$35.52,$36.21,$36.89,$35.87,$34.84,$33.82,$32.79,$31.77,$30.74,$29.72,$28.69,$27.67,$26.64,$25.62,$24.59,$23.91,$23.23,$22.54,$21.86,$21.18,$20.50,$19.81,$19.13,$18.45,$17.76,$17.08,$16.40,$16.74,$17.08,$17.42,$17.76,$18.10,$18.45,$18.79,$19.13,$19.47,$19.81,$20.15,$20.50,$21.18,$21.86,$22.54,$23.23,$23.91,$34.84,$35.87,$36.89,$37.92,$17.22,$27.87,$40.99,$59.85,$65.58,$59.44
G.Skill Ripjaws 32 GB,DDR5-4800,1 x 32GB,16.667 ns,40,$11.25,Black,0.0,0,,,,,,,,,,,,,,,,,,,,,,,,,,,,,,,,,,,,,,,,,,,,,,,$899.98,$899.98,$869.98,$839.98,$809.98,$779.98,$749.98,$719.98,$689.98,$659.98,$629.98,$599.98,$569.98,$539.99,$518.99,$497.99,$476.99,$455.99,$434.99,$413.99,$392.99,$371.99,$350.99,$329.99,$308.99,$287.99,$278.99,$269.99,$260.99,$251.99,$242.99,$233.99,$224.99,$215.99,$206.99,$197.99,$188.99,$180.00,$185.99,$191.99,$197.99,$203.99,$209.99,$305.99,$314.99,$323.99,$332.99,$151.20,$244.79,$359.99,$457.19,$428.39,$428.39
Patriot Viper Venom RGB 32 GB,DDR5-7000,2 x 16GB,11.429 ns,40,$23.02,Black / White,0.0,0,,,,,,,,,,,,,,,,,,,,,,,,,,,,,,,,,,,,,,,,,,,,,,,"$1,841.18","$1,841.18","$1,779.80","$1,718.43","$1,657.06","$1,595.68","$1,534.31","$1,472.94","$1,411.57","$1,350.20","$1,288.82","$1,227.45","$1,166.08","$1,104.70","$1,061.74","$1,018.78",$975.82,$932.86,$889.90,$846.94,$803.98,$761.02,$718.06,$675.10,$632.14,$589.18,$570.76,$552.35,$533.94,$515.53,$497.12,$478.71,$460.29,$441.88,$423.47,$405.06,$386.65,$368.24,$380.51,$392.78,$405.06,$417.33,$429.61,$626.00,$644.41,$662.82,$681.23,$309.32,$500.80,$736.47,$935.32,$876.40,$876.40
Crucial CT4G4RFS8266 4 GB,DDR4-2666,1 x 4GB,14.254 ns,19,$9.03,Green / Black,0.0,0,$50.84,$51.14,$51.44,$51.74,$52.04,$52.34,$52.65,$52.95,$53.25,$53.55,$53.85,$54.15,$45.12,$43.32,$41.52,$39.71,$37.91,$36.10,$34.30,$32.49,$30.69,$28.88,$27.08,$25.27,$21.96,$22.26,$22.56,$22.86,$23.16,$23.47,$23.77,$24.07,$24.37,$24.67,$24.97,$25.27,$25.87,$26.47,$27.08,$27.68,$28.28,$28.88,$29.48,$30.08,$30.68,$31.29,$31.89,$32.49,$31.59,$30.68,$29.78,$28.88,$27.98,$27.08,$26.17,$25.27,$24.37,$23.47,$22.56,$21.66,$21.06,$20.46,$19.85,$19.25,$18.65,$18.05,$17.45,$16.85,$16.24,$15.64,$15.04,$14.44,$14.74,$15.04,$15.34,$15.64,$15.94,$16.25,$16.55,$16.85,$17.15,$17.45,$17.75,$18.05,$18.65,$19.25,$19.86,$20.46,$21.06,$30.68,$31.59,$32.49,$33.39,$15.16,$24.55,$36.10,$52.71,$57.76,$52.34
Patriot Viper Elite II 32 GB,DDR4-3600,1 x 32GB,11.111 ns,20,,Red / Black,0.0,0,$342.21,$344.24,$346.26,$348.29,$350.31,$352.34,$354.36,$356.39,$358.41,$360.44,$362.46,$364.49,$303.74,$291.59,$279.44,$267.29,$255.14,$242.99,$230.84,$218.69,$206.54,$194.39,$182.24,$170.09,$147.82,$149.84,$151.87,$153.89,$155.92,$157.94,$159.97,$161.99,$164.02,$166.04,$168.07,$170.09,$174.14,$178.19,$182.24,$186.29,$190.34,$194.39,$198.44,$202.49,$206.54,$210.59,$214.64,$218.69,$212.62,$206.54,$200.47,$194.39,$188.32,$182.24,$176.17,$170.09,$164.02,$157.94,$151.87,$145.79,$141.74,$137.69,$133.64,$129.59,$125.54,$121.50,$117.45,$113.40,$109.35,$105.30,$101.25,$97.20,$99.22,$101.25,$103.27,$105.30,$107.32,$109.35,$111.37,$113.40,$115.42,$117.45,$119.47,$121.50,$125.54,$129.59,$133.64,$137.69,$141.74,$206.54,$212.62,$218.69,$224.77,$102.06,$165.23,$242.99,$354.77,$388.78,$352.34
G.Skill Ripjaws S5 48 GB,DDR5-5200,2 x 24GB,15.385 ns,40,$10.63,White,0.0,0,,,,,,,,,,,,,,,,,,,,,,,,,,,,,,,,,,,,,,,,,,,,,,,"$1,274.97","$1,274.97","$1,232.48","$1,189.98","$1,147.48","$1,104.98","$1,062.48","$1,019.98",$977.48,$934.98,$892.48,$849.98,$807.48,$764.99,$735.24,$705.49,$675.74,$645.99,$616.24,$586.49,$556.74,$526.99,$497.24,$467.49,$437.74,$407.99,$395.24,$382.49,$369.74,$356.99,$344.24,$331.49,$318.74,$305.99,$293.24,$280.49,$267.74,$255.00,$263.49,$271.99,$280.49,$288.99,$297.49,$433.49,$446.24,$458.99,$471.74,$214.20,$346.79,$509.99,$647.69,$606.89,$606.89
G.Skill Trident Z Royal 16 GB,DDR4-4400,2 x 8GB,8.182 ns,18,$13.06,Silver,0.0,0,$294.34,$296.08,$297.82,$299.57,$301.31,$303.05,$304.79,$306.53,$308.27,$310.02,$311.76,$313.50,$261.25,$250.80,$240.35,$229.90,$219.45,$209.00,$198.55,$188.10,$177.65,$167.20,$156.75,$146.30,$127.14,$128.88,$130.62,$132.37,$134.11,$135.85,$137.59,$139.33,$141.08,$142.82,$144.56,$146.30,$149.78,$153.27,$156.75,$160.23,$163.72,$167.20,$170.68,$174.17,$177.65,$181.13,$184.62,$188.10,$182.88,$177.65,$172.43,$167.20,$161.97,$156.75,$151.53,$146.30,$141.08,$135.85,$130.62,$125.40,$121.92,$118.43,$114.95,$111.47,$107.98,$104.50,$101.02,$97.53,$94.05,$90.57,$87.08,$83.60,$85.34,$87.08,$88.83,$90.57,$92.31,$94.05,$95.79,$97.53,$99.28,$101.02,$102.76,$104.50,$107.98,$111.47,$114.95,$118.43,$121.92,$177.65,$182.88,$188.10,$193.32,$87.78,$142.12,$209.00,$305.14,$334.40,$303.05
G.Skill Trident Z Royal 32 GB,DDR4-4000,4 x 8GB,8.5 ns,17,$10.91,Silver,0.0,0,$491.51,$494.42,$497.32,$500.23,$503.14,$506.05,$508.96,$511.87,$514.77,$517.68,$520.59,$523.50,$436.25,$418.80,$401.35,$383.90,$366.45,$349.00,$331.55,$314.10,$296.65,$279.20,$261.75,$244.30,$212.31,$215.22,$218.12,$221.03,$223.94,$226.85,$229.76,$232.67,$235.58,$238.48,$241.39,$244.30,$250.12,$255.93,$261.75,$267.57,$273.38,$279.20,$285.02,$290.83,$296.65,$302.47,$308.28,$314.10,$305.38,$296.65,$287.93,$279.20,$270.48,$261.75,$253.03,$244.30,$235.58,$226.85,$218.12,$209.40,$203.58,$197.77,$191.95,$186.13,$180.32,$174.50,$168.68,$162.87,$157.05,$151.23,$145.42,$139.60,$142.51,$145.42,$148.33,$151.23,$154.14,$157.05,$159.96,$162.87,$165.78,$168.68,$171.59,$174.50,$180.32,$186.13,$191.95,$197.77,$203.58,$296.65,$305.38,$314.10,$322.82,$146.58,$237.32,$349.00,$509.54,$558.40,$506.05
G.Skill Trident Z Royal 16 GB,DDR4-4400,2 x 8GB,8.182 ns,18,$15.56,Gold,0.0,0,$350.67,$352.75,$354.82,$356.90,$358.98,$361.05,$363.12,$365.20,$367.27,$369.35,$371.43,$373.50,$311.25,$298.80,$286.35,$273.90,$261.45,$249.00,$236.55,$224.10,$211.65,$199.20,$186.75,$174.30,$151.47,$153.55,$155.62,$157.70,$159.77,$161.85,$163.93,$166.00,$168.08,$170.15,$172.22,$174.30,$178.45,$182.60,$186.75,$190.90,$195.05,$199.20,$203.35,$207.50,$211.65,$215.80,$219.95,$224.10,$217.88,$211.65,$205.43,$199.20,$192.97,$186.75,$180.53,$174.30,$168.08,$161.85,$155.62,$149.40,$145.25,$141.10,$136.95,$132.80,$128.65,$124.50,$120.35,$116.20,$112.05,$107.90,$103.75,$99.60,$101.68,$103.75,$105.83,$107.90,$109.98,$112.05,$114.13,$116.20,$118.28,$120.35,$122.43,$124.50,$128.65,$132.80,$136.95,$141.10,$145.25,$211.65,$217.88,$224.10,$230.32,$104.58,$169.32,$249.00,$363.54,$398.40,$361.05
TEAMGROUP Dark 16 GB,DDR4-2400,2 x 8GB,11.667 ns,14,$6.81,Black / Silver,5.0,7,$153.51,$154.42,$155.32,$156.23,$157.14,$158.05,$158.96,$159.87,$160.77,$161.68,$162.59,$163.50,$136.25,$130.80,$125.35,$119.90,$114.45,$109.00,$103.55,$98.10,$92.65,$87.20,$81.75,$76.30,$66.31,$67.22,$68.12,$69.03,$69.94,$70.85,$71.76,$72.67,$73.58,$74.48,$75.39,$76.30,$78.12,$79.93,$81.75,$83.57,$85.38,$87.20,$89.02,$90.83,$92.65,$94.47,$96.28,$98.10,$95.38,$92.65,$89.93,$87.20,$84.48,$81.75,$79.02,$76.30,$73.58,$70.85,$68.12,$65.40,$63.58,$61.77,$59.95,$58.13,$56.32,$54.50,$52.68,$50.87,$49.05,$47.23,$45.42,$43.60,$44.51,$45.42,$46.33,$47.23,$48.14,$49.05,$49.96,$50.87,$51.78,$52.68,$53.59,$54.50,$56.32,$58.13,$59.95,$61.77,$63.58,$92.65,$95.38,$98.10,$100.82,$45.78,$74.12,$109.00,$159.14,$174.40,$158.05
G.Skill Sniper X 16 GB,DDR4-3400,2 x 8GB,9.412 ns,16,$24.46,Camo / Black,0.0,0,$551.07,$554.33,$557.59,$560.85,$564.11,$567.37,$570.63,$573.89,$577.15,$580.41,$583.67,$586.94,$489.11,$469.55,$449.98,$430.42,$410.85,$391.29,$371.73,$352.16,$332.60,$313.03,$293.47,$273.90,$238.03,$241.30,$244.56,$247.82,$251.08,$254.34,$257.60,$260.86,$264.12,$267.38,$270.64,$273.90,$280.42,$286.95,$293.47,$299.99,$306.51,$313.03,$319.55,$326.07,$332.60,$339.12,$345.64,$352.16,$342.38,$332.60,$322.81,$313.03,$303.25,$293.47,$283.69,$273.90,$264.12,$254.34,$244.56,$234.77,$228.25,$221.73,$215.21,$208.69,$202.17,$195.65,$189.12,$182.60,$176.08,$169.56,$163.04,$156.52,$159.78,$163.04,$166.30,$169.56,$172.82,$176.08,$179.34,$182.60,$185.86,$189.12,$192.38,$195.65,$202.17,$208.69,$215.21,$221.73,$228.25,$332.60,$342.38,$352.16,$361.94,$164.34,$266.08,$391.29,$571.28,$626.06,$567.37
Thermaltake TOUGHRAM XG RGB 16 GB,DDR4-4000,2 x 8GB,9.5 ns,19,$10.94,Black / Silver,0.0,0,$246.43,$247.89,$249.35,$250.80,$252.26,$253.72,$255.18,$256.64,$258.10,$259.55,$261.01,$262.47,$218.72,$209.98,$201.23,$192.48,$183.73,$174.98,$166.23,$157.48,$148.73,$139.98,$131.24,$122.49,$106.45,$107.90,$109.36,$110.82,$112.28,$113.74,$115.20,$116.65,$118.11,$119.57,$121.03,$122.49,$125.40,$128.32,$131.23,$134.15,$137.07,$139.98,$142.90,$145.82,$148.73,$151.65,$154.57,$157.48,$153.11,$148.73,$144.36,$139.98,$135.61,$131.23,$126.86,$122.49,$118.11,$113.74,$109.36,$104.99,$102.07,$99.16,$96.24,$93.32,$90.41,$87.49,$84.57,$81.66,$78.74,$75.82,$72.91,$69.99,$71.45,$72.91,$74.37,$75.82,$77.28,$78.74,$80.20,$81.66,$83.12,$84.57,$86.03,$87.49,$90.41,$93.32,$96.24,$99.16,$102.07,$148.73,$153.11,$157.48,$161.86,$73.49,$118.99,$174.98,$255.47,$279.97,$253.72
Kingston KSM48R40BS4TMM-32HMR 32 GB,DDR5-4800,1 x 32GB,16.667 ns,40,,Green,0.0,0,,,,,,,,,,,,,,,,,,,,,,,,,,,,,,,,,,,,,,,,,,,,,,,$874.98,$874.98,$845.81,$816.64,$787.48,$758.31,$729.15,$699.98,$670.81,$641.65,$612.48,$583.32,$554.15,$524.99,$504.57,$484.15,$463.74,$443.32,$422.90,$402.49,$382.07,$361.66,$341.24,$320.82,$300.41,$279.99,$271.24,$262.49,$253.74,$244.99,$236.24,$227.49,$218.74,$209.99,$201.24,$192.49,$183.74,$175.00,$180.83,$186.66,$192.49,$198.33,$204.16,$297.49,$306.24,$314.99,$323.74,$147.00,$237.99,$349.99,$444.49,$416.49,$416.49
G.Skill Trident Z5 32 GB,DDR5-5600,2 x 16GB,14.286 ns,40,$12.87,Black,0.0,0,,,,,,,,,,,,,,,,,,,,,,,,,,,,,,,,,,,,,,,,,,,,,,,"$1,029.22","$1,029.22",$994.92,$960.61,$926.30,$891.99,$857.69,$823.38,$789.07,$754.77,$720.46,$686.15,$651.84,$617.53,$593.52,$569.50,$545.49,$521.47,$497.46,$473.44,$449.43,$425.41,$401.40,$377.38,$353.37,$329.35,$319.06,$308.77,$298.48,$288.18,$277.89,$267.60,$257.31,$247.01,$236.72,$226.43,$216.14,$205.84,$212.71,$219.57,$226.43,$233.29,$240.15,$349.94,$360.23,$370.52,$380.81,$172.91,$279.95,$411.69,$522.85,$489.91,$489.91
Kingston KTD-PE421/8G 8 GB,DDR4-2133,1 x 8GB,14.065 ns,15,$3.74,Green,0.0,0,$42.12,$42.37,$42.62,$42.87,$43.12,$43.37,$43.62,$43.87,$44.12,$44.37,$44.62,$44.87,$37.39,$35.89,$34.40,$32.90,$31.41,$29.91,$28.41,$26.92,$25.42,$23.93,$22.43,$20.94,$18.20,$18.44,$18.69,$18.94,$19.19,$19.44,$19.69,$19.94,$20.19,$20.44,$20.69,$20.94,$21.44,$21.93,$22.43,$22.93,$23.43,$23.93,$24.43,$24.92,$25.42,$25.92,$26.42,$26.92,$26.17,$25.42,$24.68,$23.93,$23.18,$22.43,$21.68,$20.94,$20.19,$19.44,$18.69,$17.95,$17.45,$16.95,$16.45,$15.95,$15.45,$14.96,$14.46,$13.96,$13.46,$12.96,$12.46,$11.96,$12.21,$12.46,$12.71,$12.96,$13.21,$13.46,$13.71,$13.96,$14.21,$14.46,$14.71,$14.96,$15.45,$15.95,$16.45,$16.95,$17.45,$25.42,$26.17,$26.92,$27.67,$12.56,$20.34,$29.91,$43.67,$47.86,$43.37
Kingston ValueRAM 8 GB,DDR4-2133,1 x 8GB,14.065 ns,15,$4.00,Black / Green,0.0,0,$45.05,$45.32,$45.59,$45.85,$46.12,$46.39,$46.65,$46.92,$47.19,$47.45,$47.72,$47.98,$39.99,$38.39,$36.79,$35.19,$33.59,$31.99,$30.39,$28.79,$27.19,$25.59,$23.99,$22.39,$19.46,$19.73,$19.99,$20.26,$20.53,$20.79,$21.06,$21.33,$21.59,$21.86,$22.13,$22.39,$22.93,$23.46,$23.99,$24.53,$25.06,$25.59,$26.13,$26.66,$27.19,$27.72,$28.26,$28.79,$27.99,$27.19,$26.39,$25.59,$24.79,$23.99,$23.19,$22.39,$21.59,$20.79,$19.99,$19.19,$18.66,$18.13,$17.59,$17.06,$16.53,$15.99,$15.46,$14.93,$14.40,$13.86,$13.33,$12.80,$13.06,$13.33,$13.60,$13.86,$14.13,$14.40,$14.66,$14.93,$15.20,$15.46,$15.73,$15.99,$16.53,$17.06,$17.59,$18.13,$18.66,$27.19,$27.99,$28.79,$29.59,$13.44,$21.75,$31.99,$46.71,$51.18,$46.39
Silicon Power SP032GBSVU560F02 32 GB,DDR5-5600,1 x 32GB,16.429 ns,46,$10.59,Black,0.0,0,,,,,,,,,,,,,,,,,,,,,,,,,,,,,,,,,,,,,,,,,,,,,,,$846.98,$846.98,$818.74,$790.51,$762.28,$734.04,$705.81,$677.58,$649.35,$621.12,$592.88,$564.65,$536.42,$508.19,$488.42,$468.66,$448.90,$429.13,$409.37,$389.61,$369.85,$350.08,$330.32,$310.56,$290.79,$271.03,$262.56,$254.09,$245.62,$237.15,$228.68,$220.21,$211.74,$203.27,$194.80,$186.33,$177.86,$169.40,$175.04,$180.69,$186.33,$191.98,$197.63,$287.97,$296.44,$304.91,$313.38,$142.29,$230.38,$338.79,$430.26,$403.16,$403.16
Kingston KVR21R15S4/8 8 GB,DDR4-2133,1 x 8GB,14.065 ns,15,$5.71,Black / Green,0.0,0,$64.35,$64.73,$65.11,$65.49,$65.87,$66.25,$66.63,$67.01,$67.39,$67.77,$68.15,$68.53,$57.11,$54.83,$52.54,$50.26,$47.97,$45.69,$43.41,$41.12,$38.84,$36.55,$34.27,$31.98,$27.79,$28.18,$28.56,$28.94,$29.32,$29.70,$30.08,$30.46,$30.84,$31.22,$31.60,$31.98,$32.74,$33.51,$34.27,$35.03,$35.79,$36.55,$37.31,$38.07,$38.84,$39.60,$40.36,$41.12,$39.98,$38.84,$37.69,$36.55,$35.41,$34.27,$33.13,$31.98,$30.84,$29.70,$28.56,$27.41,$26.65,$25.89,$25.13,$24.37,$23.61,$22.84,$22.08,$21.32,$20.56,$19.80,$19.04,$18.28,$18.66,$19.04,$19.42,$19.80,$20.18,$20.56,$20.94,$21.32,$21.70,$22.08,$22.46,$22.84,$23.61,$24.37,$25.13,$25.89,$26.65,$38.84,$39.98,$41.12,$42.26,$19.19,$31.07,$45.69,$66.71,$73.10,$66.25
Corsair Vengeance Performance 8 GB,DDR4-2400,1 x 8GB,13.333 ns,16,$6.87,Black / Yellow,0.0,0,$77.43,$77.89,$78.35,$78.80,$79.26,$79.72,$80.18,$80.64,$81.10,$81.55,$82.01,$82.47,$68.72,$65.98,$63.23,$60.48,$57.73,$54.98,$52.23,$49.48,$46.73,$43.98,$41.24,$38.49,$33.45,$33.90,$34.36,$34.82,$35.28,$35.74,$36.20,$36.65,$37.11,$37.57,$38.03,$38.49,$39.40,$40.32,$41.23,$42.15,$43.07,$43.98,$44.90,$45.82,$46.73,$47.65,$48.57,$49.48,$48.11,$46.73,$45.36,$43.98,$42.61,$41.23,$39.86,$38.49,$37.11,$35.74,$34.36,$32.99,$32.07,$31.16,$30.24,$29.32,$28.41,$27.49,$26.57,$25.66,$24.74,$23.82,$22.91,$21.99,$22.45,$22.91,$23.37,$23.82,$24.28,$24.74,$25.20,$25.66,$26.12,$26.57,$27.03,$27.49,$28.41,$29.32,$30.24,$31.16,$32.07,$46.73,$48.11,$49.48,$50.86,$23.09,$37.39,$54.98,$80.27,$87.97,$79.72
G.Skill Ripjaws 16 GB,DDR4-2400,1 x 16GB,13.333 ns,16,$6.87,Black / Blue,5.0,1,$154.90,$155.82,$156.74,$157.65,$158.57,$159.49,$160.40,$161.32,$162.24,$163.15,$164.07,$164.98,$137.49,$131.99,$126.49,$120.99,$115.49,$109.99,$104.49,$98.99,$93.49,$87.99,$82.49,$76.99,$66.91,$67.83,$68.74,$69.66,$70.58,$71.49,$72.41,$73.33,$74.24,$75.16,$76.08,$76.99,$78.83,$80.66,$82.49,$84.33,$86.16,$87.99,$89.83,$91.66,$93.49,$95.32,$97.16,$98.99,$96.24,$93.49,$90.74,$87.99,$85.24,$82.49,$79.74,$76.99,$74.24,$71.49,$68.74,$65.99,$64.16,$62.33,$60.49,$58.66,$56.83,$54.99,$53.16,$51.33,$49.50,$47.66,$45.83,$44.00,$44.91,$45.83,$46.75,$47.66,$48.58,$49.50,$50.41,$51.33,$52.25,$53.16,$54.08,$54.99,$56.83,$58.66,$60.49,$62.33,$64.16,$93.49,$96.24,$98.99,$101.74,$46.20,$74.79,$109.99,$160.59,$175.98,$159.49
Corsair Vengeance Performance 16 GB,DDR4-2400,1 x 16GB,13.333 ns,16,$5.37,Black / Yellow,0.0,0,$121.10,$121.82,$122.54,$123.25,$123.97,$124.69,$125.40,$126.12,$126.84,$127.55,$128.27,$128.98,$107.49,$103.19,$98.89,$94.59,$90.29,$85.99,$81.69,$77.39,$73.09,$68.79,$64.49,$60.19,$52.31,$53.03,$53.74,$54.46,$55.18,$55.89,$56.61,$57.33,$58.04,$58.76,$59.48,$60.19,$61.63,$63.06,$64.49,$65.93,$67.36,$68.79,$70.23,$71.66,$73.09,$74.52,$75.96,$77.39,$75.24,$73.09,$70.94,$68.79,$66.64,$64.49,$62.34,$60.19,$58.04,$55.89,$53.74,$51.59,$50.16,$48.73,$47.29,$45.86,$44.43,$42.99,$41.56,$40.13,$38.70,$37.26,$35.83,$34.40,$35.11,$35.83,$36.55,$37.26,$37.98,$38.70,$39.41,$40.13,$40.85,$41.56,$42.28,$42.99,$44.43,$45.86,$47.29,$48.73,$50.16,$73.09,$75.24,$77.39,$79.54,$36.12,$58.47,$85.99,$125.55,$137.58,$124.69
TEAMGROUP T-Create Master 128 GB,DDR5-6000,8 x 16GB,10.667 ns,32,$13.06,Black,0.0,0,,,,,,,,,,,,,,,,,,,,,,,,,,,,,,,,,,,,,,,,,,,,,,,"$4,177.48","$4,177.48","$4,038.23","$3,898.98","$3,759.73","$3,620.48","$3,481.23","$3,341.98","$3,202.73","$3,063.48","$2,924.23","$2,784.98","$2,645.73","$2,506.49","$2,409.01","$2,311.54","$2,214.06","$2,116.59","$2,019.11","$1,921.64","$1,824.16","$1,726.69","$1,629.22","$1,531.74","$1,434.27","$1,336.79","$1,295.02","$1,253.24","$1,211.47","$1,169.69","$1,127.92","$1,086.14","$1,044.37","$1,002.59",$960.82,$919.04,$877.27,$835.50,$863.34,$891.19,$919.04,$946.89,$974.74,"$1,420.34","$1,462.12","$1,503.89","$1,545.67",$701.82,"$1,136.27","$1,670.99","$2,122.16","$1,988.48","$1,988.48"
Patriot Signature Line 32 GB,DDR5-4800,1 x 32GB,19.167 ns,46,$10.94,Black,0.0,0,,,,,,,,,,,,,,,,,,,,,,,,,,,,,,,,,,,,,,,,,,,,,,,$874.98,$874.98,$845.81,$816.64,$787.48,$758.31,$729.15,$699.98,$670.81,$641.65,$612.48,$583.32,$554.15,$524.99,$504.57,$484.15,$463.74,$443.32,$422.90,$402.49,$382.07,$361.66,$341.24,$320.82,$300.41,$279.99,$271.24,$262.49,$253.74,$244.99,$236.24,$227.49,$218.74,$209.99,$201.24,$192.49,$183.74,$175.00,$180.83,$186.66,$192.49,$198.33,$204.16,$297.49,$306.24,$314.99,$323.74,$147.00,$237.99,$349.99,$444.49,$416.49,$416.49
TEAMGROUP T-Force Dark 8 GB,DDR4-2400,2 x 4GB,11.667 ns,14,$8.75,Red / Black,0.0,0,$98.56,$99.14,$99.72,$100.30,$100.89,$101.47,$102.05,$102.64,$103.22,$103.80,$104.39,$104.97,$87.48,$83.98,$80.48,$76.98,$73.48,$69.98,$66.48,$62.98,$59.48,$55.98,$52.49,$48.99,$42.57,$43.15,$43.74,$44.32,$44.90,$45.49,$46.07,$46.65,$47.24,$47.82,$48.40,$48.99,$50.15,$51.32,$52.48,$53.65,$54.82,$55.98,$57.15,$58.32,$59.48,$60.65,$61.82,$62.98,$61.23,$59.48,$57.73,$55.98,$54.23,$52.48,$50.74,$48.99,$47.24,$45.49,$43.74,$41.99,$40.82,$39.66,$38.49,$37.32,$36.16,$34.99,$33.82,$32.66,$31.49,$30.32,$29.16,$27.99,$28.58,$29.16,$29.74,$30.32,$30.91,$31.49,$32.07,$32.66,$33.24,$33.82,$34.41,$34.99,$36.16,$37.32,$38.49,$39.66,$40.82,$59.48,$61.23,$62.98,$64.73,$29.39,$47.59,$69.98,$102.17,$111.97,$101.47
Mushkin Silverline 8 GB,DDR4-2666,2 x 4GB,14.254 ns,19,$17.75,Silver,0.0,0,$199.97,$201.15,$202.34,$203.52,$204.70,$205.89,$207.07,$208.25,$209.44,$210.62,$211.80,$212.99,$177.49,$170.39,$163.29,$156.19,$149.09,$141.99,$134.89,$127.79,$120.69,$113.59,$106.49,$99.39,$86.38,$87.56,$88.74,$89.93,$91.11,$92.29,$93.48,$94.66,$95.84,$97.03,$98.21,$99.39,$101.76,$104.13,$106.49,$108.86,$111.23,$113.59,$115.96,$118.33,$120.69,$123.06,$125.42,$127.79,$124.24,$120.69,$117.14,$113.59,$110.04,$106.49,$102.94,$99.39,$95.84,$92.29,$88.74,$85.19,$82.83,$80.46,$78.09,$75.73,$73.36,$71.00,$68.63,$66.26,$63.90,$61.53,$59.16,$56.80,$57.98,$59.16,$60.35,$61.53,$62.71,$63.90,$65.08,$66.26,$67.45,$68.63,$69.81,$71.00,$73.36,$75.73,$78.09,$80.46,$82.83,$120.69,$124.24,$127.79,$131.34,$59.64,$96.55,$141.99,$207.31,$227.18,$205.89
Patriot Viper Venom RGB 64 GB,DDR5-5200,2 x 32GB,15.385 ns,40,$14.41,Black / White,0.0,0,,,,,,,,,,,,,,,,,,,,,,,,,,,,,,,,,,,,,,,,,,,,,,,"$2,305.25","$2,305.25","$2,228.41","$2,151.57","$2,074.72","$1,997.88","$1,921.04","$1,844.20","$1,767.36","$1,690.52","$1,613.67","$1,536.83","$1,459.99","$1,383.15","$1,329.36","$1,275.57","$1,221.78","$1,167.99","$1,114.20","$1,060.41","$1,006.63",$952.84,$899.05,$845.26,$791.47,$737.68,$714.63,$691.58,$668.52,$645.47,$622.42,$599.37,$576.31,$553.26,$530.21,$507.16,$484.10,$461.05,$476.42,$491.79,$507.16,$522.52,$537.89,$783.78,$806.84,$829.89,$852.94,$387.28,$627.03,$922.10,"$1,171.07","$1,097.30","$1,097.30"
Crucial CT16G4RFD424A 16 GB,DDR4-2400,1 x 16GB,14.167 ns,17,$8.11,Green / Black,0.0,0,$182.79,$183.87,$184.95,$186.03,$187.11,$188.20,$189.28,$190.36,$191.44,$192.52,$193.60,$194.69,$162.24,$155.75,$149.26,$142.77,$136.28,$129.79,$123.30,$116.81,$110.32,$103.83,$97.34,$90.85,$78.96,$80.04,$81.12,$82.20,$83.28,$84.36,$85.45,$86.53,$87.61,$88.69,$89.77,$90.85,$93.02,$95.18,$97.34,$99.51,$101.67,$103.83,$106.00,$108.16,$110.32,$112.48,$114.65,$116.81,$113.57,$110.32,$107.08,$103.83,$100.59,$97.34,$94.10,$90.85,$87.61,$84.36,$81.12,$77.87,$75.71,$73.55,$71.38,$69.22,$67.06,$64.89,$62.73,$60.57,$58.41,$56.24,$54.08,$51.92,$53.00,$54.08,$55.16,$56.24,$57.32,$58.41,$59.49,$60.57,$61.65,$62.73,$63.81,$64.89,$67.06,$69.22,$71.38,$73.55,$75.71,$110.32,$113.57,$116.81,$120.06,$54.51,$88.26,$129.79,$189.49,$207.66,$188.20
Patriot Viper 4 16 GB,DDR4-2666,4 x 4GB,11.253 ns,15,$7.25,Black / Red,0.0,0,$163.44,$164.40,$165.37,$166.34,$167.31,$168.27,$169.24,$170.21,$171.17,$172.14,$173.11,$174.07,$145.06,$139.26,$133.46,$127.66,$121.85,$116.05,$110.25,$104.45,$98.64,$92.84,$87.04,$81.23,$70.60,$71.56,$72.53,$73.50,$74.47,$75.43,$76.40,$77.37,$78.33,$79.30,$80.27,$81.23,$83.17,$85.10,$87.04,$88.97,$90.91,$92.84,$94.77,$96.71,$98.64,$100.58,$102.51,$104.44,$101.54,$98.64,$95.74,$92.84,$89.94,$87.04,$84.14,$81.23,$78.33,$75.43,$72.53,$69.63,$67.70,$65.76,$63.83,$61.89,$59.96,$58.02,$56.09,$54.16,$52.22,$50.29,$48.35,$46.42,$47.39,$48.35,$49.32,$50.29,$51.26,$52.22,$53.19,$54.16,$55.12,$56.09,$57.06,$58.02,$59.96,$61.89,$63.83,$65.76,$67.70,$98.64,$101.54,$104.44,$107.35,$48.74,$78.91,$116.05,$169.43,$185.68,$168.27
G.Skill Trident Z5 RGB 32 GB,DDR5-6600,2 x 16GB,10.303 ns,34,$10.94,Black,0.0,0,,,,,,,,,,,,,,,,,,,,,,,,,,,,,,,,,,,,,,,,,,,,,,,$874.98,$874.98,$845.81,$816.64,$787.48,$758.31,$729.15,$699.98,$670.81,$641.65,$612.48,$583.32,$554.15,$524.99,$504.57,$484.15,$463.74,$443.32,$422.90,$402.49,$382.07,$361.66,$341.24,$320.82,$300.41,$279.99,$271.24,$262.49,$253.74,$244.99,$236.24,$227.49,$218.74,$209.99,$201.24,$192.49,$183.74,$175.00,$180.83,$186.66,$192.49,$198.33,$204.16,$297.49,$306.24,$314.99,$323.74,$147.00,$237.99,$349.99,$444.49,$416.49,$416.49
Patriot Viper Elite II 8 GB,DDR4-2666,1 x 8GB,12.003 ns,16,,Red / Black,0.0,0,$73.22,$73.65,$74.09,$74.52,$74.95,$75.39,$75.82,$76.25,$76.69,$77.12,$77.55,$77.98,$64.99,$62.39,$59.79,$57.19,$54.59,$51.99,$49.39,$46.79,$44.19,$41.59,$38.99,$36.39,$31.63,$32.06,$32.49,$32.93,$33.36,$33.79,$34.23,$34.66,$35.09,$35.53,$35.96,$36.39,$37.26,$38.13,$38.99,$39.86,$40.73,$41.59,$42.46,$43.32,$44.19,$45.06,$45.92,$46.79,$45.49,$44.19,$42.89,$41.59,$40.29,$38.99,$37.69,$36.39,$35.09,$33.79,$32.49,$31.19,$30.33,$29.46,$28.59,$27.73,$26.86,$26.00,$25.13,$24.26,$23.40,$22.53,$21.66,$20.80,$21.23,$21.66,$22.10,$22.53,$22.96,$23.40,$23.83,$24.26,$24.70,$25.13,$25.56,$26.00,$26.86,$27.73,$28.59,$29.46,$30.33,$44.19,$45.49,$46.79,$48.09,$21.84,$35.35,$51.99,$75.91,$83.18,$75.39
V-Color TRA516G72S834O 128 GB,DDR5-7200,8 x 16GB,9.444 ns,34,$27.81,Black,0.0,0,,,,,,,,,,,,,,,,,,,,,,,,,,,,,,,,,,,,,,,,,,,,,,,"$8,899.97","$8,899.97","$8,603.31","$8,306.64","$8,009.98","$7,713.31","$7,416.65","$7,119.98","$6,823.31","$6,526.65","$6,229.98","$5,933.32","$5,636.65","$5,339.98","$5,132.32","$4,924.65","$4,716.99","$4,509.32","$4,301.65","$4,093.99","$3,886.32","$3,678.66","$3,470.99","$3,263.32","$3,055.66","$2,847.99","$2,758.99","$2,669.99","$2,580.99","$2,491.99","$2,402.99","$2,313.99","$2,224.99","$2,135.99","$2,046.99","$1,957.99","$1,868.99","$1,779.99","$1,839.33","$1,898.66","$1,957.99","$2,017.33","$2,076.66","$3,025.99","$3,114.99","$3,203.99","$3,292.99","$1,495.20","$2,420.79","$3,559.99","$4,521.19","$4,236.39","$4,236.39"
Crucial CT16G4RFD8266 16 GB,DDR4-2666,1 x 16GB,14.254 ns,19,$6.19,Green / Black,0.0,0,$139.42,$140.25,$141.07,$141.90,$142.72,$143.55,$144.38,$145.20,$146.02,$146.85,$147.68,$148.50,$123.75,$118.80,$113.85,$108.90,$103.95,$99.00,$94.05,$89.10,$84.15,$79.20,$74.25,$69.30,$60.22,$61.05,$61.88,$62.70,$63.52,$64.35,$65.17,$66.00,$66.83,$67.65,$68.47,$69.30,$70.95,$72.60,$74.25,$75.90,$77.55,$79.20,$80.85,$82.50,$84.15,$85.80,$87.45,$89.10,$86.62,$84.15,$81.68,$79.20,$76.73,$74.25,$71.77,$69.30,$66.83,$64.35,$61.88,$59.40,$57.75,$56.10,$54.45,$52.80,$51.15,$49.50,$47.85,$46.20,$44.55,$42.90,$41.25,$39.60,$40.43,$41.25,$42.08,$42.90,$43.73,$44.55,$45.38,$46.20,$47.03,$47.85,$48.68,$49.50,$51.15,$52.80,$54.45,$56.10,$57.75,$84.15,$86.62,$89.10,$91.57,$41.58,$67.32,$99.00,$144.54,$158.40,$143.55
Kingston KCP426SS8/8 8 GB,DDR4-2666,1 x 8GB,12.753 ns,17,$5.25,Green / Black,0.0,0,$59.15,$59.50,$59.85,$60.20,$60.55,$60.90,$61.25,$61.60,$61.95,$62.30,$62.65,$63.00,$52.50,$50.40,$48.30,$46.20,$44.10,$42.00,$39.90,$37.80,$35.70,$33.60,$31.50,$29.40,$25.55,$25.90,$26.25,$26.60,$26.95,$27.30,$27.65,$28.00,$28.35,$28.70,$29.05,$29.40,$30.10,$30.80,$31.50,$32.20,$32.90,$33.60,$34.30,$35.00,$35.70,$36.40,$37.10,$37.80,$36.75,$35.70,$34.65,$33.60,$32.55,$31.50,$30.45,$29.40,$28.35,$27.30,$26.25,$25.20,$24.50,$23.80,$23.10,$22.40,$21.70,$21.00,$20.30,$19.60,$18.90,$18.20,$17.50,$16.80,$17.15,$17.50,$17.85,$18.20,$18.55,$18.90,$19.25,$19.60,$19.95,$20.30,$20.65,$21.00,$21.70,$22.40,$23.10,$23.80,$24.50,$35.70,$36.75,$37.80,$38.85,$17.64,$28.56,$42.00,$61.32,$67.20,$60.90
TEAMGROUP Elite 32 GB,DDR4-3200,1 x 32GB,13.75 ns,22,$6.90,Black,0.0,0,$311.02,$312.86,$314.70,$316.54,$318.38,$320.22,$322.06,$323.90,$325.74,$327.58,$329.42,$331.26,$276.05,$265.01,$253.97,$242.92,$231.88,$220.84,$209.80,$198.76,$187.71,$176.67,$165.63,$154.59,$134.34,$136.18,$138.03,$139.87,$141.71,$143.55,$145.39,$147.23,$149.07,$150.91,$152.75,$154.59,$158.27,$161.95,$165.63,$169.31,$172.99,$176.67,$180.35,$184.03,$187.71,$191.39,$195.08,$198.76,$193.24,$187.71,$182.19,$176.67,$171.15,$165.63,$160.11,$154.59,$149.07,$143.55,$138.03,$132.50,$128.82,$125.14,$121.46,$117.78,$114.10,$110.42,$106.74,$103.06,$99.38,$95.70,$92.02,$88.34,$90.18,$92.02,$93.86,$95.70,$97.54,$99.38,$101.22,$103.06,$104.90,$106.74,$108.58,$110.42,$114.10,$117.78,$121.46,$125.14,$128.82,$187.71,$193.24,$198.76,$204.28,$92.75,$150.17,$220.84,$322.43,$353.34,$320.22
G.Skill Ripjaws 32 GB,DDR5-5600,1 x 32GB,14.286 ns,40,$14.69,Black,0.0,0,,,,,,,,,,,,,,,,,,,,,,,,,,,,,,,,,,,,,,,,,,,,,,,"$1,174.97","$1,174.97","$1,135.81","$1,096.64","$1,057.48","$1,018.31",$979.15,$939.98,$900.81,$861.65,$822.48,$783.32,$744.15,$704.99,$677.57,$650.15,$622.74,$595.32,$567.90,$540.49,$513.07,$485.66,$458.24,$430.82,$403.41,$375.99,$364.24,$352.49,$340.74,$328.99,$317.24,$305.49,$293.74,$281.99,$270.24,$258.49,$246.74,$235.00,$242.83,$250.66,$258.49,$266.33,$274.16,$399.49,$411.24,$422.99,$434.74,$197.40,$319.59,$469.99,$596.89,$559.29,$559.29
Kingston ValueRAM 16 GB,DDR4-2400,1 x 16GB,14.167 ns,17,$9.99,Green / Black,0.0,0,$225.19,$226.52,$227.86,$229.19,$230.52,$231.85,$233.19,$234.52,$235.85,$237.18,$238.52,$239.85,$199.88,$191.88,$183.89,$175.89,$167.90,$159.90,$151.91,$143.91,$135.92,$127.92,$119.93,$111.93,$97.27,$98.61,$99.94,$101.27,$102.60,$103.94,$105.27,$106.60,$107.93,$109.27,$110.60,$111.93,$114.59,$117.26,$119.93,$122.59,$125.26,$127.92,$130.59,$133.25,$135.91,$138.58,$141.25,$143.91,$139.91,$135.91,$131.92,$127.92,$123.92,$119.93,$115.93,$111.93,$107.93,$103.94,$99.94,$95.94,$93.27,$90.61,$87.94,$85.28,$82.61,$79.95,$77.28,$74.62,$71.95,$69.29,$66.62,$63.96,$65.29,$66.62,$67.96,$69.29,$70.62,$71.95,$73.29,$74.62,$75.95,$77.29,$78.62,$79.95,$82.62,$85.28,$87.95,$90.61,$93.28,$135.91,$139.91,$143.91,$147.91,$67.16,$108.73,$159.90,$233.45,$255.84,$231.85
TEAMGROUP T-Create Classic 64 GB,DDR5-5600,2 x 32GB,16.429 ns,46,$11.38,Black,0.0,0,,,,,,,,,,,,,,,,,,,,,,,,,,,,,,,,,,,,,,,,,,,,,,,"$1,819.97","$1,819.97","$1,759.31","$1,698.64","$1,637.98","$1,577.31","$1,516.65","$1,455.98","$1,395.31","$1,334.65","$1,273.98","$1,213.32","$1,152.65","$1,091.99","$1,049.52","$1,007.05",$964.59,$922.12,$879.65,$837.19,$794.72,$752.26,$709.79,$667.32,$624.86,$582.39,$564.19,$545.99,$527.79,$509.59,$491.39,$473.19,$454.99,$436.79,$418.59,$400.39,$382.19,$364.00,$376.13,$388.26,$400.39,$412.53,$424.66,$618.79,$636.99,$655.19,$673.39,$305.76,$495.03,$727.99,$924.55,$866.31,$866.31
Mushkin Essentials 32 GB,DDR4-2400,2 x 16GB,14.167 ns,17,$4.84,Green / Black,0.0,0,$217.90,$219.19,$220.48,$221.77,$223.05,$224.34,$225.63,$226.92,$228.21,$229.50,$230.79,$232.08,$193.40,$185.66,$177.93,$170.19,$162.46,$154.72,$146.98,$139.25,$131.51,$123.78,$116.04,$108.30,$94.12,$95.41,$96.70,$97.99,$99.28,$100.57,$101.86,$103.15,$104.44,$105.73,$107.01,$108.30,$110.88,$113.46,$116.04,$118.62,$121.20,$123.78,$126.35,$128.93,$131.51,$134.09,$136.67,$139.25,$135.38,$131.51,$127.64,$123.78,$119.91,$116.04,$112.17,$108.30,$104.44,$100.57,$96.70,$92.83,$90.25,$87.67,$85.10,$82.52,$79.94,$77.36,$74.78,$72.20,$69.62,$67.05,$64.47,$61.89,$63.18,$64.47,$65.76,$67.05,$68.33,$69.62,$70.91,$72.20,$73.49,$74.78,$76.07,$77.36,$79.94,$82.52,$85.10,$87.67,$90.25,$131.51,$135.38,$139.25,$143.12,$64.98,$105.21,$154.72,$225.89,$247.55,$224.34
Kingston KSM24ED8/16ME 16 GB,DDR4-2400,1 x 16GB,14.167 ns,17,$6.87,Green / Black,0.0,0,$154.90,$155.82,$156.74,$157.65,$158.57,$159.49,$160.40,$161.32,$162.24,$163.15,$164.07,$164.98,$137.49,$131.99,$126.49,$120.99,$115.49,$109.99,$104.49,$98.99,$93.49,$87.99,$82.49,$76.99,$66.91,$67.83,$68.74,$69.66,$70.58,$71.49,$72.41,$73.33,$74.24,$75.16,$76.08,$76.99,$78.83,$80.66,$82.49,$84.33,$86.16,$87.99,$89.83,$91.66,$93.49,$95.32,$97.16,$98.99,$96.24,$93.49,$90.74,$87.99,$85.24,$82.49,$79.74,$76.99,$74.24,$71.49,$68.74,$65.99,$64.16,$62.33,$60.49,$58.66,$56.83,$54.99,$53.16,$51.33,$49.50,$47.66,$45.83,$44.00,$44.91,$45.83,$46.75,$47.66,$48.58,$49.50,$50.41,$51.33,$52.25,$53.16,$54.08,$54.99,$56.83,$58.66,$60.49,$62.33,$64.16,$93.49,$96.24,$98.99,$101.74,$46.20,$74.79,$109.99,$160.59,$175.98,$159.49
G.Skill Trident Z 16 GB,DDR4-3466,2 x 8GB,9.233 ns,16,$10.25,Silver / White,0.0,0,$230.97,$232.33,$233.70,$235.07,$236.43,$237.80,$239.17,$240.53,$241.90,$243.27,$244.63,$246.00,$205.00,$196.80,$188.60,$180.40,$172.20,$164.00,$155.80,$147.60,$139.40,$131.20,$123.00,$114.80,$99.77,$101.13,$102.50,$103.87,$105.23,$106.60,$107.97,$109.33,$110.70,$112.07,$113.43,$114.80,$117.53,$120.27,$123.00,$125.73,$128.47,$131.20,$133.93,$136.67,$139.40,$142.13,$144.87,$147.60,$143.50,$139.40,$135.30,$131.20,$127.10,$123.00,$118.90,$114.80,$110.70,$106.60,$102.50,$98.40,$95.67,$92.93,$90.20,$87.47,$84.73,$82.00,$79.27,$76.53,$73.80,$71.07,$68.33,$65.60,$66.97,$68.33,$69.70,$71.07,$72.43,$73.80,$75.17,$76.53,$77.90,$79.27,$80.63,$82.00,$84.73,$87.47,$90.20,$92.93,$95.67,$139.40,$143.50,$147.60,$151.70,$68.88,$111.52,$164.00,$239.44,$262.40,$237.80
TEAMGROUP T-Force Zeus 32 GB,DDR4-3200,2 x 16GB,12.5 ns,20,$4.97,Red,0.0,0,$223.92,$225.25,$226.57,$227.90,$229.22,$230.55,$231.88,$233.20,$234.52,$235.85,$237.18,$238.50,$198.75,$190.80,$182.85,$174.90,$166.95,$159.00,$151.05,$143.10,$135.15,$127.20,$119.25,$111.30,$96.72,$98.05,$99.38,$100.70,$102.02,$103.35,$104.67,$106.00,$107.33,$108.65,$109.97,$111.30,$113.95,$116.60,$119.25,$121.90,$124.55,$127.20,$129.85,$132.50,$135.15,$137.80,$140.45,$143.10,$139.12,$135.15,$131.18,$127.20,$123.23,$119.25,$115.27,$111.30,$107.33,$103.35,$99.38,$95.40,$92.75,$90.10,$87.45,$84.80,$82.15,$79.50,$76.85,$74.20,$71.55,$68.90,$66.25,$63.60,$64.93,$66.25,$67.58,$68.90,$70.23,$71.55,$72.88,$74.20,$75.53,$76.85,$78.18,$79.50,$82.15,$84.80,$87.45,$90.10,$92.75,$135.15,$139.12,$143.10,$147.07,$66.78,$108.12,$159.00,$232.14,$254.40,$230.55
Kingston Impact 32 GB,DDR4-2400,4 x 8GB,12.5 ns,15,$9.38,Black,0.0,0,$422.49,$424.99,$427.49,$429.99,$432.49,$434.99,$437.49,$439.99,$442.49,$444.99,$447.49,$449.99,$374.99,$359.99,$344.99,$329.99,$314.99,$299.99,$284.99,$269.99,$254.99,$239.99,$224.99,$209.99,$182.49,$184.99,$187.49,$189.99,$192.49,$194.99,$197.49,$199.99,$202.49,$204.99,$207.49,$209.99,$214.99,$219.99,$224.99,$229.99,$234.99,$239.99,$244.99,$249.99,$254.99,$259.99,$264.99,$269.99,$262.49,$254.99,$247.49,$239.99,$232.49,$224.99,$217.49,$209.99,$202.49,$194.99,$187.49,$179.99,$174.99,$169.99,$164.99,$159.99,$154.99,$150.00,$145.00,$140.00,$135.00,$130.00,$125.00,$120.00,$122.50,$125.00,$127.50,$130.00,$132.50,$135.00,$137.50,$140.00,$142.50,$145.00,$147.50,$150.00,$154.99,$159.99,$164.99,$169.99,$174.99,$254.99,$262.49,$269.99,$277.49,$126.00,$203.99,$299.99,$437.99,$479.98,$434.99
G.Skill Ripjaws 16 GB,DDR4-3000,2 x 8GB,10.667 ns,16,$14.46,Black / Blue,0.0,0,$325.93,$327.86,$329.79,$331.72,$333.64,$335.57,$337.50,$339.43,$341.36,$343.29,$345.22,$347.14,$289.29,$277.72,$266.14,$254.57,$243.00,$231.43,$219.86,$208.29,$196.72,$185.14,$173.57,$162.00,$140.79,$142.72,$144.64,$146.57,$148.50,$150.43,$152.36,$154.29,$156.22,$158.14,$160.07,$162.00,$165.86,$169.72,$173.57,$177.43,$181.29,$185.14,$189.00,$192.86,$196.72,$200.57,$204.43,$208.29,$202.50,$196.72,$190.93,$185.14,$179.36,$173.57,$167.79,$162.00,$156.22,$150.43,$144.64,$138.86,$135.00,$131.14,$127.29,$123.43,$119.57,$115.72,$111.86,$108.00,$104.14,$100.29,$96.43,$92.57,$94.50,$96.43,$98.36,$100.29,$102.21,$104.14,$106.07,$108.00,$109.93,$111.86,$113.79,$115.72,$119.57,$123.43,$127.29,$131.14,$135.00,$196.72,$202.50,$208.29,$214.07,$97.20,$157.37,$231.43,$337.89,$370.29,$335.57
Lexar LD4AS008G-B3200GSST 8 GB,DDR4-3200,1 x 8GB,13.75 ns,22,$12.06,Black,0.0,0,$135.86,$136.67,$137.47,$138.27,$139.08,$139.88,$140.69,$141.49,$142.29,$143.10,$143.90,$144.70,$120.59,$115.76,$110.94,$106.12,$101.29,$96.47,$91.65,$86.82,$82.00,$77.18,$72.35,$67.53,$58.69,$59.49,$60.29,$61.10,$61.90,$62.71,$63.51,$64.31,$65.12,$65.92,$66.73,$67.53,$69.14,$70.74,$72.35,$73.96,$75.57,$77.18,$78.78,$80.39,$82.00,$83.61,$85.22,$86.82,$84.41,$82.00,$79.59,$77.18,$74.76,$72.35,$69.94,$67.53,$65.12,$62.71,$60.29,$57.88,$56.27,$54.67,$53.06,$51.45,$49.84,$48.23,$46.63,$45.02,$43.41,$41.80,$40.20,$38.59,$39.39,$40.20,$41.00,$41.80,$42.61,$43.41,$44.22,$45.02,$45.82,$46.63,$47.43,$48.23,$49.84,$51.45,$53.06,$54.67,$56.27,$82.00,$84.41,$86.82,$89.23,$40.52,$65.60,$96.47,$140.85,$154.35,$139.88
Corsair WS 256 GB,DDR5-5600,8 x 32GB,14.286 ns,40,,Black / Green,0.0,0,,,,,,,,,,,,,,,,,,,,,,,,,,,,,,,,,,,,,,,,,,,,,,,"$6,499.97","$6,499.97","$6,283.31","$6,066.64","$5,849.98","$5,633.31","$5,416.65","$5,199.98","$4,983.31","$4,766.65","$4,549.98","$4,333.32","$4,116.65","$3,899.98","$3,748.32","$3,596.65","$3,444.99","$3,293.32","$3,141.65","$2,989.99","$2,838.32","$2,686.66","$2,534.99","$2,383.32","$2,231.66","$2,079.99","$2,014.99","$1,949.99","$1,884.99","$1,819.99","$1,754.99","$1,689.99","$1,624.99","$1,559.99","$1,494.99","$1,429.99","$1,364.99","$1,299.99","$1,343.33","$1,386.66","$1,429.99","$1,473.33","$1,516.66","$2,209.99","$2,274.99","$2,339.99","$2,404.99","$1,092.00","$1,767.99","$2,599.99","$3,301.99","$3,093.99","$3,093.99"
Kingston FURY Renegade Pro 64 GB,DDR5-5600,4 x 16GB,12.857 ns,36,,Black,0.0,0,,,,,,,,,,,,,,,,,,,,,,,,,,,,,,,,,,,,,,,,,,,,,,,"$2,999.97","$2,999.97","$2,899.98","$2,799.98","$2,699.98","$2,599.98","$2,499.98","$2,399.98","$2,299.98","$2,199.98","$2,099.98","$1,999.98","$1,899.98","$1,799.99","$1,729.99","$1,659.99","$1,589.99","$1,519.99","$1,449.99","$1,379.99","$1,309.99","$1,239.99","$1,169.99","$1,099.99","$1,029.99",$959.99,$929.99,$899.99,$869.99,$839.99,$809.99,$779.99,$749.99,$719.99,$689.99,$659.99,$629.99,$600.00,$619.99,$639.99,$659.99,$679.99,$699.99,"$1,019.99","$1,049.99","$1,079.99","$1,109.99",$504.00,$815.99,"$1,199.99","$1,523.99","$1,427.99","$1,427.99"
Kingston KVR24R17S8/8MA 8 GB,DDR4-2400,1 x 8GB,14.167 ns,17,$9.50,Green,0.0,0,$107.03,$107.67,$108.30,$108.93,$109.57,$110.20,$110.83,$111.47,$112.10,$112.73,$113.37,$114.00,$95.00,$91.20,$87.40,$83.60,$79.80,$76.00,$72.20,$68.40,$64.60,$60.80,$57.00,$53.20,$46.23,$46.87,$47.50,$48.13,$48.77,$49.40,$50.03,$50.67,$51.30,$51.93,$52.57,$53.20,$54.47,$55.73,$57.00,$58.27,$59.53,$60.80,$62.07,$63.33,$64.60,$65.87,$67.13,$68.40,$66.50,$64.60,$62.70,$60.80,$58.90,$57.00,$55.10,$53.20,$51.30,$49.40,$47.50,$45.60,$44.33,$43.07,$41.80,$40.53,$39.27,$38.00,$36.73,$35.47,$34.20,$32.93,$31.67,$30.40,$31.03,$31.67,$32.30,$32.93,$33.57,$34.20,$34.83,$35.47,$36.10,$36.73,$37.37,$38.00,$39.27,$40.53,$41.80,$43.07,$44.33,$64.60,$66.50,$68.40,$70.30,$31.92,$51.68,$76.00,$110.96,$121.60,$110.20
Patriot Signature Line 8 GB,DDR4-2133,1 x 8GB,14.065 ns,15,$6.62,Green,0.0,0,$74.63,$75.07,$75.51,$75.95,$76.39,$76.84,$77.28,$77.72,$78.16,$78.60,$79.04,$79.48,$66.24,$63.59,$60.94,$58.29,$55.64,$52.99,$50.34,$47.69,$45.04,$42.39,$39.74,$37.09,$32.24,$32.68,$33.12,$33.56,$34.00,$34.44,$34.89,$35.33,$35.77,$36.21,$36.65,$37.09,$37.98,$38.86,$39.74,$40.63,$41.51,$42.39,$43.28,$44.16,$45.04,$45.92,$46.81,$47.69,$46.37,$45.04,$43.72,$42.39,$41.07,$39.74,$38.42,$37.09,$35.77,$34.44,$33.12,$31.79,$30.91,$30.03,$29.14,$28.26,$27.38,$26.50,$25.61,$24.73,$23.85,$22.96,$22.08,$21.20,$21.64,$22.08,$22.52,$22.96,$23.40,$23.85,$24.29,$24.73,$25.17,$25.61,$26.05,$26.50,$27.38,$28.26,$29.14,$30.03,$30.91,$45.04,$46.37,$47.69,$49.02,$22.26,$36.03,$52.99,$77.37,$84.78,$76.84
Supermicro MEM-DR432L-HL01-ER26 32 GB,DDR4-2666,1 x 32GB,14.254 ns,19,$4.75,Green / Black,0.0,0,$214.12,$215.39,$216.66,$217.92,$219.19,$220.46,$221.72,$222.99,$224.26,$225.53,$226.79,$228.06,$190.05,$182.45,$174.85,$167.24,$159.64,$152.04,$144.44,$136.84,$129.23,$121.63,$114.03,$106.43,$92.49,$93.76,$95.02,$96.29,$97.56,$98.83,$100.09,$101.36,$102.63,$103.89,$105.16,$106.43,$108.96,$111.50,$114.03,$116.56,$119.10,$121.63,$124.17,$126.70,$129.23,$131.77,$134.30,$136.84,$133.03,$129.23,$125.43,$121.63,$117.83,$114.03,$110.23,$106.43,$102.63,$98.83,$95.02,$91.22,$88.69,$86.16,$83.62,$81.09,$78.55,$76.02,$73.49,$70.95,$68.42,$65.88,$63.35,$60.82,$62.08,$63.35,$64.62,$65.88,$67.15,$68.42,$69.69,$70.95,$72.22,$73.49,$74.75,$76.02,$78.55,$81.09,$83.62,$86.16,$88.69,$129.23,$133.03,$136.84,$140.64,$63.86,$103.39,$152.04,$221.98,$243.26,$220.46
PNY Performance 16 GB,DDR4-2666,1 x 16GB,14.254 ns,19,$6.81,Black,0.0,0,$153.34,$154.25,$155.15,$156.06,$156.97,$157.88,$158.78,$159.69,$160.60,$161.51,$162.41,$163.32,$136.10,$130.66,$125.21,$119.77,$114.32,$108.88,$103.44,$97.99,$92.55,$87.10,$81.66,$76.22,$66.24,$67.14,$68.05,$68.96,$69.86,$70.77,$71.68,$72.59,$73.49,$74.40,$75.31,$76.22,$78.03,$79.85,$81.66,$83.47,$85.29,$87.10,$88.92,$90.73,$92.55,$94.36,$96.18,$97.99,$95.27,$92.55,$89.83,$87.10,$84.38,$81.66,$78.94,$76.22,$73.49,$70.77,$68.05,$65.33,$63.51,$61.70,$59.88,$58.07,$56.25,$54.44,$52.63,$50.81,$49.00,$47.18,$45.37,$43.55,$44.46,$45.37,$46.27,$47.18,$48.09,$49.00,$49.90,$50.81,$51.72,$52.63,$53.53,$54.44,$56.25,$58.07,$59.88,$61.70,$63.51,$92.55,$95.27,$97.99,$100.71,$45.73,$74.04,$108.88,$158.96,$174.21,$157.88
Mushkin Silverline 8 GB,DDR4-2133,1 x 8GB,14.065 ns,15,$20.50,Silver,0.0,0,$230.95,$232.32,$233.69,$235.05,$236.42,$237.79,$239.15,$240.52,$241.89,$243.25,$244.62,$245.99,$204.99,$196.79,$188.59,$180.39,$172.19,$163.99,$155.79,$147.59,$139.39,$131.19,$122.99,$114.79,$99.76,$101.13,$102.49,$103.86,$105.23,$106.59,$107.96,$109.33,$110.69,$112.06,$113.43,$114.79,$117.53,$120.26,$122.99,$125.73,$128.46,$131.19,$133.93,$136.66,$139.39,$142.12,$144.86,$147.59,$143.49,$139.39,$135.29,$131.19,$127.09,$122.99,$118.89,$114.79,$110.69,$106.59,$102.49,$98.39,$95.66,$92.93,$90.19,$87.46,$84.73,$82.00,$79.26,$76.53,$73.80,$71.06,$68.33,$65.60,$66.96,$68.33,$69.70,$71.06,$72.43,$73.80,$75.16,$76.53,$77.90,$79.26,$80.63,$82.00,$84.73,$87.46,$90.19,$92.93,$95.66,$139.39,$143.49,$147.59,$151.69,$68.88,$111.51,$163.99,$239.43,$262.38,$237.79
G.Skill Sniper X 32 GB,DDR4-2400,4 x 8GB,14.167 ns,17,$8.04,Black / White,0.0,0,$362.38,$364.52,$366.67,$368.81,$370.96,$373.10,$375.24,$377.39,$379.53,$381.68,$383.82,$385.97,$321.64,$308.77,$295.91,$283.04,$270.18,$257.31,$244.44,$231.58,$218.71,$205.85,$192.98,$180.12,$156.53,$158.67,$160.82,$162.96,$165.11,$167.25,$169.40,$171.54,$173.68,$175.83,$177.97,$180.12,$184.41,$188.69,$192.98,$197.27,$201.56,$205.85,$210.14,$214.42,$218.71,$223.00,$227.29,$231.58,$225.15,$218.71,$212.28,$205.85,$199.42,$192.98,$186.55,$180.12,$173.68,$167.25,$160.82,$154.39,$150.10,$145.81,$141.52,$137.23,$132.94,$128.66,$124.37,$120.08,$115.79,$111.50,$107.21,$102.92,$105.07,$107.21,$109.36,$111.50,$113.65,$115.79,$117.93,$120.08,$122.22,$124.37,$126.51,$128.66,$132.94,$137.23,$141.52,$145.81,$150.10,$218.71,$225.15,$231.58,$238.01,$108.07,$174.97,$257.31,$375.67,$411.70,$373.10
Crucial CT2K16G4SFD8266 32 GB,DDR4-2666,2 x 16GB,14.254 ns,19,$5.84,Green / Black,0.0,0,$263.34,$264.90,$266.46,$268.02,$269.58,$271.14,$272.69,$274.25,$275.81,$277.37,$278.93,$280.49,$233.74,$224.39,$215.04,$205.69,$196.34,$186.99,$177.64,$168.29,$158.94,$149.59,$140.24,$130.89,$113.75,$115.31,$116.87,$118.43,$119.99,$121.54,$123.10,$124.66,$126.22,$127.78,$129.33,$130.89,$134.01,$137.13,$140.24,$143.36,$146.48,$149.59,$152.71,$155.82,$158.94,$162.06,$165.17,$168.29,$163.62,$158.94,$154.27,$149.59,$144.92,$140.24,$135.57,$130.89,$126.22,$121.54,$116.87,$112.19,$109.08,$105.96,$102.84,$99.73,$96.61,$93.50,$90.38,$87.26,$84.15,$81.03,$77.91,$74.80,$76.35,$77.91,$79.47,$81.03,$82.59,$84.15,$85.70,$87.26,$88.82,$90.38,$91.94,$93.50,$96.61,$99.73,$102.84,$105.96,$109.08,$158.94,$163.62,$168.29,$172.97,$78.54,$127.15,$186.99,$273.01,$299.18,$271.14
Crucial CT16G4SFD8266 16 GB,DDR4-2666,1 x 16GB,14.254 ns,19,$5.57,Green / Black,0.0,0,$125.48,$126.22,$126.97,$127.71,$128.45,$129.19,$129.94,$130.68,$131.42,$132.16,$132.91,$133.65,$111.38,$106.92,$102.47,$98.01,$93.55,$89.10,$84.64,$80.19,$75.73,$71.28,$66.83,$62.37,$54.20,$54.95,$55.69,$56.43,$57.17,$57.91,$58.66,$59.40,$60.14,$60.88,$61.63,$62.37,$63.85,$65.34,$66.82,$68.31,$69.80,$71.28,$72.77,$74.25,$75.73,$77.22,$78.70,$80.19,$77.96,$75.73,$73.51,$71.28,$69.05,$66.82,$64.60,$62.37,$60.14,$57.91,$55.69,$53.46,$51.97,$50.49,$49.00,$47.52,$46.03,$44.55,$43.06,$41.58,$40.09,$38.61,$37.12,$35.64,$36.38,$37.12,$37.87,$38.61,$39.35,$40.09,$40.84,$41.58,$42.32,$43.07,$43.81,$44.55,$46.04,$47.52,$49.01,$50.49,$51.98,$75.73,$77.96,$80.19,$82.42,$37.42,$60.59,$89.10,$130.09,$142.56,$129.19
G.Skill Trident Z5 RGB 48 GB,DDR5-6000,2 x 24GB,13.333 ns,40,$18.56,Black,0.0,0,,,,,,,,,,,,,,,,,,,,,,,,,,,,,,,,,,,,,,,,,,,,,,,"$2,226.67","$2,226.67","$2,152.45","$2,078.23","$2,004.01","$1,929.78","$1,855.56","$1,781.34","$1,707.12","$1,632.89","$1,558.67","$1,484.45","$1,410.23","$1,336.00","$1,284.05","$1,232.09","$1,180.14","$1,128.18","$1,076.23","$1,024.27",$972.31,$920.36,$868.40,$816.45,$764.49,$712.54,$690.27,$668.00,$645.74,$623.47,$601.20,$578.94,$556.67,$534.40,$512.14,$489.87,$467.60,$445.33,$460.18,$475.02,$489.87,$504.71,$519.56,$757.07,$779.34,$801.60,$823.87,$374.08,$605.66,$890.67,"$1,131.15","$1,059.90","$1,059.90"
G.Skill Trident Z 32 GB,DDR4-3300,4 x 8GB,9.697 ns,16,$7.47,Red / Silver,0.0,0,$336.59,$338.58,$340.57,$342.57,$344.56,$346.55,$348.54,$350.53,$352.52,$354.52,$356.51,$358.50,$298.75,$286.80,$274.85,$262.90,$250.95,$239.00,$227.05,$215.10,$203.15,$191.20,$179.25,$167.30,$145.39,$147.38,$149.38,$151.37,$153.36,$155.35,$157.34,$159.33,$161.33,$163.32,$165.31,$167.30,$171.28,$175.27,$179.25,$183.23,$187.22,$191.20,$195.18,$199.17,$203.15,$207.13,$211.12,$215.10,$209.12,$203.15,$197.18,$191.20,$185.22,$179.25,$173.28,$167.30,$161.33,$155.35,$149.38,$143.40,$139.42,$135.43,$131.45,$127.47,$123.48,$119.50,$115.52,$111.53,$107.55,$103.57,$99.58,$95.60,$97.59,$99.58,$101.58,$103.57,$105.56,$107.55,$109.54,$111.53,$113.53,$115.52,$117.51,$119.50,$123.48,$127.47,$131.45,$135.43,$139.42,$203.15,$209.12,$215.10,$221.07,$100.38,$162.52,$239.00,$348.94,$382.40,$346.55
G.Skill Ripjaws 8 GB,DDR4-2666,1 x 8GB,14.254 ns,19,$8.49,Green,0.0,0,$95.70,$96.26,$96.83,$97.40,$97.96,$98.53,$99.09,$99.66,$100.23,$100.79,$101.36,$101.93,$84.94,$81.54,$78.14,$74.75,$71.35,$67.95,$64.55,$61.16,$57.76,$54.36,$50.96,$47.57,$41.34,$41.90,$42.47,$43.03,$43.60,$44.17,$44.73,$45.30,$45.87,$46.43,$47.00,$47.56,$48.70,$49.83,$50.96,$52.09,$53.23,$54.36,$55.49,$56.62,$57.76,$58.89,$60.02,$61.15,$59.46,$57.76,$56.06,$54.36,$52.66,$50.96,$49.26,$47.57,$45.87,$44.17,$42.47,$40.77,$39.64,$38.51,$37.37,$36.24,$35.11,$33.98,$32.84,$31.71,$30.58,$29.44,$28.31,$27.18,$27.75,$28.31,$28.88,$29.45,$30.01,$30.58,$31.14,$31.71,$32.28,$32.84,$33.41,$33.98,$35.11,$36.24,$37.37,$38.51,$39.64,$57.76,$59.46,$61.15,$62.85,$28.54,$46.21,$67.95,$99.21,$108.72,$98.53
Samsung M393A1G43DB0-CPB0 8 GB,DDR4-2133,1 x 8GB,14.065 ns,15,$5.94,Black / Green,0.0,0,$66.90,$67.29,$67.69,$68.08,$68.48,$68.88,$69.27,$69.67,$70.06,$70.46,$70.85,$71.25,$59.38,$57.00,$54.63,$52.25,$49.88,$47.50,$45.12,$42.75,$40.38,$38.00,$35.63,$33.25,$28.90,$29.29,$29.69,$30.08,$30.48,$30.88,$31.27,$31.67,$32.06,$32.46,$32.85,$33.25,$34.04,$34.83,$35.62,$36.42,$37.21,$38.00,$38.79,$39.58,$40.38,$41.17,$41.96,$42.75,$41.56,$40.38,$39.19,$38.00,$36.81,$35.62,$34.44,$33.25,$32.06,$30.88,$29.69,$28.50,$27.71,$26.92,$26.12,$25.33,$24.54,$23.75,$22.96,$22.17,$21.37,$20.58,$19.79,$19.00,$19.40,$19.79,$20.19,$20.58,$20.98,$21.38,$21.77,$22.17,$22.56,$22.96,$23.35,$23.75,$24.54,$25.33,$26.13,$26.92,$27.71,$40.38,$41.56,$42.75,$43.94,$19.95,$32.30,$47.50,$69.35,$76.00,$68.88
Crucial CT8G4RFD8213 8 GB,DDR4-2133,1 x 8GB,14.065 ns,15,$5.00,Black / Green,0.0,0,$56.32,$56.65,$56.99,$57.32,$57.65,$57.99,$58.32,$58.65,$58.99,$59.32,$59.65,$59.98,$49.99,$47.99,$45.99,$43.99,$41.99,$39.99,$37.99,$35.99,$33.99,$31.99,$29.99,$27.99,$24.33,$24.66,$24.99,$25.33,$25.66,$25.99,$26.33,$26.66,$26.99,$27.33,$27.66,$27.99,$28.66,$29.33,$29.99,$30.66,$31.33,$31.99,$32.66,$33.32,$33.99,$34.66,$35.32,$35.99,$34.99,$33.99,$32.99,$31.99,$30.99,$29.99,$28.99,$27.99,$26.99,$25.99,$24.99,$23.99,$23.33,$22.66,$21.99,$21.33,$20.66,$20.00,$19.33,$18.66,$18.00,$17.33,$16.66,$16.00,$16.33,$16.66,$17.00,$17.33,$17.66,$18.00,$18.33,$18.66,$19.00,$19.33,$19.66,$20.00,$20.66,$21.33,$21.99,$22.66,$23.33,$33.99,$34.99,$35.99,$36.99,$16.80,$27.19,$39.99,$58.39,$63.98,$57.99
Kingston KTD-PE426S8/8G 8 GB,DDR4-2666,1 x 8GB,14.254 ns,19,$6.06,Green / Black,0.0,0,$68.26,$68.67,$69.07,$69.47,$69.88,$70.28,$70.69,$71.09,$71.49,$71.90,$72.30,$72.70,$60.59,$58.16,$55.74,$53.32,$50.89,$48.47,$46.05,$43.62,$41.20,$38.78,$36.35,$33.93,$29.49,$29.89,$30.29,$30.70,$31.10,$31.51,$31.91,$32.31,$32.72,$33.12,$33.53,$33.93,$34.74,$35.54,$36.35,$37.16,$37.97,$38.78,$39.58,$40.39,$41.20,$42.01,$42.82,$43.62,$42.41,$41.20,$39.99,$38.78,$37.56,$36.35,$35.14,$33.93,$32.72,$31.51,$30.29,$29.08,$28.27,$27.47,$26.66,$25.85,$25.04,$24.23,$23.43,$22.62,$21.81,$21.00,$20.20,$19.39,$19.79,$20.20,$20.60,$21.00,$21.41,$21.81,$22.22,$22.62,$23.02,$23.43,$23.83,$24.23,$25.04,$25.85,$26.66,$27.47,$28.27,$41.20,$42.41,$43.62,$44.83,$20.36,$32.96,$48.47,$70.77,$77.55,$70.28
G.Skill Ripjaws 16 GB,DDR4-2666,2 x 8GB,14.254 ns,19,$6.87,Green,0.0,0,$154.90,$155.82,$156.74,$157.65,$158.57,$159.49,$160.40,$161.32,$162.24,$163.15,$164.07,$164.98,$137.49,$131.99,$126.49,$120.99,$115.49,$109.99,$104.49,$98.99,$93.49,$87.99,$82.49,$76.99,$66.91,$67.83,$68.74,$69.66,$70.58,$71.49,$72.41,$73.33,$74.24,$75.16,$76.08,$76.99,$78.83,$80.66,$82.49,$84.33,$86.16,$87.99,$89.83,$91.66,$93.49,$95.32,$97.16,$98.99,$96.24,$93.49,$90.74,$87.99,$85.24,$82.49,$79.74,$76.99,$74.24,$71.49,$68.74,$65.99,$64.16,$62.33,$60.49,$58.66,$56.83,$54.99,$53.16,$51.33,$49.50,$47.66,$45.83,$44.00,$44.91,$45.83,$46.75,$47.66,$48.58,$49.50,$50.41,$51.33,$52.25,$53.16,$54.08,$54.99,$56.83,$58.66,$60.49,$62.33,$64.16,$93.49,$96.24,$98.99,$101.74,$46.20,$74.79,$109.99,$160.59,$175.98,$159.49
Kingston FURY Renegade Pro 256 GB,DDR5-4800,8 x 32GB,15 ns,36,,Black,0.0,0,,,,,,,,,,,,,,,,,,,,,,,,,,,,,,,,,,,,,,,,,,,,,,,"$8,999.97","$8,999.97","$8,699.98","$8,399.98","$8,099.98","$7,799.98","$7,499.98","$7,199.98","$6,899.98","$6,599.98","$6,299.98","$5,999.98","$5,699.98","$5,399.98","$5,189.99","$4,979.99","$4,769.99","$4,559.99","$4,349.99","$4,139.99","$3,929.99","$3,719.99","$3,509.99","$3,299.99","$3,089.99","$2,879.99","$2,789.99","$2,699.99","$2,609.99","$2,519.99","$2,429.99","$2,339.99","$2,249.99","$2,159.99","$2,069.99","$1,979.99","$1,889.99","$1,799.99","$1,859.99","$1,919.99","$1,979.99","$2,039.99","$2,099.99","$3,059.99","$3,149.99","$3,239.99","$3,329.99","$1,512.00","$2,447.99","$3,599.99","$4,571.99","$4,283.99","$4,283.99"
Kingston ValueRAM 16 GB,DDR4-2400,1 x 16GB,14.167 ns,17,$8.06,Green,0.0,0,$181.69,$182.76,$183.84,$184.91,$185.99,$187.06,$188.14,$189.21,$190.29,$191.36,$192.44,$193.51,$161.26,$154.81,$148.36,$141.91,$135.46,$129.01,$122.56,$116.11,$109.66,$103.21,$96.76,$90.31,$78.48,$79.56,$80.63,$81.71,$82.78,$83.86,$84.93,$86.01,$87.08,$88.16,$89.23,$90.31,$92.46,$94.61,$96.76,$98.91,$101.06,$103.21,$105.36,$107.51,$109.66,$111.81,$113.96,$116.11,$112.88,$109.66,$106.43,$103.21,$99.98,$96.76,$93.53,$90.31,$87.08,$83.86,$80.63,$77.41,$75.26,$73.11,$70.96,$68.81,$66.66,$64.50,$62.35,$60.20,$58.05,$55.90,$53.75,$51.60,$52.68,$53.75,$54.83,$55.90,$56.98,$58.05,$59.13,$60.20,$61.28,$62.35,$63.43,$64.50,$66.66,$68.81,$70.96,$73.11,$75.26,$109.66,$112.88,$116.11,$119.33,$54.18,$87.73,$129.01,$188.35,$206.42,$187.06
Kingston ValueRAM 8 GB,DDR4-2400,1 x 8GB,14.167 ns,17,$6.25,Green / Black,0.0,0,$70.40,$70.82,$71.24,$71.65,$72.07,$72.49,$72.90,$73.32,$73.74,$74.15,$74.57,$74.98,$62.49,$59.99,$57.49,$54.99,$52.49,$49.99,$47.49,$44.99,$42.49,$39.99,$37.49,$34.99,$30.41,$30.83,$31.24,$31.66,$32.08,$32.49,$32.91,$33.33,$33.74,$34.16,$34.58,$34.99,$35.83,$36.66,$37.49,$38.33,$39.16,$39.99,$40.83,$41.66,$42.49,$43.32,$44.16,$44.99,$43.74,$42.49,$41.24,$39.99,$38.74,$37.49,$36.24,$34.99,$33.74,$32.49,$31.24,$29.99,$29.16,$28.33,$27.49,$26.66,$25.83,$25.00,$24.16,$23.33,$22.50,$21.66,$20.83,$20.00,$20.41,$20.83,$21.25,$21.66,$22.08,$22.50,$22.91,$23.33,$23.75,$24.16,$24.58,$25.00,$25.83,$26.66,$27.49,$28.33,$29.16,$42.49,$43.74,$44.99,$46.24,$21.00,$33.99,$49.99,$72.99,$79.98,$72.49
Crucial CT2K4G4SFS624A 8 GB,DDR4-2400,2 x 4GB,14.167 ns,17,$7.22,Green / Black,0.0,0,$81.39,$81.87,$82.35,$82.83,$83.31,$83.80,$84.28,$84.76,$85.24,$85.72,$86.20,$86.69,$72.24,$69.35,$66.46,$63.57,$60.68,$57.79,$54.90,$52.01,$49.12,$46.23,$43.34,$40.45,$35.16,$35.64,$36.12,$36.60,$37.08,$37.56,$38.05,$38.53,$39.01,$39.49,$39.97,$40.45,$41.42,$42.38,$43.34,$44.31,$45.27,$46.23,$47.20,$48.16,$49.12,$50.08,$51.05,$52.01,$50.57,$49.12,$47.68,$46.23,$44.79,$43.34,$41.90,$40.45,$39.01,$37.56,$36.12,$34.67,$33.71,$32.75,$31.78,$30.82,$29.86,$28.89,$27.93,$26.97,$26.01,$25.04,$24.08,$23.12,$23.60,$24.08,$24.56,$25.04,$25.52,$26.01,$26.49,$26.97,$27.45,$27.93,$28.41,$28.89,$29.86,$30.82,$31.78,$32.75,$33.71,$49.12,$50.57,$52.01,$53.46,$24.27,$39.30,$57.79,$84.37,$92.46,$83.80
Mushkin Redline 16 GB,DDR4-2800,2 x 8GB,12.143 ns,17,$8.87,Black,0.0,0,$199.97,$201.15,$202.34,$203.52,$204.70,$205.89,$207.07,$208.25,$209.44,$210.62,$211.80,$212.99,$177.49,$170.39,$163.29,$156.19,$149.09,$141.99,$134.89,$127.79,$120.69,$113.59,$106.49,$99.39,$86.38,$87.56,$88.74,$89.93,$91.11,$92.29,$93.48,$94.66,$95.84,$97.03,$98.21,$99.39,$101.76,$104.13,$106.49,$108.86,$111.23,$113.59,$115.96,$118.33,$120.69,$123.06,$125.42,$127.79,$124.24,$120.69,$117.14,$113.59,$110.04,$106.49,$102.94,$99.39,$95.84,$92.29,$88.74,$85.19,$82.83,$80.46,$78.09,$75.73,$73.36,$71.00,$68.63,$66.26,$63.90,$61.53,$59.16,$56.80,$57.98,$59.16,$60.35,$61.53,$62.71,$63.90,$65.08,$66.26,$67.45,$68.63,$69.81,$71.00,$73.36,$75.73,$78.09,$80.46,$82.83,$120.69,$124.24,$127.79,$131.34,$59.64,$96.55,$141.99,$207.31,$227.18,$205.89
Mushkin Silverline 16 GB,DDR4-2133,1 x 16GB,14.065 ns,15,$11.56,Silver,0.0,0,$260.53,$262.07,$263.61,$265.15,$266.69,$268.24,$269.78,$271.32,$272.86,$274.40,$275.94,$277.49,$231.24,$221.99,$212.74,$203.49,$194.24,$184.99,$175.74,$166.49,$157.24,$147.99,$138.74,$129.49,$112.54,$114.08,$115.62,$117.16,$118.70,$120.24,$121.79,$123.33,$124.87,$126.41,$127.95,$129.49,$132.58,$135.66,$138.74,$141.83,$144.91,$147.99,$151.08,$154.16,$157.24,$160.32,$163.41,$166.49,$161.87,$157.24,$152.62,$147.99,$143.37,$138.74,$134.12,$129.49,$124.87,$120.24,$115.62,$110.99,$107.91,$104.83,$101.74,$98.66,$95.58,$92.50,$89.41,$86.33,$83.25,$80.16,$77.08,$74.00,$75.54,$77.08,$78.62,$80.16,$81.70,$83.25,$84.79,$86.33,$87.87,$89.41,$90.95,$92.50,$95.58,$98.66,$101.74,$104.83,$107.91,$157.24,$161.87,$166.49,$171.12,$77.70,$125.79,$184.99,$270.09,$295.98,$268.24
V-Color TRA516G72S834Q 64 GB,DDR5-7200,4 x 16GB,9.444 ns,34,$28.13,White,0.0,0,,,,,,,,,,,,,,,,,,,,,,,,,,,,,,,,,,,,,,,,,,,,,,,"$4,499.98","$4,499.98","$4,349.98","$4,199.98","$4,049.98","$3,899.98","$3,749.98","$3,599.98","$3,449.98","$3,299.98","$3,149.98","$2,999.98","$2,849.98","$2,699.99","$2,594.99","$2,489.99","$2,384.99","$2,279.99","$2,174.99","$2,069.99","$1,964.99","$1,859.99","$1,754.99","$1,649.99","$1,544.99","$1,439.99","$1,394.99","$1,349.99","$1,304.99","$1,259.99","$1,214.99","$1,169.99","$1,124.99","$1,079.99","$1,034.99",$989.99,$944.99,$900.00,$929.99,$959.99,$989.99,"$1,019.99","$1,049.99","$1,529.99","$1,574.99","$1,619.99","$1,664.99",$756.00,"$1,223.99","$1,799.99","$2,285.99","$2,141.99","$2,141.99"
G.Skill Ripjaws 32 GB,DDR4-2666,2 x 16GB,13.503 ns,18,$6.56,Black,0.0,0,$295.74,$297.49,$299.24,$300.99,$302.74,$304.49,$306.24,$307.99,$309.74,$311.49,$313.24,$314.99,$262.49,$251.99,$241.49,$230.99,$220.49,$209.99,$199.49,$188.99,$178.49,$167.99,$157.49,$146.99,$127.74,$129.49,$131.24,$132.99,$134.74,$136.49,$138.24,$139.99,$141.74,$143.49,$145.24,$146.99,$150.49,$153.99,$157.49,$160.99,$164.49,$167.99,$171.49,$174.99,$178.49,$181.99,$185.49,$188.99,$183.74,$178.49,$173.24,$167.99,$162.74,$157.49,$152.24,$146.99,$141.74,$136.49,$131.24,$125.99,$122.49,$118.99,$115.49,$111.99,$108.49,$105.00,$101.50,$98.00,$94.50,$91.00,$87.50,$84.00,$85.75,$87.50,$89.25,$91.00,$92.75,$94.50,$96.25,$98.00,$99.75,$101.50,$103.25,$105.00,$108.49,$111.99,$115.49,$118.99,$122.49,$178.49,$183.74,$188.99,$194.24,$88.20,$142.79,$209.99,$306.59,$335.98,$304.49
Crucial CT32G4LFQ4213 32 GB,DDR4-2133,1 x 32GB,14.065 ns,15,$4.97,Black / Green,0.0,0,$223.92,$225.25,$226.57,$227.90,$229.22,$230.55,$231.88,$233.20,$234.52,$235.85,$237.18,$238.50,$198.75,$190.80,$182.85,$174.90,$166.95,$159.00,$151.05,$143.10,$135.15,$127.20,$119.25,$111.30,$96.72,$98.05,$99.38,$100.70,$102.02,$103.35,$104.67,$106.00,$107.33,$108.65,$109.97,$111.30,$113.95,$116.60,$119.25,$121.90,$124.55,$127.20,$129.85,$132.50,$135.15,$137.80,$140.45,$143.10,$139.12,$135.15,$131.18,$127.20,$123.23,$119.25,$115.27,$111.30,$107.33,$103.35,$99.38,$95.40,$92.75,$90.10,$87.45,$84.80,$82.15,$79.50,$76.85,$74.20,$71.55,$68.90,$66.25,$63.60,$64.93,$66.25,$67.58,$68.90,$70.23,$71.55,$72.88,$74.20,$75.53,$76.85,$78.18,$79.50,$82.15,$84.80,$87.45,$90.10,$92.75,$135.15,$139.12,$143.10,$147.07,$66.78,$108.12,$159.00,$232.14,$254.40,$230.55
V-Color TE516G64S832SKK 32 GB,DDR5-6400,2 x 16GB,10 ns,32,$31.41,White,0.0,0,,,,,,,,,,,,,,,,,,,,,,,,,,,,,,,,,,,,,,,,,,,,,,,"$2,512.47","$2,512.47","$2,428.73","$2,344.98","$2,261.23","$2,177.48","$2,093.73","$2,009.98","$1,926.23","$1,842.48","$1,758.73","$1,674.98","$1,591.23","$1,507.49","$1,448.86","$1,390.24","$1,331.61","$1,272.99","$1,214.36","$1,155.74","$1,097.11","$1,038.49",$979.87,$921.24,$862.62,$803.99,$778.87,$753.74,$728.62,$703.49,$678.37,$653.24,$628.12,$602.99,$577.87,$552.74,$527.62,$502.50,$519.24,$535.99,$552.74,$569.49,$586.24,$854.24,$879.37,$904.49,$929.62,$422.10,$683.39,"$1,004.99","$1,276.34","$1,195.94","$1,195.94"
Kingston ValueRAM 16 GB,DDR4-2666,1 x 16GB,14.254 ns,19,$11.86,Green / Black,0.0,0,$267.29,$268.87,$270.45,$272.03,$273.61,$275.20,$276.78,$278.36,$279.94,$281.52,$283.10,$284.69,$237.24,$227.75,$218.26,$208.77,$199.28,$189.79,$180.30,$170.81,$161.32,$151.83,$142.34,$132.85,$115.46,$117.04,$118.62,$120.20,$121.78,$123.36,$124.95,$126.53,$128.11,$129.69,$131.27,$132.85,$136.02,$139.18,$142.34,$145.51,$148.67,$151.83,$155.00,$158.16,$161.32,$164.48,$167.65,$170.81,$166.07,$161.32,$156.58,$151.83,$147.09,$142.34,$137.60,$132.85,$128.11,$123.36,$118.62,$113.87,$110.71,$107.55,$104.38,$101.22,$98.06,$94.89,$91.73,$88.57,$85.41,$82.24,$79.08,$75.92,$77.50,$79.08,$80.66,$82.24,$83.82,$85.41,$86.99,$88.57,$90.15,$91.73,$93.31,$94.89,$98.06,$101.22,$104.38,$107.55,$110.71,$161.32,$166.07,$170.81,$175.56,$79.71,$129.06,$189.79,$277.09,$303.66,$275.20
TEAMGROUP Elite 16 GB,DDR4-2666,2 x 8GB,14.254 ns,19,$7.69,Black,0.0,0,$173.21,$174.24,$175.26,$176.29,$177.31,$178.34,$179.36,$180.39,$181.41,$182.44,$183.46,$184.48,$153.74,$147.59,$141.44,$135.29,$129.14,$122.99,$116.84,$110.69,$104.54,$98.39,$92.24,$86.09,$74.82,$75.84,$76.87,$77.89,$78.92,$79.94,$80.97,$81.99,$83.02,$84.04,$85.07,$86.09,$88.14,$90.19,$92.24,$94.29,$96.34,$98.39,$100.44,$102.49,$104.54,$106.59,$108.64,$110.69,$107.62,$104.54,$101.47,$98.39,$95.32,$92.24,$89.17,$86.09,$83.02,$79.94,$76.87,$73.79,$71.74,$69.69,$67.64,$65.59,$63.54,$61.49,$59.45,$57.40,$55.35,$53.30,$51.25,$49.20,$50.22,$51.25,$52.27,$53.30,$54.32,$55.35,$56.37,$57.40,$58.42,$59.45,$60.47,$61.49,$63.54,$65.59,$67.64,$69.69,$71.74,$104.54,$107.62,$110.69,$113.77,$51.66,$83.63,$122.99,$179.57,$196.78,$178.34
TEAMGROUP Elite 16 GB,DDR4-2666,1 x 16GB,14.254 ns,19,$7.61,Black,0.0,0,$171.42,$172.44,$173.45,$174.47,$175.48,$176.49,$177.51,$178.52,$179.54,$180.55,$181.57,$182.58,$152.15,$146.06,$139.98,$133.89,$127.81,$121.72,$115.63,$109.55,$103.46,$97.38,$91.29,$85.20,$74.05,$75.06,$76.08,$77.09,$78.10,$79.12,$80.13,$81.15,$82.16,$83.18,$84.19,$85.20,$87.23,$89.26,$91.29,$93.32,$95.35,$97.38,$99.40,$101.43,$103.46,$105.49,$107.52,$109.55,$106.50,$103.46,$100.42,$97.38,$94.33,$91.29,$88.25,$85.20,$82.16,$79.12,$76.08,$73.03,$71.00,$68.97,$66.95,$64.92,$62.89,$60.86,$58.83,$56.80,$54.77,$52.75,$50.72,$48.69,$49.70,$50.72,$51.73,$52.75,$53.76,$54.77,$55.79,$56.80,$57.82,$58.83,$59.85,$60.86,$62.89,$64.92,$66.95,$68.97,$71.00,$103.46,$106.50,$109.55,$112.59,$51.12,$82.77,$121.72,$177.71,$194.75,$176.49
Kingston KTH-PL421/8G 8 GB,DDR4-2133,1 x 8GB,14.065 ns,15,$4.07,Green,0.0,0,$45.80,$46.07,$46.34,$46.61,$46.88,$47.15,$47.43,$47.70,$47.97,$48.24,$48.51,$48.78,$40.65,$39.02,$37.40,$35.77,$34.15,$32.52,$30.89,$29.27,$27.64,$26.02,$24.39,$22.76,$19.78,$20.05,$20.33,$20.60,$20.87,$21.14,$21.41,$21.68,$21.95,$22.22,$22.49,$22.76,$23.31,$23.85,$24.39,$24.93,$25.47,$26.02,$26.56,$27.10,$27.64,$28.18,$28.73,$29.27,$28.46,$27.64,$26.83,$26.02,$25.20,$24.39,$23.58,$22.76,$21.95,$21.14,$20.33,$19.51,$18.97,$18.43,$17.89,$17.34,$16.80,$16.26,$15.72,$15.18,$14.63,$14.09,$13.55,$13.01,$13.28,$13.55,$13.82,$14.09,$14.36,$14.63,$14.91,$15.18,$15.45,$15.72,$15.99,$16.26,$16.80,$17.34,$17.89,$18.43,$18.97,$27.64,$28.46,$29.27,$30.08,$13.66,$22.11,$32.52,$47.48,$52.03,$47.15
G.Skill F4-4000C18Q-32GTZ 32 GB,DDR4-4000,4 x 8GB,9 ns,18,$9.34,Gray / Red,0.0,0,$421.09,$423.58,$426.07,$428.57,$431.06,$433.55,$436.04,$438.53,$441.02,$443.52,$446.01,$448.50,$373.75,$358.80,$343.85,$328.90,$313.95,$299.00,$284.05,$269.10,$254.15,$239.20,$224.25,$209.30,$181.89,$184.38,$186.88,$189.37,$191.86,$194.35,$196.84,$199.33,$201.83,$204.32,$206.81,$209.30,$214.28,$219.27,$224.25,$229.23,$234.22,$239.20,$244.18,$249.17,$254.15,$259.13,$264.12,$269.10,$261.62,$254.15,$246.68,$239.20,$231.72,$224.25,$216.78,$209.30,$201.83,$194.35,$186.88,$179.40,$174.42,$169.43,$164.45,$159.47,$154.48,$149.50,$144.52,$139.53,$134.55,$129.57,$124.58,$119.60,$122.09,$124.58,$127.08,$129.57,$132.06,$134.55,$137.04,$139.53,$142.03,$144.52,$147.01,$149.50,$154.48,$159.47,$164.45,$169.43,$174.42,$254.15,$261.62,$269.10,$276.57,$125.58,$203.32,$299.00,$436.54,$478.40,$433.55
TEAMGROUP Elite 8 GB,DDR4-2666,1 x 8GB,14.254 ns,19,$7.75,Black,0.0,0,$87.30,$87.82,$88.34,$88.85,$89.37,$89.89,$90.40,$90.92,$91.44,$91.95,$92.47,$92.98,$77.49,$74.39,$71.29,$68.19,$65.09,$61.99,$58.89,$55.79,$52.69,$49.59,$46.49,$43.39,$37.71,$38.23,$38.74,$39.26,$39.78,$40.29,$40.81,$41.33,$41.84,$42.36,$42.88,$43.39,$44.43,$45.46,$46.49,$47.53,$48.56,$49.59,$50.63,$51.66,$52.69,$53.72,$54.76,$55.79,$54.24,$52.69,$51.14,$49.59,$48.04,$46.49,$44.94,$43.39,$41.84,$40.29,$38.74,$37.19,$36.16,$35.13,$34.09,$33.06,$32.03,$31.00,$29.96,$28.93,$27.90,$26.86,$25.83,$24.80,$25.31,$25.83,$26.35,$26.86,$27.38,$27.90,$28.41,$28.93,$29.45,$29.96,$30.48,$31.00,$32.03,$33.06,$34.09,$35.13,$36.16,$52.69,$54.24,$55.79,$57.34,$26.04,$42.15,$61.99,$90.51,$99.18,$89.89
Crucial CT32G4LFD4266 32 GB,DDR4-2666,1 x 32GB,14.254 ns,19,$7.17,Green / Black,0.0,0,$323.07,$324.98,$326.89,$328.81,$330.72,$332.63,$334.54,$336.45,$338.36,$340.28,$342.19,$344.10,$286.75,$275.28,$263.81,$252.34,$240.87,$229.40,$217.93,$206.46,$194.99,$183.52,$172.05,$160.58,$139.55,$141.46,$143.38,$145.29,$147.20,$149.11,$151.02,$152.93,$154.85,$156.76,$158.67,$160.58,$164.40,$168.23,$172.05,$175.87,$179.70,$183.52,$187.34,$191.17,$194.99,$198.81,$202.64,$206.46,$200.72,$194.99,$189.26,$183.52,$177.78,$172.05,$166.31,$160.58,$154.85,$149.11,$143.38,$137.64,$133.82,$129.99,$126.17,$122.35,$118.52,$114.70,$110.88,$107.05,$103.23,$99.41,$95.58,$91.76,$93.67,$95.58,$97.50,$99.41,$101.32,$103.23,$105.14,$107.05,$108.97,$110.88,$112.79,$114.70,$118.52,$122.35,$126.17,$129.99,$133.82,$194.99,$200.72,$206.46,$212.19,$96.35,$155.99,$229.40,$334.92,$367.04,$332.63
G.Skill Ripjaws 32 GB,DDR5-4800,1 x 32GB,16.667 ns,40,$17.22,Black,0.0,0,,,,,,,,,,,,,,,,,,,,,,,,,,,,,,,,,,,,,,,,,,,,,,,"$1,377.47","$1,377.47","$1,331.56","$1,285.64","$1,239.73","$1,193.81","$1,147.90","$1,101.98","$1,056.06","$1,010.15",$964.23,$918.32,$872.40,$826.49,$794.34,$762.20,$730.06,$697.92,$665.78,$633.64,$601.50,$569.36,$537.22,$505.07,$472.93,$440.79,$427.02,$413.24,$399.47,$385.69,$371.92,$358.14,$344.37,$330.59,$316.82,$303.04,$289.27,$275.50,$284.68,$293.86,$303.04,$312.23,$321.41,$468.34,$482.12,$495.89,$509.67,$231.42,$374.67,$550.99,$699.76,$655.68,$655.68
Mushkin Essentials 4 GB,DDR4-2133,1 x 4GB,14.065 ns,15,$10.75,Black / Green,0.0,0,$60.54,$60.90,$61.26,$61.62,$61.98,$62.34,$62.69,$63.05,$63.41,$63.77,$64.13,$64.48,$53.74,$51.59,$49.44,$47.29,$45.14,$42.99,$40.84,$38.69,$36.54,$34.39,$32.24,$30.09,$26.15,$26.51,$26.87,$27.23,$27.59,$27.94,$28.30,$28.66,$29.02,$29.38,$29.73,$30.09,$30.81,$31.53,$32.24,$32.96,$33.68,$34.39,$35.11,$35.82,$36.54,$37.26,$37.97,$38.69,$37.62,$36.54,$35.47,$34.39,$33.32,$32.24,$31.17,$30.09,$29.02,$27.94,$26.87,$25.79,$25.08,$24.36,$23.64,$22.93,$22.21,$21.50,$20.78,$20.06,$19.35,$18.63,$17.91,$17.20,$17.55,$17.91,$18.27,$18.63,$18.99,$19.35,$19.70,$20.06,$20.42,$20.78,$21.14,$21.50,$22.21,$22.93,$23.64,$24.36,$25.08,$36.54,$37.62,$38.69,$39.77,$18.06,$29.23,$42.99,$62.77,$68.78,$62.34
Crucial CT16G4VFS4266 16 GB,DDR4-2666,1 x 16GB,14.254 ns,19,$8.11,Green / Black,0.0,0,$182.79,$183.87,$184.95,$186.03,$187.11,$188.20,$189.28,$190.36,$191.44,$192.52,$193.60,$194.69,$162.24,$155.75,$149.26,$142.77,$136.28,$129.79,$123.30,$116.81,$110.32,$103.83,$97.34,$90.85,$78.96,$80.04,$81.12,$82.20,$83.28,$84.36,$85.45,$86.53,$87.61,$88.69,$89.77,$90.85,$93.02,$95.18,$97.34,$99.51,$101.67,$103.83,$106.00,$108.16,$110.32,$112.48,$114.65,$116.81,$113.57,$110.32,$107.08,$103.83,$100.59,$97.34,$94.10,$90.85,$87.61,$84.36,$81.12,$77.87,$75.71,$73.55,$71.38,$69.22,$67.06,$64.89,$62.73,$60.57,$58.41,$56.24,$54.08,$51.92,$53.00,$54.08,$55.16,$56.24,$57.32,$58.41,$59.49,$60.57,$61.65,$62.73,$63.81,$64.89,$67.06,$69.22,$71.38,$73.55,$75.71,$110.32,$113.57,$116.81,$120.06,$54.51,$88.26,$129.79,$189.49,$207.66,$188.20
Mushkin Silverline 8 GB,DDR4-2400,1 x 8GB,14.167 ns,17,$8.62,Silver,0.0,0,$97.15,$97.72,$98.30,$98.87,$99.45,$100.02,$100.60,$101.17,$101.75,$102.32,$102.90,$103.47,$86.23,$82.78,$79.33,$75.88,$72.43,$68.98,$65.53,$62.08,$58.63,$55.18,$51.74,$48.29,$41.96,$42.54,$43.11,$43.69,$44.26,$44.84,$45.41,$45.99,$46.56,$47.14,$47.71,$48.29,$49.44,$50.59,$51.73,$52.88,$54.03,$55.18,$56.33,$57.48,$58.63,$59.78,$60.93,$62.08,$60.36,$58.63,$56.91,$55.18,$53.46,$51.73,$50.01,$48.29,$46.56,$44.84,$43.11,$41.39,$40.24,$39.09,$37.94,$36.79,$35.64,$34.49,$33.34,$32.19,$31.04,$29.89,$28.74,$27.59,$28.17,$28.74,$29.32,$29.89,$30.47,$31.04,$31.62,$32.19,$32.77,$33.34,$33.92,$34.49,$35.64,$36.79,$37.94,$39.09,$40.24,$58.63,$60.36,$62.08,$63.81,$28.97,$46.91,$68.98,$100.71,$110.37,$100.02
V-Color TRA516G64S832Q 64 GB,DDR5-6400,4 x 16GB,10 ns,32,$24.06,White,0.0,0,,,,,,,,,,,,,,,,,,,,,,,,,,,,,,,,,,,,,,,,,,,,,,,"$3,849.97","$3,849.97","$3,721.64","$3,593.31","$3,464.98","$3,336.64","$3,208.31","$3,079.98","$2,951.65","$2,823.32","$2,694.98","$2,566.65","$2,438.32","$2,309.99","$2,220.15","$2,130.32","$2,040.49","$1,950.65","$1,860.82","$1,770.99","$1,681.16","$1,591.32","$1,501.49","$1,411.66","$1,321.82","$1,231.99","$1,193.49","$1,154.99","$1,116.49","$1,077.99","$1,039.49","$1,000.99",$962.49,$923.99,$885.49,$846.99,$808.49,$770.00,$795.66,$821.33,$846.99,$872.66,$898.33,"$1,308.99","$1,347.49","$1,385.99","$1,424.49",$646.80,"$1,047.19","$1,539.99","$1,955.79","$1,832.59","$1,832.59"
V-Color TRA532G56S436Q 128 GB,DDR5-5600,4 x 32GB,12.857 ns,36,$21.88,White,0.0,0,,,,,,,,,,,,,,,,,,,,,,,,,,,,,,,,,,,,,,,,,,,,,,,"$6,999.97","$6,999.97","$6,766.64","$6,533.31","$6,299.98","$6,066.64","$5,833.31","$5,599.98","$5,366.65","$5,133.31","$4,899.98","$4,666.65","$4,433.32","$4,199.98","$4,036.65","$3,873.32","$3,709.99","$3,546.65","$3,383.32","$3,219.99","$3,056.66","$2,893.32","$2,729.99","$2,566.66","$2,403.32","$2,239.99","$2,169.99","$2,099.99","$2,029.99","$1,959.99","$1,889.99","$1,819.99","$1,749.99","$1,679.99","$1,609.99","$1,539.99","$1,469.99","$1,399.99","$1,446.66","$1,493.33","$1,539.99","$1,586.66","$1,633.33","$2,379.99","$2,449.99","$2,519.99","$2,589.99","$1,176.00","$1,903.99","$2,799.99","$3,555.99","$3,331.99","$3,331.99"
V-Color TRA516G60S832O 128 GB,DDR5-6000,8 x 16GB,10.667 ns,32,$21.56,Black,0.0,0,,,,,,,,,,,,,,,,,,,,,,,,,,,,,,,,,,,,,,,,,,,,,,,"$6,899.97","$6,899.97","$6,669.98","$6,439.98","$6,209.98","$5,979.98","$5,749.98","$5,519.98","$5,289.98","$5,059.98","$4,829.98","$4,599.98","$4,369.98","$4,139.98","$3,978.99","$3,817.99","$3,656.99","$3,495.99","$3,334.99","$3,173.99","$3,012.99","$2,851.99","$2,690.99","$2,529.99","$2,368.99","$2,207.99","$2,138.99","$2,069.99","$2,000.99","$1,931.99","$1,862.99","$1,793.99","$1,724.99","$1,655.99","$1,586.99","$1,517.99","$1,448.99","$1,379.99","$1,425.99","$1,471.99","$1,517.99","$1,563.99","$1,609.99","$2,345.99","$2,414.99","$2,483.99","$2,552.99","$1,159.20","$1,876.79","$2,759.99","$3,505.19","$3,284.39","$3,284.39"
Kingston FURY Impact 32 GB,DDR4-2666,1 x 32GB,12.003 ns,16,$7.03,Black,0.0,0,$316.88,$318.75,$320.62,$322.50,$324.38,$326.25,$328.12,$330.00,$331.87,$333.75,$335.62,$337.50,$281.25,$270.00,$258.75,$247.50,$236.25,$225.00,$213.75,$202.50,$191.25,$180.00,$168.75,$157.50,$136.88,$138.75,$140.62,$142.50,$144.38,$146.25,$148.12,$150.00,$151.88,$153.75,$155.62,$157.50,$161.25,$165.00,$168.75,$172.50,$176.25,$180.00,$183.75,$187.50,$191.25,$195.00,$198.75,$202.50,$196.88,$191.25,$185.63,$180.00,$174.38,$168.75,$163.12,$157.50,$151.88,$146.25,$140.62,$135.00,$131.25,$127.50,$123.75,$120.00,$116.25,$112.50,$108.75,$105.00,$101.25,$97.50,$93.75,$90.00,$91.88,$93.75,$95.63,$97.50,$99.38,$101.25,$103.13,$105.00,$106.88,$108.75,$110.62,$112.50,$116.25,$120.00,$123.75,$127.50,$131.25,$191.25,$196.88,$202.50,$208.12,$94.50,$153.00,$225.00,$328.50,$360.00,$326.25
Kingston KCP421SS8/8 8 GB,DDR4-2133,1 x 8GB,14.065 ns,15,$5.60,Black / Green,0.0,0,$63.08,$63.45,$63.83,$64.20,$64.57,$64.95,$65.32,$65.69,$66.07,$66.44,$66.81,$67.19,$55.99,$53.75,$51.51,$49.27,$47.03,$44.79,$42.55,$40.31,$38.07,$35.83,$33.59,$31.35,$27.25,$27.62,$27.99,$28.37,$28.74,$29.11,$29.49,$29.86,$30.23,$30.61,$30.98,$31.35,$32.10,$32.85,$33.59,$34.34,$35.09,$35.83,$36.58,$37.32,$38.07,$38.82,$39.56,$40.31,$39.19,$38.07,$36.95,$35.83,$34.71,$33.59,$32.47,$31.35,$30.23,$29.11,$27.99,$26.87,$26.13,$25.38,$24.63,$23.89,$23.14,$22.39,$21.65,$20.90,$20.16,$19.41,$18.66,$17.92,$18.29,$18.66,$19.04,$19.41,$19.78,$20.16,$20.53,$20.90,$21.28,$21.65,$22.02,$22.39,$23.14,$23.89,$24.63,$25.38,$26.13,$38.07,$39.19,$40.31,$41.43,$18.81,$30.46,$44.79,$65.39,$71.66,$64.95
Patriot Viper Steel 16 GB,DDR4-2400,1 x 16GB,15 ns,18,$6.25,Black,0.0,0,$140.82,$141.65,$142.49,$143.32,$144.15,$144.99,$145.82,$146.65,$147.49,$148.32,$149.15,$149.98,$124.99,$119.99,$114.99,$109.99,$104.99,$99.99,$94.99,$89.99,$84.99,$79.99,$74.99,$69.99,$60.83,$61.66,$62.49,$63.33,$64.16,$64.99,$65.83,$66.66,$67.49,$68.33,$69.16,$69.99,$71.66,$73.33,$74.99,$76.66,$78.33,$79.99,$81.66,$83.32,$84.99,$86.66,$88.32,$89.99,$87.49,$84.99,$82.49,$79.99,$77.49,$74.99,$72.49,$69.99,$67.49,$64.99,$62.49,$59.99,$58.33,$56.66,$54.99,$53.33,$51.66,$49.99,$48.33,$46.66,$45.00,$43.33,$41.66,$40.00,$40.83,$41.66,$42.50,$43.33,$44.16,$45.00,$45.83,$46.66,$47.50,$48.33,$49.16,$49.99,$51.66,$53.33,$54.99,$56.66,$58.33,$84.99,$87.49,$89.99,$92.49,$42.00,$67.99,$99.99,$145.99,$159.98,$144.99
PNY MN32GSD43200-TB 32 GB,DDR4-3200,1 x 32GB,13.75 ns,22,$10.21,Black,0.0,0,$460.33,$463.05,$465.78,$468.50,$471.22,$473.95,$476.67,$479.39,$482.12,$484.84,$487.57,$490.29,$408.58,$392.23,$375.89,$359.55,$343.20,$326.86,$310.52,$294.17,$277.83,$261.49,$245.15,$228.80,$198.84,$201.56,$204.29,$207.01,$209.74,$212.46,$215.18,$217.91,$220.63,$223.35,$226.08,$228.80,$234.25,$239.70,$245.15,$250.59,$256.04,$261.49,$266.94,$272.38,$277.83,$283.28,$288.73,$294.17,$286.00,$277.83,$269.66,$261.49,$253.32,$245.15,$236.97,$228.80,$220.63,$212.46,$204.29,$196.12,$190.67,$185.22,$179.77,$174.33,$168.88,$163.43,$157.98,$152.53,$147.09,$141.64,$136.19,$130.74,$133.47,$136.19,$138.92,$141.64,$144.36,$147.09,$149.81,$152.53,$155.26,$157.98,$160.71,$163.43,$168.88,$174.33,$179.77,$185.22,$190.67,$277.83,$286.00,$294.17,$302.35,$137.28,$222.26,$326.86,$477.22,$522.98,$473.95
TEAMGROUP Elite 16 GB,DDR4-3200,2 x 8GB,13.75 ns,22,$7.69,Black,0.0,0,$173.21,$174.24,$175.26,$176.29,$177.31,$178.34,$179.36,$180.39,$181.41,$182.44,$183.46,$184.48,$153.74,$147.59,$141.44,$135.29,$129.14,$122.99,$116.84,$110.69,$104.54,$98.39,$92.24,$86.09,$74.82,$75.84,$76.87,$77.89,$78.92,$79.94,$80.97,$81.99,$83.02,$84.04,$85.07,$86.09,$88.14,$90.19,$92.24,$94.29,$96.34,$98.39,$100.44,$102.49,$104.54,$106.59,$108.64,$110.69,$107.62,$104.54,$101.47,$98.39,$95.32,$92.24,$89.17,$86.09,$83.02,$79.94,$76.87,$73.79,$71.74,$69.69,$67.64,$65.59,$63.54,$61.49,$59.45,$57.40,$55.35,$53.30,$51.25,$49.20,$50.22,$51.25,$52.27,$53.30,$54.32,$55.35,$56.37,$57.40,$58.42,$59.45,$60.47,$61.49,$63.54,$65.59,$67.64,$69.69,$71.74,$104.54,$107.62,$110.69,$113.77,$51.66,$83.63,$122.99,$179.57,$196.78,$178.34
Kingston KVR26S19S8/8 8 GB,DDR4-2666,1 x 8GB,14.254 ns,19,$7.85,Green / Black,0.0,0,$88.43,$88.95,$89.48,$90.00,$90.52,$91.05,$91.57,$92.09,$92.62,$93.14,$93.66,$94.19,$78.49,$75.35,$72.21,$69.07,$65.93,$62.79,$59.65,$56.51,$53.37,$50.23,$47.09,$43.95,$38.20,$38.72,$39.24,$39.77,$40.29,$40.81,$41.34,$41.86,$42.38,$42.91,$43.43,$43.95,$45.00,$46.05,$47.09,$48.14,$49.19,$50.23,$51.28,$52.32,$53.37,$54.42,$55.46,$56.51,$54.94,$53.37,$51.80,$50.23,$48.66,$47.09,$45.52,$43.95,$42.38,$40.81,$39.24,$37.67,$36.63,$35.58,$34.53,$33.49,$32.44,$31.39,$30.35,$29.30,$28.26,$27.21,$26.16,$25.12,$25.64,$26.16,$26.69,$27.21,$27.73,$28.26,$28.78,$29.30,$29.83,$30.35,$30.87,$31.39,$32.44,$33.49,$34.53,$35.58,$36.63,$53.37,$54.94,$56.51,$58.08,$26.37,$42.70,$62.79,$91.67,$100.46,$91.05
Kingston KVR26S19D8/16 16 GB,DDR4-2666,1 x 16GB,14.254 ns,19,$6.08,Green / Black,0.0,0,$137.03,$137.84,$138.65,$139.46,$140.27,$141.08,$141.90,$142.71,$143.52,$144.33,$145.14,$145.95,$121.62,$116.76,$111.90,$107.03,$102.17,$97.30,$92.43,$87.57,$82.71,$77.84,$72.98,$68.11,$59.19,$60.00,$60.81,$61.62,$62.43,$63.24,$64.06,$64.87,$65.68,$66.49,$67.30,$68.11,$69.73,$71.35,$72.97,$74.60,$76.22,$77.84,$79.46,$81.08,$82.70,$84.33,$85.95,$87.57,$85.14,$82.70,$80.27,$77.84,$75.41,$72.97,$70.54,$68.11,$65.68,$63.24,$60.81,$58.38,$56.76,$55.14,$53.51,$51.89,$50.27,$48.65,$47.03,$45.41,$43.78,$42.16,$40.54,$38.92,$39.73,$40.54,$41.35,$42.16,$42.97,$43.78,$44.60,$45.41,$46.22,$47.03,$47.84,$48.65,$50.27,$51.89,$53.52,$55.14,$56.76,$82.70,$85.14,$87.57,$90.00,$40.87,$66.16,$97.30,$142.06,$155.68,$141.08
V-Color TN432G32D822 32 GB,DDR4-3200,1 x 32GB,13.75 ns,22,$6.19,Black,0.0,0,$278.84,$280.49,$282.14,$283.79,$285.44,$287.09,$288.74,$290.39,$292.04,$293.69,$295.34,$296.99,$247.49,$237.59,$227.69,$217.79,$207.89,$197.99,$188.09,$178.19,$168.29,$158.39,$148.49,$138.59,$120.44,$122.09,$123.74,$125.39,$127.04,$128.69,$130.34,$131.99,$133.64,$135.29,$136.94,$138.59,$141.89,$145.19,$148.49,$151.79,$155.09,$158.39,$161.69,$164.99,$168.29,$171.59,$174.89,$178.19,$173.24,$168.29,$163.34,$158.39,$153.44,$148.49,$143.54,$138.59,$133.64,$128.69,$123.74,$118.79,$115.49,$112.19,$108.89,$105.59,$102.29,$99.00,$95.70,$92.40,$89.10,$85.80,$82.50,$79.20,$80.85,$82.50,$84.15,$85.80,$87.45,$89.10,$90.75,$92.40,$94.05,$95.70,$97.35,$99.00,$102.29,$105.59,$108.89,$112.19,$115.49,$168.29,$173.24,$178.19,$183.14,$83.16,$134.63,$197.99,$289.07,$316.78,$287.09
Kingston Impact 16 GB,DDR4-2133,2 x 8GB,12.189 ns,13,$12.50,Black / Silver,0.0,0,$281.65,$283.32,$284.99,$286.65,$288.32,$289.99,$291.65,$293.32,$294.99,$296.65,$298.32,$299.99,$249.99,$239.99,$229.99,$219.99,$209.99,$199.99,$189.99,$179.99,$169.99,$159.99,$149.99,$139.99,$121.66,$123.33,$124.99,$126.66,$128.33,$129.99,$131.66,$133.33,$134.99,$136.66,$138.33,$139.99,$143.33,$146.66,$149.99,$153.33,$156.66,$159.99,$163.33,$166.66,$169.99,$173.32,$176.66,$179.99,$174.99,$169.99,$164.99,$159.99,$154.99,$149.99,$144.99,$139.99,$134.99,$129.99,$124.99,$119.99,$116.66,$113.33,$109.99,$106.66,$103.33,$100.00,$96.66,$93.33,$90.00,$86.66,$83.33,$80.00,$81.66,$83.33,$85.00,$86.66,$88.33,$90.00,$91.66,$93.33,$95.00,$96.66,$98.33,$100.00,$103.33,$106.66,$109.99,$113.33,$116.66,$169.99,$174.99,$179.99,$184.99,$84.00,$135.99,$199.99,$291.99,$319.98,$289.99
Kingston KTH-PL426D8/16G 16 GB,DDR4-2666,1 x 16GB,14.254 ns,19,$8.11,Green / Black,0.0,0,$182.79,$183.87,$184.95,$186.03,$187.11,$188.20,$189.28,$190.36,$191.44,$192.52,$193.60,$194.69,$162.24,$155.75,$149.26,$142.77,$136.28,$129.79,$123.30,$116.81,$110.32,$103.83,$97.34,$90.85,$78.96,$80.04,$81.12,$82.20,$83.28,$84.36,$85.45,$86.53,$87.61,$88.69,$89.77,$90.85,$93.02,$95.18,$97.34,$99.51,$101.67,$103.83,$106.00,$108.16,$110.32,$112.48,$114.65,$116.81,$113.57,$110.32,$107.08,$103.83,$100.59,$97.34,$94.10,$90.85,$87.61,$84.36,$81.12,$77.87,$75.71,$73.55,$71.38,$69.22,$67.06,$64.89,$62.73,$60.57,$58.41,$56.24,$54.08,$51.92,$53.00,$54.08,$55.16,$56.24,$57.32,$58.41,$59.49,$60.57,$61.65,$62.73,$63.81,$64.89,$67.06,$69.22,$71.38,$73.55,$75.71,$110.32,$113.57,$116.81,$120.06,$54.51,$88.26,$129.79,$189.49,$207.66,$188.20
Patriot Viper Steel 16 GB,DDR4-2666,1 x 16GB,13.503 ns,18,$6.56,Silver / Black,0.0,0,$147.86,$148.74,$149.61,$150.49,$151.36,$152.24,$153.11,$153.99,$154.86,$155.74,$156.61,$157.48,$131.24,$125.99,$120.74,$115.49,$110.24,$104.99,$99.74,$94.49,$89.24,$83.99,$78.74,$73.49,$63.87,$64.74,$65.62,$66.49,$67.37,$68.24,$69.12,$69.99,$70.87,$71.74,$72.62,$73.49,$75.24,$76.99,$78.74,$80.49,$82.24,$83.99,$85.74,$87.49,$89.24,$90.99,$92.74,$94.49,$91.87,$89.24,$86.62,$83.99,$81.37,$78.74,$76.12,$73.49,$70.87,$68.24,$65.62,$62.99,$61.24,$59.49,$57.74,$55.99,$54.24,$52.49,$50.75,$49.00,$47.25,$45.50,$43.75,$42.00,$42.87,$43.75,$44.62,$45.50,$46.37,$47.25,$48.12,$49.00,$49.87,$50.75,$51.62,$52.49,$54.24,$55.99,$57.74,$59.49,$61.24,$89.24,$91.87,$94.49,$97.12,$44.10,$71.39,$104.99,$153.29,$167.98,$152.24
Mushkin Redline 32 GB,DDR4-2800,2 x 16GB,12.143 ns,17,$8.50,Black,0.0,0,$383.05,$385.32,$387.59,$389.85,$392.12,$394.39,$396.65,$398.92,$401.19,$403.45,$405.72,$407.99,$339.99,$326.39,$312.79,$299.19,$285.59,$271.99,$258.39,$244.79,$231.19,$217.59,$203.99,$190.39,$165.46,$167.73,$169.99,$172.26,$174.53,$176.79,$179.06,$181.33,$183.59,$185.86,$188.13,$190.39,$194.93,$199.46,$203.99,$208.53,$213.06,$217.59,$222.13,$226.66,$231.19,$235.72,$240.26,$244.79,$237.99,$231.19,$224.39,$217.59,$210.79,$203.99,$197.19,$190.39,$183.59,$176.79,$169.99,$163.19,$158.66,$154.13,$149.59,$145.06,$140.53,$136.00,$131.46,$126.93,$122.40,$117.86,$113.33,$108.80,$111.06,$113.33,$115.60,$117.86,$120.13,$122.40,$124.66,$126.93,$129.20,$131.46,$133.73,$136.00,$140.53,$145.06,$149.59,$154.13,$158.66,$231.19,$237.99,$244.79,$251.59,$114.24,$184.95,$271.99,$397.11,$435.18,$394.39
Kingston FURY Renegade Pro 128 GB,DDR5-5600,8 x 16GB,12.857 ns,36,$6.99,Black,0.0,0,,,,,,,,,,,,,,,,,,,,,,,,,,,,,,,,,,,,,,,,,,,,,,,"$2,236.18","$2,236.18","$2,161.64","$2,087.10","$2,012.56","$1,938.02","$1,863.48","$1,788.94","$1,714.40","$1,639.86","$1,565.32","$1,490.78","$1,416.24","$1,341.70","$1,289.53","$1,237.35","$1,185.17","$1,133.00","$1,080.82","$1,028.64",$976.46,$924.29,$872.11,$819.93,$767.75,$715.58,$693.21,$670.85,$648.49,$626.13,$603.77,$581.41,$559.04,$536.68,$514.32,$491.96,$469.60,$447.24,$462.14,$477.05,$491.96,$506.87,$521.77,$760.30,$782.66,$805.02,$827.38,$375.68,$608.24,$894.47,"$1,135.98","$1,064.42","$1,064.42"
G.Skill Ripjaws 64 GB,DDR5-4800,2 x 32GB,16.667 ns,40,$11.25,Black,0.0,0,,,,,,,,,,,,,,,,,,,,,,,,,,,,,,,,,,,,,,,,,,,,,,,"$1,799.97","$1,799.97","$1,739.98","$1,679.98","$1,619.98","$1,559.98","$1,499.98","$1,439.98","$1,379.98","$1,319.98","$1,259.98","$1,199.98","$1,139.98","$1,079.99","$1,037.99",$995.99,$953.99,$911.99,$869.99,$827.99,$785.99,$743.99,$701.99,$659.99,$617.99,$575.99,$557.99,$539.99,$521.99,$503.99,$485.99,$467.99,$449.99,$431.99,$413.99,$395.99,$377.99,$360.00,$371.99,$383.99,$395.99,$407.99,$419.99,$611.99,$629.99,$647.99,$665.99,$302.40,$489.59,$719.99,$914.39,$856.79,$856.79
Crucial CT16G4VFD4213 16 GB,DDR4-2133,1 x 16GB,14.065 ns,15,$8.11,Black / Green,0.0,0,$182.79,$183.87,$184.95,$186.03,$187.11,$188.20,$189.28,$190.36,$191.44,$192.52,$193.60,$194.69,$162.24,$155.75,$149.26,$142.77,$136.28,$129.79,$123.30,$116.81,$110.32,$103.83,$97.34,$90.85,$78.96,$80.04,$81.12,$82.20,$83.28,$84.36,$85.45,$86.53,$87.61,$88.69,$89.77,$90.85,$93.02,$95.18,$97.34,$99.51,$101.67,$103.83,$106.00,$108.16,$110.32,$112.48,$114.65,$116.81,$113.57,$110.32,$107.08,$103.83,$100.59,$97.34,$94.10,$90.85,$87.61,$84.36,$81.12,$77.87,$75.71,$73.55,$71.38,$69.22,$67.06,$64.89,$62.73,$60.57,$58.41,$56.24,$54.08,$51.92,$53.00,$54.08,$55.16,$56.24,$57.32,$58.41,$59.49,$60.57,$61.65,$62.73,$63.81,$64.89,$67.06,$69.22,$71.38,$73.55,$75.71,$110.32,$113.57,$116.81,$120.06,$54.51,$88.26,$129.79,$189.49,$207.66,$188.20
Kingston KTD-PE421/16G 16 GB,DDR4-2133,1 x 16GB,14.065 ns,15,$8.11,Green,0.0,0,$182.77,$183.85,$184.94,$186.02,$187.10,$188.18,$189.26,$190.34,$191.43,$192.51,$193.59,$194.67,$162.22,$155.74,$149.25,$142.76,$136.27,$129.78,$123.29,$116.80,$110.31,$103.82,$97.34,$90.85,$78.95,$80.03,$81.11,$82.19,$83.28,$84.36,$85.44,$86.52,$87.60,$88.68,$89.76,$90.85,$93.01,$95.17,$97.34,$99.50,$101.66,$103.82,$105.99,$108.15,$110.31,$112.48,$114.64,$116.80,$113.56,$110.31,$107.07,$103.82,$100.58,$97.34,$94.09,$90.85,$87.60,$84.36,$81.11,$77.87,$75.70,$73.54,$71.38,$69.22,$67.05,$64.89,$62.73,$60.56,$58.40,$56.24,$54.07,$51.91,$52.99,$54.08,$55.16,$56.24,$57.32,$58.40,$59.48,$60.56,$61.65,$62.73,$63.81,$64.89,$67.05,$69.22,$71.38,$73.54,$75.71,$110.31,$113.56,$116.80,$120.05,$54.51,$88.25,$129.78,$189.48,$207.65,$188.18
G.Skill Ripjaws 8 GB,DDR4-2400,2 x 4GB,13.333 ns,16,$8.89,Black,0.0,0,$100.20,$100.80,$101.39,$101.98,$102.57,$103.17,$103.76,$104.35,$104.95,$105.54,$106.13,$106.73,$88.94,$85.38,$81.82,$78.27,$74.71,$71.15,$67.59,$64.04,$60.48,$56.92,$53.36,$49.81,$43.28,$43.88,$44.47,$45.06,$45.65,$46.25,$46.84,$47.43,$48.03,$48.62,$49.21,$49.80,$50.99,$52.18,$53.36,$54.55,$55.73,$56.92,$58.11,$59.29,$60.48,$61.66,$62.85,$64.03,$62.26,$60.48,$58.70,$56.92,$55.14,$53.36,$51.58,$49.81,$48.03,$46.25,$44.47,$42.69,$41.50,$40.32,$39.13,$37.95,$36.76,$35.58,$34.39,$33.20,$32.02,$30.83,$29.65,$28.46,$29.05,$29.65,$30.24,$30.83,$31.42,$32.02,$32.61,$33.20,$33.80,$34.39,$34.98,$35.58,$36.76,$37.95,$39.13,$40.32,$41.50,$60.48,$62.26,$64.03,$65.81,$29.88,$48.38,$71.15,$103.88,$113.84,$103.17
G.Skill Ripjaws 8 GB,DDR4-2400,1 x 8GB,13.333 ns,16,$8.34,Black,0.0,0,$93.91,$94.46,$95.02,$95.57,$96.13,$96.69,$97.24,$97.80,$98.35,$98.91,$99.46,$100.02,$83.35,$80.02,$76.68,$73.35,$70.01,$66.68,$63.35,$60.01,$56.68,$53.34,$50.01,$46.68,$40.56,$41.12,$41.68,$42.23,$42.79,$43.34,$43.90,$44.45,$45.01,$45.56,$46.12,$46.68,$47.79,$48.90,$50.01,$51.12,$52.23,$53.34,$54.46,$55.57,$56.68,$57.79,$58.90,$60.01,$58.35,$56.68,$55.01,$53.34,$51.68,$50.01,$48.34,$46.68,$45.01,$43.34,$41.68,$40.01,$38.90,$37.79,$36.67,$35.56,$34.45,$33.34,$32.23,$31.12,$30.01,$28.89,$27.78,$26.67,$27.23,$27.78,$28.34,$28.89,$29.45,$30.01,$30.56,$31.12,$31.67,$32.23,$32.78,$33.34,$34.45,$35.56,$36.67,$37.79,$38.90,$56.68,$58.35,$60.01,$61.68,$28.01,$45.34,$66.68,$97.35,$106.69,$96.69
G.Skill Ripjaws 16 GB,DDR4-2666,1 x 16GB,13.503 ns,18,$15.62,Black,0.0,0,$352.07,$354.15,$356.24,$358.32,$360.40,$362.49,$364.57,$366.65,$368.74,$370.82,$372.90,$374.99,$312.49,$299.99,$287.49,$274.99,$262.49,$249.99,$237.49,$224.99,$212.49,$199.99,$187.49,$174.99,$152.08,$154.16,$156.24,$158.33,$160.41,$162.49,$164.58,$166.66,$168.74,$170.83,$172.91,$174.99,$179.16,$183.33,$187.49,$191.66,$195.83,$199.99,$204.16,$208.32,$212.49,$216.66,$220.82,$224.99,$218.74,$212.49,$206.24,$199.99,$193.74,$187.49,$181.24,$174.99,$168.74,$162.49,$156.24,$149.99,$145.83,$141.66,$137.49,$133.33,$129.16,$125.00,$120.83,$116.66,$112.50,$108.33,$104.16,$100.00,$102.08,$104.16,$106.25,$108.33,$110.41,$112.50,$114.58,$116.66,$118.75,$120.83,$122.91,$125.00,$129.16,$133.33,$137.49,$141.66,$145.83,$212.49,$218.74,$224.99,$231.24,$105.00,$169.99,$249.99,$364.99,$399.98,$362.49
Kingston KSM24RS8/8MEI 8 GB,DDR4-2400,1 x 8GB,14.167 ns,17,$6.78,Green / Black,0.0,0,$76.37,$76.83,$77.28,$77.73,$78.18,$78.63,$79.09,$79.54,$79.99,$80.44,$80.89,$81.34,$67.79,$65.08,$62.36,$59.65,$56.94,$54.23,$51.52,$48.81,$46.10,$43.38,$40.67,$37.96,$32.99,$33.44,$33.89,$34.35,$34.80,$35.25,$35.70,$36.15,$36.61,$37.06,$37.51,$37.96,$38.86,$39.77,$40.67,$41.58,$42.48,$43.38,$44.29,$45.19,$46.10,$47.00,$47.90,$48.81,$47.45,$46.10,$44.74,$43.38,$42.03,$40.67,$39.32,$37.96,$36.61,$35.25,$33.89,$32.54,$31.63,$30.73,$29.83,$28.92,$28.02,$27.11,$26.21,$25.31,$24.40,$23.50,$22.60,$21.69,$22.14,$22.60,$23.05,$23.50,$23.95,$24.40,$24.86,$25.31,$25.76,$26.21,$26.66,$27.11,$28.02,$28.92,$29.83,$30.73,$31.63,$46.10,$47.45,$48.81,$50.16,$22.78,$36.88,$54.23,$79.18,$86.77,$78.63
V-Color TRA516G56S836Q 64 GB,DDR5-5600,4 x 16GB,12.857 ns,36,$20.63,White,0.0,0,,,,,,,,,,,,,,,,,,,,,,,,,,,,,,,,,,,,,,,,,,,,,,,"$3,299.97","$3,299.97","$3,189.98","$3,079.98","$2,969.98","$2,859.98","$2,749.98","$2,639.98","$2,529.98","$2,419.98","$2,309.98","$2,199.98","$2,089.98","$1,979.99","$1,902.99","$1,825.99","$1,748.99","$1,671.99","$1,594.99","$1,517.99","$1,440.99","$1,363.99","$1,286.99","$1,209.99","$1,132.99","$1,055.99","$1,022.99",$989.99,$956.99,$923.99,$890.99,$857.99,$824.99,$791.99,$758.99,$725.99,$692.99,$660.00,$681.99,$703.99,$725.99,$747.99,$769.99,"$1,121.99","$1,154.99","$1,187.99","$1,220.99",$554.40,$897.59,"$1,319.99","$1,676.39","$1,570.79","$1,570.79"
V-Color TRA516G60S832Q 64 GB,DDR5-6000,4 x 16GB,10.667 ns,32,$21.88,White,0.0,0,,,,,,,,,,,,,,,,,,,,,,,,,,,,,,,,,,,,,,,,,,,,,,,"$3,499.97","$3,499.97","$3,383.31","$3,266.64","$3,149.98","$3,033.31","$2,916.65","$2,799.98","$2,683.31","$2,566.65","$2,449.98","$2,333.32","$2,216.65","$2,099.99","$2,018.32","$1,936.65","$1,854.99","$1,773.32","$1,691.65","$1,609.99","$1,528.32","$1,446.66","$1,364.99","$1,283.32","$1,201.66","$1,119.99","$1,084.99","$1,049.99","$1,014.99",$979.99,$944.99,$909.99,$874.99,$839.99,$804.99,$769.99,$734.99,$700.00,$723.33,$746.66,$769.99,$793.33,$816.66,"$1,189.99","$1,224.99","$1,259.99","$1,294.99",$588.00,$951.99,"$1,399.99","$1,777.99","$1,665.99","$1,665.99"
V-Color TRA516G66S834Q 64 GB,DDR5-6600,4 x 16GB,10.303 ns,34,$25.00,White,0.0,0,,,,,,,,,,,,,,,,,,,,,,,,,,,,,,,,,,,,,,,,,,,,,,,"$3,999.97","$3,999.97","$3,866.64","$3,733.31","$3,599.98","$3,466.64","$3,333.31","$3,199.98","$3,066.65","$2,933.32","$2,799.98","$2,666.65","$2,533.32","$2,399.99","$2,306.65","$2,213.32","$2,119.99","$2,026.65","$1,933.32","$1,839.99","$1,746.66","$1,653.32","$1,559.99","$1,466.66","$1,373.32","$1,279.99","$1,239.99","$1,199.99","$1,159.99","$1,119.99","$1,079.99","$1,039.99",$999.99,$959.99,$919.99,$879.99,$839.99,$800.00,$826.66,$853.33,$879.99,$906.66,$933.33,"$1,359.99","$1,399.99","$1,439.99","$1,479.99",$672.00,"$1,087.99","$1,599.99","$2,031.99","$1,903.99","$1,903.99"
V-Color TRA516G70S834Q 64 GB,DDR5-7000,4 x 16GB,9.714 ns,34,$26.88,White,0.0,0,,,,,,,,,,,,,,,,,,,,,,,,,,,,,,,,,,,,,,,,,,,,,,,"$4,299.98","$4,299.98","$4,156.64","$4,013.31","$3,869.98","$3,726.64","$3,583.31","$3,439.98","$3,296.65","$3,153.32","$3,009.98","$2,866.65","$2,723.32","$2,579.99","$2,479.65","$2,379.32","$2,278.99","$2,178.65","$2,078.32","$1,977.99","$1,877.66","$1,777.32","$1,676.99","$1,576.66","$1,476.32","$1,375.99","$1,332.99","$1,289.99","$1,246.99","$1,203.99","$1,160.99","$1,117.99","$1,074.99","$1,031.99",$988.99,$945.99,$902.99,$860.00,$888.66,$917.33,$945.99,$974.66,"$1,003.33","$1,461.99","$1,504.99","$1,547.99","$1,590.99",$722.40,"$1,169.59","$1,719.99","$2,184.39","$2,046.79","$2,046.79"
Kingston FURY Renegade Pro 128 GB,DDR5-6400,8 x 16GB,10 ns,32,$12.31,Black,0.0,0,,,,,,,,,,,,,,,,,,,,,,,,,,,,,,,,,,,,,,,,,,,,,,,"$3,938.72","$3,938.72","$3,807.43","$3,676.14","$3,544.85","$3,413.56","$3,282.27","$3,150.98","$3,019.69","$2,888.40","$2,757.11","$2,625.82","$2,494.53","$2,363.24","$2,271.33","$2,179.43","$2,087.52","$1,995.62","$1,903.72","$1,811.81","$1,719.91","$1,628.01","$1,536.10","$1,444.20","$1,352.30","$1,260.39","$1,221.00","$1,181.62","$1,142.23","$1,102.84","$1,063.46","$1,024.07",$984.68,$945.29,$905.91,$866.52,$827.13,$787.75,$814.00,$840.26,$866.52,$892.78,$919.04,"$1,339.17","$1,378.55","$1,417.94","$1,457.33",$661.71,"$1,071.33","$1,575.49","$2,000.87","$1,874.83","$1,874.83"
V-Color TRA516G56S836O 128 GB,DDR5-5600,8 x 16GB,12.857 ns,36,$20.31,Black,0.0,0,,,,,,,,,,,,,,,,,,,,,,,,,,,,,,,,,,,,,,,,,,,,,,,"$6,499.97","$6,499.97","$6,283.31","$6,066.64","$5,849.98","$5,633.31","$5,416.65","$5,199.98","$4,983.31","$4,766.65","$4,549.98","$4,333.32","$4,116.65","$3,899.98","$3,748.32","$3,596.65","$3,444.99","$3,293.32","$3,141.65","$2,989.99","$2,838.32","$2,686.66","$2,534.99","$2,383.32","$2,231.66","$2,079.99","$2,014.99","$1,949.99","$1,884.99","$1,819.99","$1,754.99","$1,689.99","$1,624.99","$1,559.99","$1,494.99","$1,429.99","$1,364.99","$1,299.99","$1,343.33","$1,386.66","$1,429.99","$1,473.33","$1,516.66","$2,209.99","$2,274.99","$2,339.99","$2,404.99","$1,092.00","$1,767.99","$2,599.99","$3,301.99","$3,093.99","$3,093.99"
V-Color TRA516G64S832O 128 GB,DDR5-6400,8 x 16GB,10 ns,32,$23.75,Black,0.0,0,,,,,,,,,,,,,,,,,,,,,,,,,,,,,,,,,,,,,,,,,,,,,,,"$7,599.97","$7,599.97","$7,346.64","$7,093.31","$6,839.98","$6,586.64","$6,333.31","$6,079.98","$5,826.65","$5,573.31","$5,319.98","$5,066.65","$4,813.32","$4,559.98","$4,382.65","$4,205.32","$4,027.99","$3,850.65","$3,673.32","$3,495.99","$3,318.66","$3,141.32","$2,963.99","$2,786.66","$2,609.32","$2,431.99","$2,355.99","$2,279.99","$2,203.99","$2,127.99","$2,051.99","$1,975.99","$1,899.99","$1,823.99","$1,747.99","$1,671.99","$1,595.99","$1,519.99","$1,570.66","$1,621.33","$1,671.99","$1,722.66","$1,773.33","$2,583.99","$2,659.99","$2,735.99","$2,811.99","$1,276.80","$2,067.19","$3,039.99","$3,860.79","$3,617.59","$3,617.59"
V-Color TRA516G66S834O 128 GB,DDR5-6600,8 x 16GB,10.303 ns,34,$24.69,Black,0.0,0,,,,,,,,,,,,,,,,,,,,,,,,,,,,,,,,,,,,,,,,,,,,,,,"$7,899.97","$7,899.97","$7,636.64","$7,373.31","$7,109.98","$6,846.64","$6,583.31","$6,319.98","$6,056.65","$5,793.32","$5,529.98","$5,266.65","$5,003.32","$4,739.98","$4,555.65","$4,371.32","$4,186.99","$4,002.65","$3,818.32","$3,633.99","$3,449.66","$3,265.32","$3,080.99","$2,896.66","$2,712.32","$2,527.99","$2,448.99","$2,369.99","$2,290.99","$2,211.99","$2,132.99","$2,053.99","$1,974.99","$1,895.99","$1,816.99","$1,737.99","$1,658.99","$1,579.99","$1,632.66","$1,685.33","$1,737.99","$1,790.66","$1,843.33","$2,685.99","$2,764.99","$2,843.99","$2,922.99","$1,327.20","$2,148.79","$3,159.99","$4,013.19","$3,760.39","$3,760.39"
V-Color TRA516G68S834O 128 GB,DDR5-6800,8 x 16GB,10 ns,34,$25.31,Black,0.0,0,,,,,,,,,,,,,,,,,,,,,,,,,,,,,,,,,,,,,,,,,,,,,,,"$8,099.97","$8,099.97","$7,829.98","$7,559.98","$7,289.98","$7,019.98","$6,749.98","$6,479.98","$6,209.98","$5,939.98","$5,669.98","$5,399.98","$5,129.98","$4,859.98","$4,670.99","$4,481.99","$4,292.99","$4,103.99","$3,914.99","$3,725.99","$3,536.99","$3,347.99","$3,158.99","$2,969.99","$2,780.99","$2,591.99","$2,510.99","$2,429.99","$2,348.99","$2,267.99","$2,186.99","$2,105.99","$2,024.99","$1,943.99","$1,862.99","$1,781.99","$1,700.99","$1,619.99","$1,673.99","$1,727.99","$1,781.99","$1,835.99","$1,889.99","$2,753.99","$2,834.99","$2,915.99","$2,996.99","$1,360.80","$2,203.19","$3,239.99","$4,114.79","$3,855.59","$3,855.59"
V-Color TRA516G70S834O 128 GB,DDR5-7000,8 x 16GB,9.714 ns,34,$26.56,Black,0.0,0,,,,,,,,,,,,,,,,,,,,,,,,,,,,,,,,,,,,,,,,,,,,,,,"$8,499.97","$8,499.97","$8,216.64","$7,933.31","$7,649.98","$7,366.64","$7,083.31","$6,799.98","$6,516.65","$6,233.32","$5,949.98","$5,666.65","$5,383.32","$5,099.98","$4,901.65","$4,703.32","$4,504.99","$4,306.65","$4,108.32","$3,909.99","$3,711.66","$3,513.32","$3,314.99","$3,116.66","$2,918.32","$2,719.99","$2,634.99","$2,549.99","$2,464.99","$2,379.99","$2,294.99","$2,209.99","$2,124.99","$2,039.99","$1,954.99","$1,869.99","$1,784.99","$1,699.99","$1,756.66","$1,813.33","$1,869.99","$1,926.66","$1,983.33","$2,889.99","$2,974.99","$3,059.99","$3,144.99","$1,428.00","$2,311.99","$3,399.99","$4,317.99","$4,045.99","$4,045.99"
V-Color TRA532G56S436O 256 GB,DDR5-5600,8 x 32GB,12.857 ns,36,$21.88,Black,0.0,0,,,,,,,,,,,,,,,,,,,,,,,,,,,,,,,,,,,,,,,,,,,,,,,"$13,999.97","$13,999.97","$13,533.31","$13,066.64","$12,599.98","$12,133.31","$11,666.65","$11,199.98","$10,733.31","$10,266.65","$9,799.98","$9,333.32","$8,866.65","$8,399.99","$8,073.32","$7,746.65","$7,419.99","$7,093.32","$6,766.65","$6,439.99","$6,113.32","$5,786.66","$5,459.99","$5,133.32","$4,806.66","$4,479.99","$4,339.99","$4,199.99","$4,059.99","$3,919.99","$3,779.99","$3,639.99","$3,499.99","$3,359.99","$3,219.99","$3,079.99","$2,939.99","$2,799.99","$2,893.33","$2,986.66","$3,079.99","$3,173.33","$3,266.66","$4,759.99","$4,899.99","$5,039.99","$5,179.99","$2,352.00","$3,807.99","$5,599.99","$7,111.99","$6,663.99","$6,663.99"
V-Color TN416G32D822 16 GB,DDR4-3200,1 x 16GB,13.75 ns,22,$6.36,Black,0.0,0,$143.37,$144.22,$145.06,$145.91,$146.76,$147.61,$148.46,$149.31,$150.15,$151.00,$151.85,$152.70,$127.25,$122.16,$117.07,$111.98,$106.89,$101.80,$96.71,$91.62,$86.53,$81.44,$76.35,$71.26,$61.93,$62.78,$63.62,$64.47,$65.32,$66.17,$67.02,$67.87,$68.72,$69.56,$70.41,$71.26,$72.96,$74.65,$76.35,$78.05,$79.74,$81.44,$83.14,$84.83,$86.53,$88.23,$89.92,$91.62,$89.08,$86.53,$83.98,$81.44,$78.89,$76.35,$73.80,$71.26,$68.72,$66.17,$63.62,$61.08,$59.38,$57.69,$55.99,$54.29,$52.60,$50.90,$49.20,$47.51,$45.81,$44.11,$42.42,$40.72,$41.57,$42.42,$43.27,$44.11,$44.96,$45.81,$46.66,$47.51,$48.36,$49.20,$50.05,$50.90,$52.60,$54.29,$55.99,$57.69,$59.38,$86.53,$89.08,$91.62,$94.16,$42.76,$69.22,$101.80,$148.63,$162.88,$147.61
